# data_e pred_e
-290.686710  -291.036903
-290.712905  -291.037736
-290.802226  -291.029333
-290.819121  -291.029026
-290.862223  -291.027627
-290.872716  -291.029517
-290.890540  -291.032821
-290.901454  -291.032129
-290.912590  -291.030614
-290.923993  -291.029034
-290.935484  -291.019864
-290.941760  -291.022119
-290.954230  -291.026137
-290.963635  -291.026823
-290.968257  -291.027283
-336.511349  -338.379534
-336.541234  -338.388001
-336.652408  -338.428478
-336.678148  -338.443254
-336.710037  -338.463959
-336.738453  -338.482901
-336.762247  -338.496148
-336.790945  -338.512914
-336.817361  -338.525399
-336.853164  -338.548220
-336.875539  -338.556620
-336.906517  -338.567884
-336.935104  -338.593221
-336.963111  -338.611918
-337.019242  -338.645766
-276.860772  -278.362693
-276.926437  -278.376311
-277.228211  -278.431242
-277.328560  -278.453667
-277.646778  -278.512806
-277.836003  -278.557728
-278.054802  -278.605450
-278.131770  -278.624106
-278.251211  -278.645775
-278.297511  -278.655061
-278.347373  -278.670553
-278.385128  -278.687755
-278.416694  -278.704392
-278.451098  -278.723031
-278.486750  -278.741205
-213.168805  -212.752350
-213.211987  -212.756564
-213.323841  -212.760758
-213.358559  -212.764173
-213.410437  -212.772793
-213.435219  -212.778796
-213.464810  -212.783460
-213.485344  -212.783936
-213.513727  -212.780712
-213.531212  -212.776344
-213.548581  -212.773715
-213.565278  -212.773919
-213.578513  -212.776615
-213.589730  -212.779990
-213.598389  -212.783676
-188.646227  -189.838921
-188.701064  -189.851837
-188.878574  -189.876585
-188.928101  -189.886627
-189.055665  -189.885839
-189.113138  -189.911415
-189.165854  -189.928259
-189.226919  -189.941204
-189.247513  -189.944609
-189.278092  -189.949445
-189.311745  -189.953311
-189.342791  -189.956031
-189.371399  -189.958789
-189.401668  -189.962452
-189.427078  -189.967142
-104.066684  -103.182305
-104.087347  -103.187212
-104.169492  -103.210785
-104.186615  -103.219223
-104.210003  -103.234555
-104.226572  -103.245629
-104.242297  -103.256521
-104.254155  -103.264246
-104.273498  -103.282532
-104.283063  -103.288805
-104.297689  -103.311224
-104.301348  -103.309299
-104.303539  -103.309674
-104.305881  -103.313455
-104.307395  -103.324985
-305.482541  -304.234499
-305.511735  -304.235580
-305.619591  -304.235394
-305.644271  -304.233579
-305.672271  -304.231678
-305.693605  -304.231305
-305.710962  -304.232326
-305.724613  -304.233934
-305.735998  -304.235848
-305.747556  -304.236048
-305.756216  -304.235231
-305.765766  -304.234752
-305.777699  -304.234789
-305.788240  -304.232425
-305.793574  -304.233272
-93.039840  -92.378853
-93.046498  -92.378165
-93.067324  -92.371526
-93.077084  -92.362212
-93.081127  -92.360781
-93.090825  -92.359222
-93.095013  -92.357155
-93.097777  -92.357215
-93.100623  -92.358562
-93.103871  -92.359931
-93.108031  -92.360582
-93.111476  -92.360208
-93.112645  -92.355748
-93.116719  -92.358600
-93.120171  -92.358744
-177.181157  -175.867310
-177.192727  -175.868131
-177.233549  -175.865654
-177.249445  -175.861716
-177.265636  -175.859031
-177.282490  -175.858178
-177.293904  -175.859408
-177.303758  -175.861372
-177.310357  -175.862206
-177.321741  -175.863199
-177.332404  -175.858124
-177.337180  -175.858999
-177.348915  -175.861203
-177.360313  -175.857486
-177.368849  -175.855137
-333.960304  -333.324479
-333.968082  -333.324908
-333.992048  -333.323844
-334.004694  -333.319761
-334.010364  -333.319616
-334.017762  -333.320872
-334.021162  -333.321038
-334.025009  -333.322168
-334.016702  -333.319217
-334.034361  -333.324449
-334.035862  -333.324977
-334.039218  -333.326426
-334.042710  -333.327266
-334.043978  -333.327359
-333.950942  -333.296890
-286.348956  -285.975115
-286.354492  -285.975588
-286.371617  -285.977419
-286.376864  -285.978242
-286.386450  -285.979984
-286.395554  -285.981516
-286.407272  -285.984383
-286.413636  -285.985503
-286.419471  -285.986710
-286.423676  -285.988071
-286.426842  -285.989228
-286.433742  -285.991782
-286.438575  -285.994752
-286.445939  -285.997271
-286.447233  -285.997917
-287.166650  -286.090332
-287.176155  -286.091255
-287.209651  -286.094440
-287.222176  -286.095257
-287.233010  -286.096019
-287.248503  -286.097789
-287.260261  -286.099120
-287.265727  -286.100147
-287.271760  -286.101569
-287.274022  -286.102190
-287.277165  -286.102898
-287.281597  -286.103351
-287.286317  -286.103916
-287.290373  -286.104521
-287.294541  -286.105004
-193.457504  -191.525554
-193.481351  -191.527237
-193.543410  -191.525088
-193.560041  -191.525460
-193.591116  -191.529627
-193.611564  -191.533178
-193.624715  -191.537769
-193.652933  -191.550039
-193.668265  -191.556523
-193.688889  -191.564964
-193.700562  -191.568093
-193.725480  -191.576196
-193.737100  -191.580857
-193.753711  -191.588244
-193.763057  -191.591672
-265.094566  -265.982416
-265.110851  -265.984285
-265.176755  -265.986325
-265.211934  -265.976622
-265.226955  -265.975579
-265.263518  -265.979928
-265.293634  -265.976797
-265.308559  -265.979532
-265.348409  -265.988111
-265.366133  -265.983649
-265.376520  -265.981815
-265.403457  -265.981215
-265.424407  -265.974579
-265.436102  -265.975958
-265.466859  -265.983429
-108.077097  -108.250592
-108.103180  -108.253311
-108.166079  -108.251470
-108.176657  -108.252177
-108.200430  -108.252803
-108.208150  -108.251862
-108.219309  -108.251100
-108.229930  -108.252269
-108.241053  -108.252942
-108.248776  -108.252862
-108.261894  -108.249086
-108.270641  -108.251592
-108.278666  -108.254714
-108.282271  -108.254946
-108.232804  -108.232208
-266.340884  -266.278879
-266.346427  -266.278737
-266.363320  -266.276695
-266.369756  -266.274231
-266.373269  -266.275029
-266.385450  -266.276969
-266.389736  -266.278751
-266.396033  -266.282301
-266.399467  -266.283893
-266.405767  -266.285145
-266.408885  -266.285422
-266.411921  -266.285454
-266.414292  -266.287026
-266.416749  -266.289693
-266.418960  -266.294240
-286.571513  -285.871908
-286.582223  -285.872319
-286.614014  -285.871305
-286.626690  -285.870169
-286.641340  -285.869798
-286.654265  -285.871639
-286.665954  -285.874519
-286.672137  -285.876365
-286.677796  -285.877713
-286.685093  -285.877367
-286.690231  -285.875815
-286.695070  -285.874209
-286.699970  -285.870663
-286.703074  -285.870752
-286.708590  -285.873315
-185.878948  -185.444558
-185.903869  -185.449382
-185.971141  -185.455618
-185.989630  -185.458006
-186.027002  -185.462213
-186.041330  -185.466742
-186.060946  -185.473344
-186.071899  -185.474661
-186.080431  -185.475439
-186.092128  -185.475927
-186.099125  -185.476250
-186.106923  -185.473993
-186.112077  -185.475519
-186.122359  -185.474435
-186.127715  -185.473737
-196.263448  -196.686496
-196.310628  -196.692569
-196.445577  -196.700980
-196.488956  -196.711656
-196.578431  -196.734846
-196.614503  -196.743863
-196.697203  -196.763789
-196.746673  -196.772346
-196.792814  -196.775969
-196.815210  -196.783159
-196.840030  -196.794672
-196.855784  -196.805875
-196.871444  -196.818439
-196.890219  -196.843422
-196.905726  -196.846029
-92.101008  -91.996860
-92.105823  -91.997108
-92.120136  -91.995816
-92.124805  -91.994657
-92.129896  -91.993433
-92.134517  -91.990324
-92.136784  -91.989555
-92.140246  -91.989032
-92.142274  -91.983840
-92.143487  -91.983470
-92.145209  -91.984781
-92.148138  -91.983768
-92.150537  -91.978685
-92.151828  -91.978837
-92.152589  -91.981537
-178.131024  -179.171363
-178.164869  -179.177593
-178.270096  -179.183541
-178.309447  -179.189404
-178.439139  -179.201700
-178.501359  -179.215952
-178.622749  -179.239931
-178.685450  -179.270577
-178.719963  -179.275814
-178.756936  -179.277527
-178.773997  -179.280804
-178.804744  -179.282625
-178.821561  -179.281873
-178.839780  -179.277579
-178.851757  -179.274836
-97.278934  -97.382286
-97.289125  -97.382933
-97.326591  -97.375059
-97.334064  -97.375381
-97.353976  -97.371771
-97.360563  -97.374076
-97.367432  -97.375052
-97.370679  -97.375332
-97.374366  -97.374169
-97.377146  -97.373928
-97.382264  -97.370526
-97.385979  -97.371442
-97.390703  -97.372479
-97.383918  -97.363397
-97.395244  -97.370697
-287.293757  -286.286355
-287.302824  -286.287081
-287.342314  -286.287803
-287.352421  -286.286927
-287.363304  -286.285521
-287.374812  -286.283372
-287.380760  -286.282539
-287.386538  -286.282253
-287.389509  -286.281333
-287.394809  -286.279491
-287.396862  -286.278272
-287.401570  -286.273418
-287.403263  -286.273886
-287.405347  -286.274342
-287.407497  -286.274048
-252.964447  -253.071046
-252.972997  -253.070772
-253.010535  -253.060953
-253.021882  -253.058025
-253.049087  -253.052804
-253.063977  -253.046613
-253.071847  -253.044905
-253.084725  -253.048327
-253.099293  -253.045317
-253.107490  -253.043047
-253.125278  -253.035330
-253.134278  -253.029199
-253.144662  -253.021458
-253.152956  -253.022486
-253.161717  -253.027110
-191.483315  -191.217847
-191.530572  -191.226021
-191.651583  -191.237202
-191.674635  -191.239994
-191.731451  -191.241764
-191.751278  -191.247769
-191.776340  -191.253521
-191.794785  -191.255140
-191.814831  -191.255053
-191.826118  -191.254646
-191.839341  -191.252436
-191.848044  -191.253362
-191.862788  -191.256070
-191.870579  -191.256785
-191.880227  -191.258686
-154.133828  -155.506495
-154.152924  -155.505632
-154.213762  -155.487680
-154.228275  -155.478908
-154.243479  -155.474928
-154.258649  -155.471780
-154.264557  -155.477460
-154.275890  -155.486901
-154.282382  -155.490731
-154.288118  -155.491262
-154.298577  -155.489694
-154.304781  -155.489655
-154.313546  -155.490679
-154.318619  -155.492711
-154.323718  -155.496368
-204.756179  -206.527565
-204.807276  -206.529831
-204.942489  -206.512286
-204.976033  -206.512388
-205.059783  -206.494918
-205.088267  -206.508464
-205.128269  -206.522828
-205.160167  -206.520787
-205.193493  -206.503786
-205.209640  -206.503767
-205.248381  -206.496549
-205.264545  -206.496102
-205.288821  -206.495943
-205.304624  -206.495019
-205.319792  -206.492087
-322.092219  -324.054035
-322.113096  -324.059404
-322.207602  -324.092211
-322.226447  -324.107155
-322.236501  -324.117988
-322.255974  -324.139292
-322.273935  -324.193900
-322.282486  -324.193038
-322.310666  -324.217091
-322.322360  -324.241773
-322.340352  -324.295377
-322.363389  -324.357137
-322.415449  -324.503685
-322.433849  -324.637275
-322.516693  -324.638947
-92.996274  -92.372713
-92.998909  -92.372895
-93.007900  -92.372347
-93.013496  -92.369628
-93.016015  -92.369606
-93.018325  -92.370025
-93.020312  -92.369112
-93.022769  -92.368018
-93.024136  -92.366971
-92.981058  -92.338041
-93.024973  -92.365167
-93.025528  -92.365303
-93.026343  -92.367059
-280.926926  -283.656005
-280.981969  -283.666373
-281.135512  -283.692676
-281.184055  -283.701577
-281.387179  -283.738723
-281.492063  -283.762832
-281.651079  -283.804059
-281.727419  -283.825541
-281.822219  -283.859092
-281.862501  -283.875876
-281.902651  -283.884518
-281.956433  -283.902452
-281.976865  -283.911871
-282.005760  -283.926496
-282.030245  -283.984975
-254.202616  -253.151009
-254.215810  -253.152397
-254.271068  -253.153003
-254.293857  -253.149050
-254.311519  -253.151412
-254.333417  -253.159364
-254.342105  -253.164927
-254.346856  -253.168910
-254.352741  -253.171888
-254.358150  -253.174190
-254.363827  -253.174495
-254.365886  -253.173917
-254.369306  -253.174169
-254.374531  -253.174657
-254.377754  -253.175812
-72.833858  -73.423131
-72.841706  -73.423113
-72.858039  -73.419194
-72.861234  -73.416718
-72.863301  -73.416861
-72.827120  -73.386413
-72.874693  -73.417543
-72.876772  -73.418715
-72.879948  -73.423270
-72.882880  -73.423201
-72.887619  -73.421427
-72.889797  -73.420850
-72.892407  -73.420299
-72.892646  -73.421250
-72.894267  -73.423054
-214.693241  -213.627915
-214.739448  -213.631997
-214.867272  -213.631221
-214.899033  -213.633573
-214.965839  -213.640293
-214.987019  -213.644690
-215.036049  -213.651594
-215.053310  -213.653851
-215.083901  -213.654714
-215.097995  -213.654543
-215.121518  -213.655358
-215.136861  -213.657919
-215.147139  -213.659007
-215.158198  -213.663291
-215.169907  -213.667568
-188.387092  -190.064680
-188.440259  -190.072825
-188.547079  -190.081939
-188.578221  -190.085578
-188.702525  -190.087047
-188.731599  -190.092658
-188.811359  -190.095900
-188.840306  -190.095747
-188.885827  -190.085947
-188.906493  -190.093239
-188.942102  -190.100823
-188.961379  -190.105786
-188.991668  -190.108604
-189.008629  -190.112696
-189.031545  -190.115074
-213.220650  -213.025681
-213.280845  -213.033997
-213.418013  -213.030869
-213.459328  -213.031791
-213.534253  -213.015162
-213.551155  -213.022891
-213.574118  -213.031310
-213.583578  -213.027332
-213.593204  -213.020363
-213.598897  -213.018286
-213.608147  -213.017142
-213.615071  -213.019886
-213.620415  -213.025140
-213.625013  -213.028421
-213.628065  -213.030057
-97.599719  -97.493704
-97.602680  -97.493194
-97.613689  -97.487436
-97.615627  -97.485317
-97.619052  -97.485168
-97.459272  -97.407238
-97.627031  -97.482852
-97.628527  -97.484477
-97.630894  -97.485985
-97.631725  -97.486529
-97.630569  -97.485041
-97.634850  -97.485502
-97.636043  -97.484357
-97.637032  -97.483799
-97.639903  -97.481094
-306.039851  -304.096798
-306.046527  -304.097931
-306.077563  -304.105109
-306.089628  -304.109328
-306.101667  -304.112867
-306.116818  -304.115747
-306.127191  -304.116297
-306.133238  -304.115493
-306.136948  -304.113778
-306.139474  -304.113427
-306.141923  -304.113670
-306.145719  -304.114535
-306.146647  -304.114796
-306.149202  -304.114745
-306.151044  -304.114435
-275.754485  -274.923326
-275.787747  -274.929240
-275.913837  -274.940702
-275.954685  -274.930494
-275.980071  -274.930412
-276.058200  -274.936564
-276.083240  -274.943688
-276.104964  -274.956267
-276.134592  -274.972526
-276.159306  -274.984135
-276.176869  -274.990334
-276.186569  -274.993324
-276.198814  -274.997220
-276.212689  -275.000735
-276.224087  -275.005949
-193.184443  -191.733308
-193.216730  -191.733868
-193.307466  -191.715800
-193.327348  -191.714828
-193.376970  -191.702580
-193.390642  -191.711119
-193.413120  -191.719161
-193.427888  -191.722617
-193.437124  -191.721318
-193.445636  -191.718524
-193.451265  -191.716710
-193.456683  -191.718554
-193.460424  -191.721708
-193.463845  -191.725204
-193.466385  -191.726448
-152.217524  -151.321607
-152.236755  -151.326129
-152.291579  -151.334195
-152.318237  -151.335290
-152.340939  -151.338176
-152.363418  -151.344582
-152.382472  -151.349619
-152.393529  -151.353315
-152.414076  -151.359401
-152.429002  -151.361681
-152.440141  -151.363080
-152.451281  -151.365137
-152.464028  -151.365142
-152.471422  -151.366696
-152.480989  -151.371366
-96.014699  -96.798297
-96.017397  -96.798762
-96.022712  -96.799737
-96.024281  -96.800246
-96.025251  -96.800848
-96.026890  -96.801376
-96.028503  -96.801647
-96.029320  -96.801478
-96.002475  -96.788221
-96.030309  -96.800681
-96.031026  -96.800598
-155.951922  -155.838514
-155.973907  -155.844738
-156.032526  -155.857708
-156.045214  -155.860398
-156.068023  -155.866993
-156.092317  -155.872989
-156.105677  -155.876881
-156.139794  -155.885767
-156.155914  -155.887990
-156.168816  -155.889988
-156.190568  -155.893410
-156.209277  -155.896299
-156.227814  -155.900309
-156.247687  -155.906496
-156.271460  -155.915448
-97.677537  -97.514854
-97.681896  -97.515914
-97.694323  -97.519062
-97.696617  -97.519438
-97.702143  -97.519298
-97.703641  -97.518453
-97.705251  -97.518212
-97.706354  -97.516863
-97.707272  -97.517443
-97.708349  -97.519420
-97.709171  -97.519050
-97.710762  -97.517795
-97.711294  -97.518146
-97.712817  -97.519431
-97.714473  -97.520030
-292.083344  -291.895937
-292.115872  -291.898163
-292.210345  -291.899116
-292.251801  -291.894333
-292.309260  -291.886849
-292.379269  -291.875800
-292.429566  -291.872637
-292.485453  -291.874173
-292.521880  -291.876212
-292.562728  -291.878125
-292.605250  -291.877622
-292.646236  -291.881376
-292.694609  -291.884088
-292.721875  -291.885920
-292.742890  -291.885767
-251.392382  -252.452272
-251.409459  -252.454632
-251.463672  -252.452261
-251.474672  -252.452646
-251.496355  -252.458364
-251.520450  -252.455772
-251.529418  -252.454669
-251.552767  -252.454933
-251.567222  -252.445174
-251.575462  -252.447884
-251.588148  -252.458893
-251.597553  -252.459084
-251.620436  -252.457315
-251.633833  -252.445674
-251.643366  -252.447935
-185.155744  -186.554825
-185.219222  -186.560741
-185.318022  -186.559659
-185.331276  -186.562375
-185.378184  -186.580189
-185.385116  -186.588347
-185.386684  -186.589737
-185.391556  -186.593676
-185.393169  -186.593155
-185.395004  -186.592247
-185.395907  -186.593430
-185.396672  -186.595723
-185.397742  -186.597312
-185.401183  -186.601156
-185.402143  -186.603519
-181.398977  -180.513697
-181.430586  -180.520301
-181.525992  -180.536545
-181.557178  -180.542721
-181.606440  -180.555719
-181.640679  -180.565878
-181.676960  -180.575124
-181.704208  -180.579809
-181.726648  -180.581546
-181.737617  -180.581263
-181.745604  -180.580762
-181.753553  -180.580320
-181.761471  -180.582843
-181.772294  -180.588498
-181.776903  -180.592233
-262.614297  -264.679533
-262.640693  -264.684933
-262.749638  -264.702231
-262.796436  -264.702119
-262.820913  -264.703457
-262.912736  -264.703463
-262.942201  -264.705486
-262.982340  -264.710665
-263.010810  -264.716452
-263.056636  -264.725665
-263.085214  -264.729093
-263.114802  -264.736282
-263.151742  -264.746848
-263.192164  -264.761295
-263.241843  -264.781975
-317.926617  -319.078532
-317.962319  -319.087377
-318.064572  -319.104616
-318.097005  -319.107249
-318.148990  -319.111976
-318.186603  -319.116489
-318.220522  -319.121582
-318.252979  -319.125104
-318.279420  -319.126484
-318.304779  -319.127333
-318.329072  -319.127293
-318.347276  -319.128001
-318.362809  -319.129653
-318.375471  -319.130953
-318.389121  -319.133064
-291.960596  -291.798337
-291.982334  -291.800184
-292.053201  -291.803267
-292.075383  -291.802646
-292.109250  -291.801299
-292.139785  -291.795893
-292.152095  -291.795165
-292.173568  -291.795542
-292.185255  -291.793294
-292.196211  -291.791666
-292.205143  -291.792251
-292.214101  -291.794542
-292.222130  -291.796392
-292.225124  -291.797703
-292.229630  -291.798145
-279.158480  -279.551453
-279.166472  -279.552178
-279.188643  -279.553611
-279.193561  -279.554146
-279.197978  -279.555474
-279.202776  -279.557575
-279.208917  -279.563317
-279.210894  -279.563126
-279.214867  -279.564945
-279.216704  -279.566129
-279.219497  -279.568249
-279.221290  -279.569522
-279.223900  -279.571774
-279.224213  -279.575563
-279.226219  -279.573923
-163.510450  -163.007020
-163.536277  -163.015258
-163.593000  -163.031858
-163.613861  -163.037112
-163.636286  -163.041903
-163.656938  -163.044708
-163.681804  -163.046142
-163.705144  -163.046657
-163.726825  -163.045939
-163.744246  -163.047279
-163.773950  -163.047711
-163.793433  -163.050845
-163.828538  -163.051673
-163.845999  -163.057402
-163.886403  -163.060621
-252.642733  -252.691700
-252.687717  -252.700002
-252.796707  -252.717067
-252.825991  -252.721249
-252.880188  -252.731684
-252.921734  -252.742161
-252.953742  -252.752919
-252.993106  -252.769424
-253.017455  -252.781367
-253.038990  -252.791930
-253.059987  -252.803483
-253.081013  -252.816214
-253.101971  -252.830520
-253.114192  -252.838797
-253.124544  -252.845749
-272.285415  -272.422660
-272.313738  -272.426750
-272.381466  -272.433977
-272.396501  -272.435431
-272.427541  -272.439445
-272.450231  -272.443649
-272.475947  -272.449811
-272.500095  -272.457373
-272.520270  -272.465851
-272.544577  -272.477830
-272.569279  -272.488724
-272.616074  -272.507266
-272.661163  -272.522028
-272.717828  -272.543616
-272.750387  -272.558587
-290.377461  -291.172434
-290.432801  -291.178488
-290.596388  -291.188327
-290.640580  -291.191471
-290.709155  -291.196775
-290.755426  -291.199712
-290.805504  -291.203448
-290.850824  -291.206444
-290.879371  -291.208183
-290.902359  -291.209741
-290.923275  -291.211724
-290.948201  -291.213408
-290.968840  -291.214289
-290.988620  -291.213472
-291.003815  -291.213588
-311.367965  -311.792603
-311.416046  -311.800934
-311.551791  -311.808867
-311.585192  -311.803843
-311.658285  -311.788126
-311.708930  -311.778988
-311.746832  -311.778804
-311.776207  -311.781923
-311.809346  -311.783954
-311.845120  -311.782385
-311.876440  -311.779289
-311.903181  -311.777345
-311.931684  -311.772218
-311.956005  -311.777368
-311.988291  -311.783538
-288.186805  -288.142901
-288.237785  -288.159185
-288.424774  -288.199345
-288.456648  -288.199985
-288.531170  -288.201159
-288.583965  -288.199733
-288.619665  -288.206370
-288.661098  -288.219751
-288.700226  -288.235671
-288.739308  -288.252026
-288.767500  -288.266991
-288.798425  -288.281981
-288.818575  -288.292560
-288.839132  -288.300542
-288.850846  -288.307017
-166.111343  -167.170201
-166.143458  -167.178330
-166.239584  -167.197109
-166.265134  -167.201468
-166.327931  -167.203446
-166.345367  -167.201208
-166.380495  -167.172523
-166.407755  -167.185520
-166.432503  -167.188694
-166.456356  -167.183250
-166.475308  -167.179262
-166.498354  -167.171642
-166.510533  -167.175124
-166.541494  -167.175919
-166.557350  -167.186557
-81.297475  -80.614627
-81.303850  -80.616755
-81.319464  -80.621655
-81.323037  -80.622926
-81.327362  -80.624710
-81.330118  -80.625775
-81.332183  -80.626543
-81.334629  -80.627476
-81.336867  -80.628183
-81.340986  -80.629466
-81.343740  -80.630278
-81.347098  -80.631574
-81.351187  -80.633479
-81.355940  -80.636473
-81.358246  -80.637861
-102.305215  -102.796805
-102.308227  -102.796103
-102.316526  -102.790856
-102.318897  -102.788396
-102.320772  -102.784983
-102.322470  -102.784073
-102.324046  -102.778363
-102.325396  -102.780746
-102.326284  -102.781388
-102.327967  -102.781179
-102.328103  -102.775819
-102.329787  -102.777721
-102.330780  -102.777252
-102.331044  -102.777876
-102.331846  -102.777322
-332.493133  -332.421554
-332.523546  -332.428740
-332.627801  -332.447011
-332.651280  -332.449497
-332.694010  -332.453857
-332.721913  -332.455897
-332.749096  -332.456629
-332.773646  -332.457520
-332.794093  -332.461591
-332.824084  -332.465544
-332.842471  -332.469690
-332.865720  -332.475769
-332.887720  -332.481382
-332.909314  -332.486952
-332.926695  -332.492310
-327.426628  -326.861363
-327.443232  -326.862276
-327.500938  -326.856498
-327.513277  -326.853472
-327.529510  -326.852962
-327.549060  -326.848499
-327.557877  -326.852183
-327.572754  -326.861410
-327.582294  -326.862981
-327.589565  -326.862323
-327.597758  -326.861356
-327.604726  -326.862248
-327.611259  -326.865529
-327.616470  -326.867418
-327.621875  -326.868956
-92.630256  -92.322632
-92.665142  -92.329256
-92.740537  -92.332910
-92.756098  -92.334472
-92.786434  -92.332564
-92.796850  -92.334408
-92.822348  -92.338569
-92.831538  -92.338738
-92.836799  -92.339232
-92.840782  -92.341217
-92.847390  -92.342774
-92.852441  -92.345546
-92.858768  -92.347670
-92.864414  -92.349926
-92.869403  -92.351952
-151.682916  -150.398155
-151.703030  -150.403505
-151.769827  -150.415744
-151.787364  -150.419371
-151.825944  -150.428904
-151.839178  -150.433341
-151.855245  -150.440385
-151.877883  -150.451936
-151.904750  -150.471615
-151.918737  -150.477843
-151.945477  -150.486435
-151.971783  -150.501072
-152.031910  -150.538385
-152.050700  -150.559151
-152.080866  -150.565541
-271.876464  -272.702608
-271.966990  -272.720490
-272.231156  -272.760394
-272.317142  -272.771572
-272.484413  -272.790046
-272.596210  -272.803314
-272.759579  -272.820489
-272.834613  -272.842140
-272.937766  -272.867188
-272.985665  -272.880237
-273.025839  -272.884417
-273.071499  -272.891633
-273.126586  -272.899855
-273.195235  -272.913766
-273.248582  -272.924889
-251.405084  -253.059766
-251.418973  -253.060042
-251.462810  -253.054194
-251.485882  -253.036756
-251.497046  -253.032314
-251.515149  -253.033491
-251.528913  -253.021321
-251.538552  -253.018022
-251.552882  -253.019126
-251.569007  -253.008100
-251.583782  -252.996441
-251.604062  -252.974200
-251.619437  -252.957757
-251.650197  -252.935882
-251.683685  -252.903515
-202.333967  -202.049540
-202.367564  -202.052600
-202.444266  -202.052224
-202.464950  -202.054424
-202.515869  -202.058040
-202.529551  -202.064974
-202.550514  -202.076879
-202.561952  -202.082152
-202.573100  -202.085425
-202.580901  -202.087787
-202.590455  -202.092634
-202.597704  -202.097945
-202.606887  -202.105024
-202.614890  -202.112538
-202.622323  -202.117956
-305.975576  -304.224369
-306.003513  -304.226559
-306.106840  -304.233397
-306.129528  -304.234424
-306.153984  -304.235216
-306.171963  -304.235350
-306.186239  -304.235335
-306.200492  -304.235706
-306.212047  -304.235418
-306.217612  -304.235487
-306.224512  -304.235978
-306.231993  -304.236461
-306.238762  -304.237329
-306.244023  -304.238435
-306.249470  -304.239654
-279.187228  -279.524555
-279.195998  -279.525652
-279.226120  -279.528281
-279.237304  -279.528294
-279.246468  -279.528542
-279.260100  -279.528863
-279.266141  -279.528397
-279.271990  -279.527056
-279.276429  -279.526007
-279.280452  -279.523597
-279.283719  -279.522199
-279.287962  -279.521688
-279.292617  -279.521623
-279.294843  -279.520684
-279.296823  -279.521971
-96.798935  -97.234849
-96.809191  -97.237971
-96.836553  -97.246457
-96.845007  -97.248472
-96.856210  -97.249605
-96.865583  -97.248874
-96.874062  -97.247188
-96.881948  -97.245754
-96.888538  -97.245525
-96.896561  -97.245750
-96.902300  -97.246826
-96.908887  -97.247612
-96.912560  -97.245697
-96.915751  -97.247314
-96.918956  -97.248261
-265.574033  -266.114326
-265.586872  -266.114276
-265.644046  -266.099611
-265.654743  -266.093349
-265.674191  -266.087209
-265.694298  -266.072336
-265.704093  -266.070742
-265.719171  -266.078104
-265.733523  -266.074652
-265.749952  -266.059626
-265.760528  -266.051932
-265.777984  -266.037974
-265.790779  -266.033658
-265.802201  -266.040320
-265.814758  -266.035538
-266.103870  -266.375266
-266.126258  -266.379866
-266.209542  -266.394970
-266.224767  -266.396418
-266.255160  -266.399879
-266.269172  -266.401739
-266.287503  -266.403618
-266.307579  -266.405674
-266.330267  -266.406965
-266.346925  -266.409241
-266.373266  -266.414752
-266.401068  -266.416782
-266.420134  -266.418316
-266.445986  -266.421198
-266.461550  -266.426615
-83.469159  -84.319046
-83.492335  -84.319980
-83.552397  -84.305832
-83.563314  -84.311367
-83.582081  -84.315621
-83.591615  -84.315844
-83.598391  -84.316432
-83.608683  -84.316615
-83.613012  -84.318360
-83.619639  -84.320793
-83.622900  -84.321696
-83.628350  -84.321866
-83.632184  -84.323128
-83.635754  -84.323596
-83.638513  -84.324042
-91.501415  -91.894525
-91.510564  -91.895223
-91.534367  -91.893976
-91.543747  -91.893502
-91.556824  -91.893393
-91.564212  -91.895657
-91.570666  -91.897139
-91.572960  -91.897812
-91.577402  -91.896520
-91.580421  -91.894200
-91.583343  -91.893441
-91.587414  -91.892599
-91.591167  -91.891768
-91.594945  -91.893383
-91.601029  -91.895750
-86.883069  -86.476858
-86.894192  -86.477167
-86.932136  -86.471176
-86.941016  -86.467058
-86.950104  -86.465702
-86.960723  -86.463691
-86.964402  -86.465144
-86.967801  -86.468859
-86.970123  -86.468270
-86.972993  -86.467552
-86.978455  -86.464821
-86.980058  -86.464910
-86.984337  -86.466894
-86.986704  -86.466827
-86.990403  -86.466892
-92.962066  -92.364598
-92.969119  -92.364742
-92.994157  -92.363463
-93.006291  -92.357532
-93.009456  -92.358872
-93.017186  -92.361714
-93.021541  -92.360724
-93.023569  -92.360145
-93.026228  -92.360572
-93.028942  -92.359664
-93.031422  -92.359788
-92.817816  -92.277581
-93.035242  -92.358606
-93.035995  -92.358347
-93.037217  -92.359036
-97.737883  -97.457146
-97.740303  -97.457051
-97.747433  -97.455658
-97.749321  -97.454683
-97.750991  -97.454193
-97.752465  -97.455169
-97.754750  -97.456932
-97.755525  -97.457410
-97.749986  -97.457006
-97.756253  -97.458135
-97.756618  -97.458026
-162.956611  -163.945360
-163.010176  -163.948312
-163.157792  -163.961769
-163.245720  -163.975568
-163.340343  -164.001639
-163.403745  -164.028108
-163.474481  -164.056605
-163.523267  -164.069928
-163.587336  -164.096693
-163.634916  -164.118348
-163.696665  -164.161375
-163.733102  -164.191146
-163.770198  -164.219212
-163.800249  -164.240263
-163.825362  -164.257956
-289.401002  -290.997587
-289.470614  -291.013491
-289.794884  -291.114348
-289.905514  -291.161048
-290.140043  -291.276622
-290.265482  -291.315041
-290.443621  -291.345674
-290.519265  -291.363191
-290.694796  -291.399948
-290.799698  -291.429226
-290.950516  -291.479434
-291.063484  -291.522886
-291.193690  -291.546735
-291.276096  -291.557875
-291.349804  -291.561895
-183.257797  -180.943184
-183.270770  -180.945775
-183.298537  -180.949140
-183.308003  -180.950141
-183.328256  -180.952349
-183.339109  -180.953296
-183.349514  -180.954496
-183.360974  -180.956796
-183.371737  -180.959091
-183.375775  -180.960406
-183.382817  -180.963231
-183.387276  -180.964936
-183.391650  -180.966731
-183.393433  -180.967255
-183.395718  -180.967603
-289.833576  -291.249561
-289.863545  -291.250952
-289.966310  -291.246769
-289.999607  -291.239988
-290.031534  -291.235628
-290.061531  -291.235224
-290.079453  -291.238074
-290.092584  -291.241894
-290.108604  -291.246028
-290.121651  -291.248647
-290.134501  -291.249333
-290.144357  -291.248558
-290.158848  -291.246260
-290.169926  -291.243891
-290.178168  -291.240823
-305.456484  -304.187968
-305.490996  -304.190616
-305.609986  -304.199233
-305.634190  -304.201137
-305.661507  -304.203090
-305.686293  -304.204320
-305.704023  -304.204911
-305.719454  -304.205621
-305.733395  -304.205940
-305.740835  -304.207001
-305.750521  -304.209317
-305.756439  -304.211604
-305.764457  -304.214870
-305.770905  -304.219740
-305.774302  -304.220124
-267.285346  -266.855358
-267.288235  -266.856615
-267.300227  -266.862366
-267.310005  -266.871035
-267.315256  -266.873319
-267.323602  -266.875665
-267.329218  -266.880871
-267.332653  -266.884068
-267.339416  -266.887867
-267.346723  -266.894033
-267.350501  -266.903585
-267.355374  -266.900936
-267.358580  -266.899922
-267.363051  -266.902503
-267.364821  -266.902815
-149.587523  -150.026923
-149.644343  -150.052156
-149.784268  -150.113135
-149.824726  -150.131366
-149.884070  -150.160876
-149.905122  -150.170695
-149.941892  -150.187666
-149.971309  -150.200714
-149.996375  -150.210257
-150.027997  -150.221256
-150.054160  -150.230002
-150.080909  -150.238287
-150.103131  -150.244554
-150.128489  -150.251433
-150.160777  -150.261428
-108.495452  -108.179871
-108.496699  -108.180577
-108.499431  -108.183287
-97.744280  -97.456379
-97.745887  -97.456403
-97.751418  -97.455271
-97.752420  -97.455062
-97.754044  -97.455414
-97.755434  -97.455879
-97.756426  -97.456499
-97.757394  -97.457711
-97.757954  -97.458665
-97.758104  -97.458909
-212.098021  -212.553697
-212.152161  -212.557421
-212.309591  -212.545030
-212.344111  -212.553564
-212.417334  -212.563921
-212.433210  -212.567165
-212.465901  -212.567422
-212.489464  -212.576032
-212.500264  -212.580166
-212.530673  -212.589754
-212.548913  -212.594526
-212.565676  -212.596775
-212.578045  -212.597235
-212.570311  -212.581699
-212.606728  -212.597561
-193.680607  -191.893217
-193.721474  -191.900165
-193.853216  -191.915761
-193.878413  -191.919202
-193.942895  -191.925509
-193.965205  -191.926818
-194.008382  -191.920079
-194.027628  -191.923674
-194.057516  -191.922895
-194.069875  -191.923154
-194.094615  -191.915790
-194.103871  -191.918258
-194.115567  -191.914550
-194.123166  -191.914644
-194.138201  -191.914095
-72.508280  -73.290085
-72.516436  -73.291651
-72.549345  -73.295150
-72.559400  -73.293795
-72.569375  -73.294689
-72.598053  -73.299703
-72.625302  -73.306380
-72.647040  -73.313984
-72.669395  -73.324305
-72.690712  -73.336069
-72.707271  -73.344983
-72.719373  -73.350314
-72.732732  -73.356094
-72.742317  -73.360227
-72.751084  -73.363820
-97.751417  -97.457063
-97.752253  -97.456971
-97.754300  -97.456563
-97.755481  -97.454486
-97.756311  -97.455206
-97.756849  -97.456628
-97.757289  -97.456344
-335.289793  -333.942294
-335.300225  -333.942987
-335.330598  -333.941800
-335.339595  -333.940496
-335.349712  -333.940384
-335.358841  -333.941913
-335.366308  -333.943877
-335.370164  -333.945846
-335.377094  -333.949042
-335.381341  -333.950802
-335.385867  -333.951681
-335.391344  -333.952257
-335.395469  -333.952371
-335.397180  -333.952886
-335.399614  -333.953668
-338.635879  -338.849225
-338.670210  -338.854932
-338.763444  -338.868499
-338.790888  -338.871063
-338.846586  -338.876076
-338.910760  -338.875591
-338.933669  -338.877284
-338.986931  -338.879651
-339.001631  -338.879852
-339.025473  -338.882457
-339.042719  -338.885258
-339.056954  -338.889142
-339.070233  -338.894438
-339.083062  -338.898945
-339.092634  -338.901661
-323.516274  -324.850985
-323.555925  -324.856104
-323.655825  -324.854780
-323.678814  -324.852036
-323.754211  -324.842340
-323.809127  -324.836421
-323.854340  -324.836112
-323.890657  -324.839658
-323.929207  -324.842718
-323.966677  -324.844437
-324.000330  -324.840912
-324.026029  -324.841580
-324.062783  -324.843925
-324.096400  -324.849848
-324.133878  -324.855566
-266.478885  -266.958308
-266.502101  -266.962625
-266.582490  -266.974204
-266.610396  -266.975115
-266.631728  -266.977719
-266.670070  -266.985186
-266.692844  -266.986233
-266.704990  -266.989424
-266.732852  -266.994984
-266.756048  -266.996209
-266.775510  -266.997095
-266.828769  -266.996295
-266.853808  -266.997651
-266.893558  -266.988507
-266.918068  -266.994710
-266.733599  -266.697488
-266.744136  -266.699786
-266.780146  -266.705858
-266.793515  -266.706427
-266.800002  -266.707339
-266.810614  -266.705454
-266.819986  -266.710018
-266.824152  -266.711457
-266.830970  -266.714267
-266.838991  -266.716940
-266.843625  -266.718473
-266.846918  -266.718848
-266.853666  -266.718939
-266.857545  -266.719523
-266.863907  -266.720360
-181.506686  -180.633822
-181.538939  -180.637173
-181.662127  -180.629996
-181.708041  -180.625690
-181.795891  -180.613458
-181.833042  -180.621508
-181.889412  -180.627863
-181.910231  -180.633401
-181.944635  -180.629299
-181.960130  -180.631378
-181.996657  -180.627648
-182.018756  -180.633310
-182.052375  -180.632720
-182.065741  -180.635435
-182.090257  -180.639785
-181.958935  -180.681603
-181.985599  -180.684895
-182.087621  -180.682715
-182.107551  -180.688097
-182.157619  -180.693509
-182.180229  -180.689960
-182.201572  -180.686593
-182.230092  -180.681793
-182.247824  -180.682267
-182.266142  -180.682989
-182.278322  -180.686370
-182.294899  -180.688252
-182.303548  -180.690843
-182.315624  -180.691931
-182.323602  -180.693521
-97.617403  -97.519586
-97.620949  -97.519831
-97.633940  -97.519024
-97.638707  -97.517853
-97.644031  -97.516661
-97.650436  -97.514851
-97.654143  -97.515865
-97.657818  -97.517339
-97.659058  -97.516847
-97.660014  -97.516663
-97.661114  -97.517281
-97.662151  -97.516626
-97.663598  -97.516439
-97.665313  -97.515970
-97.664205  -97.512791
-211.413875  -212.101262
-211.465747  -212.101925
-211.599852  -212.085053
-211.635577  -212.085683
-211.761169  -212.077856
-211.797604  -212.081176
-211.906591  -212.069152
-211.947548  -212.076421
-212.016190  -212.072594
-212.049685  -212.069837
-212.107916  -212.061441
-212.138883  -212.063406
-212.189461  -212.050824
-212.216906  -212.058619
-212.283192  -212.070087
-316.674796  -318.494936
-316.724375  -318.500024
-316.822082  -318.491589
-316.858431  -318.491416
-316.998471  -318.474544
-317.032169  -318.474965
-317.097638  -318.467061
-317.139219  -318.467100
-317.205353  -318.452394
-317.246257  -318.447337
-317.303692  -318.426088
-317.357951  -318.424420
-317.415107  -318.414172
-317.443867  -318.429053
-317.471883  -318.439432
-191.533407  -191.244285
-191.616172  -191.256348
-191.797379  -191.254977
-191.838377  -191.252294
-191.965237  -191.219571
-192.006060  -191.218539
-192.099254  -191.171534
-192.135821  -191.188992
-192.174791  -191.188879
-192.200809  -191.171580
-192.235044  -191.141634
-192.261888  -191.124004
-192.286061  -191.102100
-192.298057  -191.107319
-192.316743  -191.110591
-97.577184  -97.502895
-97.583257  -97.504175
-97.603251  -97.506563
-97.608576  -97.506958
-97.615304  -97.507023
-97.620768  -97.505666
-97.622722  -97.504790
-97.626025  -97.504166
-97.628579  -97.502516
-97.630808  -97.503057
-97.634118  -97.505673
-97.636302  -97.506228
-97.639854  -97.505862
-97.639989  -97.501176
-97.644759  -97.504271
-305.200636  -304.149747
-305.230942  -304.151162
-305.360169  -304.155311
-305.396614  -304.157114
-305.429185  -304.160586
-305.457358  -304.164411
-305.476456  -304.167110
-305.492764  -304.169621
-305.506880  -304.171053
-305.515364  -304.171244
-305.520230  -304.171243
-305.527058  -304.171150
-305.530809  -304.171799
-305.539090  -304.172932
-305.543475  -304.173967
-201.658052  -204.659545
-201.747540  -204.672686
-201.912146  -204.675157
-201.961836  -204.675262
-202.043476  -204.672883
-202.073911  -204.675752
-202.107583  -204.679762
-202.126132  -204.684728
-202.151571  -204.691324
-202.164712  -204.695289
-202.184457  -204.699925
-202.193793  -204.698881
-202.203156  -204.699202
-202.219644  -204.696028
-202.228695  -204.693316
-86.978588  -87.766746
-86.995271  -87.769361
-87.032790  -87.769757
-87.055205  -87.768141
-87.075867  -87.765787
-87.085412  -87.764302
-87.092362  -87.760698
-87.096162  -87.760431
-87.100713  -87.759653
-87.102902  -87.756628
-87.105165  -87.755629
-87.096837  -87.734998
-87.110290  -87.751081
-87.111423  -87.754368
-87.112952  -87.754989
-258.329624  -259.203861
-258.367159  -259.214785
-258.463412  -259.237556
-258.511878  -259.244162
-258.540171  -259.249733
-258.605623  -259.258938
-258.632447  -259.259588
-258.672383  -259.262119
-258.707689  -259.265202
-258.737962  -259.270868
-258.765473  -259.276336
-258.784189  -259.280795
-258.814098  -259.289144
-258.841483  -259.298968
-258.863466  -259.308837
-146.513239  -148.639472
-146.636030  -148.623048
-146.671329  -148.614288
-146.722870  -148.608831
-146.765844  -148.621201
-146.814885  -148.646928
-146.841008  -148.662824
-146.880318  -148.679548
-146.923778  -148.687298
-146.983785  -148.686055
-147.027234  -148.683634
-147.079765  -148.678835
-147.118377  -148.681013
-147.180565  -148.689836
-79.457575  -79.618119
-79.470830  -79.621605
-79.517544  -79.631578
-79.535811  -79.631908
-79.544505  -79.632102
-79.560428  -79.630934
-79.565991  -79.628829
-79.571305  -79.628202
-79.482690  -79.558468
-79.582871  -79.622974
-79.585600  -79.620880
-79.590519  -79.619421
-79.597769  -79.610908
-79.599832  -79.611058
-79.603340  -79.614978
-87.468589  -86.955547
-87.472547  -86.956004
-87.486309  -86.956503
-87.493339  -86.955566
-87.496686  -86.956130
-87.506331  -86.957931
-87.511848  -86.957928
-87.514580  -86.958663
-87.519590  -86.956433
-87.522626  -86.959119
-87.524945  -86.960018
-87.527464  -86.961391
-87.533029  -86.963544
-87.535440  -86.963846
-87.540719  -86.964047
-213.865565  -217.535126
-213.929276  -217.541798
-214.098015  -217.538963
-214.132948  -217.545007
-214.219739  -217.551846
-214.240558  -217.553394
-214.280668  -217.542023
-214.306319  -217.552941
-214.325170  -217.555634
-214.360253  -217.551294
-214.385635  -217.551113
-214.459038  -217.530412
-214.490577  -217.544787
-214.532692  -217.556196
-214.585679  -217.564950
-178.691742  -179.259368
-178.716881  -179.264214
-178.793034  -179.274577
-178.815724  -179.276875
-178.879605  -179.280870
-178.909850  -179.288138
-178.954258  -179.297790
-178.974772  -179.301648
-179.013928  -179.309020
-179.036567  -179.315108
-179.070748  -179.324075
-179.085195  -179.327898
-179.107000  -179.334249
-179.119575  -179.337861
-179.142525  -179.348256
-299.023071  -300.249705
-299.047343  -300.252808
-299.137654  -300.247232
-299.160816  -300.243761
-299.204907  -300.241208
-299.230960  -300.244225
-299.254445  -300.251571
-299.272405  -300.262025
-299.291442  -300.273028
-299.301955  -300.276829
-299.312635  -300.277471
-299.322419  -300.278061
-299.335500  -300.271543
-299.345918  -300.280287
-299.356704  -300.290150
-173.495806  -173.777114
-173.515829  -173.780382
-173.556525  -173.781286
-173.571296  -173.782674
-173.610666  -173.783005
-173.621974  -173.784552
-173.640539  -173.784520
-173.649021  -173.783936
-173.664063  -173.782296
-173.678914  -173.775739
-173.694303  -173.770733
-173.715494  -173.763840
-173.729510  -173.758150
-173.742767  -173.758588
-173.757962  -173.753182
-326.587212  -326.652512
-326.609056  -326.655447
-326.681782  -326.659267
-326.699201  -326.659637
-326.725229  -326.663902
-326.750556  -326.659732
-326.769279  -326.668381
-326.779912  -326.672670
-326.793386  -326.676972
-326.802903  -326.678841
-326.812919  -326.680559
-326.824162  -326.682306
-326.830520  -326.683604
-326.835264  -326.684916
-326.839937  -326.685697
-199.384400  -201.052272
-199.443248  -201.058985
-199.594475  -201.056048
-199.619797  -201.055063
-199.680592  -201.045954
-199.701876  -201.047484
-199.741253  -201.041239
-199.756885  -201.046367
-199.781822  -201.046851
-199.794534  -201.045811
-199.808307  -201.044927
-199.819671  -201.043949
-199.826735  -201.043926
-199.834627  -201.044038
-199.842344  -201.046127
-246.885490  -246.521365
-246.904444  -246.522938
-246.972708  -246.519305
-247.001837  -246.502935
-247.018947  -246.497244
-247.060413  -246.485893
-247.082038  -246.486284
-247.111806  -246.489049
-247.135227  -246.482415
-247.150466  -246.483208
-247.173708  -246.476391
-247.185223  -246.479692
-247.207650  -246.484839
-247.220178  -246.480411
-247.234442  -246.467838
-286.719411  -285.941026
-286.732250  -285.943152
-286.774305  -285.949189
-286.784276  -285.950032
-286.797708  -285.951041
-286.808690  -285.950917
-286.814420  -285.951311
-286.823749  -285.951413
-286.826930  -285.950620
-286.830822  -285.949968
-286.832758  -285.949098
-286.835449  -285.946519
-286.837704  -285.946854
-286.841033  -285.947681
-286.842579  -285.948527
-264.873574  -265.966975
-264.889785  -265.970760
-264.938152  -265.982608
-264.953339  -265.986210
-264.970698  -265.990255
-264.993358  -265.994947
-265.005092  -265.996626
-265.018733  -265.996962
-265.033844  -265.992651
-265.042234  -265.993064
-265.055347  -265.992078
-265.062213  -265.990057
-265.069362  -265.990046
-265.077474  -265.991402
-265.082532  -265.990794
-276.550553  -277.586402
-276.586977  -277.593079
-276.706050  -277.609607
-276.745465  -277.608985
-276.782111  -277.606873
-276.834600  -277.605524
-276.873287  -277.607510
-276.904910  -277.612813
-276.942412  -277.620059
-276.976789  -277.626571
-277.007579  -277.632739
-277.037256  -277.637805
-277.064726  -277.641313
-277.090099  -277.643801
-277.109840  -277.646092
-333.803831  -333.392774
-333.822104  -333.393612
-333.888667  -333.389798
-333.906505  -333.384617
-333.921994  -333.382441
-333.934366  -333.383833
-333.945594  -333.387472
-333.954179  -333.391027
-333.963905  -333.395597
-333.972611  -333.398108
-333.982259  -333.399492
-333.987583  -333.399328
-333.998178  -333.398819
-334.003636  -333.398672
-334.009472  -333.399137
-97.398626  -97.370189
-97.401087  -97.370396
-97.407152  -97.370304
-97.409160  -97.370309
-97.410786  -97.370917
-97.401316  -97.368055
-97.414213  -97.372092
-97.414844  -97.372192
-97.416887  -97.372543
-97.417669  -97.372484
-97.417803  -97.372845
-97.415121  -97.372050
-97.419595  -97.373357
-97.420634  -97.373232
-97.420872  -97.373474
-253.157291  -253.204831
-253.165311  -253.206204
-253.196066  -253.208683
-253.204195  -253.204912
-253.208775  -253.204773
-253.220472  -253.208827
-253.230202  -253.208911
-253.236025  -253.209270
-253.244355  -253.210890
-253.251108  -253.210459
-253.258772  -253.211192
-253.266901  -253.211596
-253.269135  -253.212609
-253.268078  -253.216546
-253.277283  -253.217350
-259.637005  -259.196099
-259.655214  -259.199804
-259.705896  -259.205775
-259.721995  -259.206373
-259.748391  -259.207236
-259.764610  -259.209837
-259.789215  -259.216035
-259.808120  -259.222135
-259.828494  -259.230098
-259.846528  -259.235822
-259.868125  -259.242145
-259.886862  -259.247939
-259.904009  -259.253088
-259.925054  -259.262755
-259.939523  -259.272038
-97.590890  -97.654431
-97.608800  -97.656521
-97.665295  -97.655567
-97.677710  -97.657324
-97.703991  -97.661387
-97.719303  -97.661372
-97.737315  -97.662489
-97.763922  -97.664142
-97.778011  -97.664594
-97.790893  -97.661736
-97.801104  -97.659541
-97.818564  -97.658781
-97.834228  -97.652293
-97.843389  -97.651941
-97.857218  -97.646399
-92.843353  -92.404205
-92.846549  -92.404676
-92.860545  -92.405869
-92.863941  -92.406256
-92.869302  -92.407147
-92.878533  -92.406944
-92.880566  -92.407029
-92.887084  -92.406660
-92.893719  -92.403633
-92.897636  -92.401970
-92.905036  -92.398243
-92.907045  -92.399720
-92.909535  -92.401576
-92.911131  -92.401260
-92.913831  -92.400188
-97.659818  -97.514194
-97.661574  -97.514519
-97.666276  -97.515257
-97.669257  -97.515446
-97.670783  -97.514998
-97.671725  -97.515118
-97.673002  -97.514960
-329.470457  -331.409198
-329.500437  -331.416721
-329.596463  -331.440125
-329.623153  -331.446420
-329.658709  -331.456061
-329.696271  -331.468323
-329.729733  -331.480279
-329.765659  -331.492337
-329.806808  -331.505058
-329.845016  -331.515154
-329.885875  -331.525172
-329.924475  -331.533038
-329.973182  -331.541036
-330.012782  -331.544810
-330.067236  -331.548797
-97.659396  -97.516847
-97.662290  -97.517241
-97.671576  -97.517759
-97.675990  -97.516781
-97.678305  -97.517147
-97.681597  -97.517496
-97.683482  -97.517491
-97.684292  -97.517677
-97.684814  -97.516017
-97.686083  -97.517102
-97.687377  -97.517498
-97.688619  -97.517741
-97.690200  -97.517953
-97.690189  -97.516950
-97.692361  -97.518072
-160.384685  -161.793001
-160.408794  -161.801341
-160.479517  -161.826426
-160.492846  -161.830516
-160.506957  -161.833957
-160.518404  -161.835192
-160.531133  -161.836512
-160.542514  -161.838902
-160.550873  -161.843365
-160.561045  -161.852460
-160.568562  -161.862293
-160.572333  -161.864753
-160.580294  -161.867000
-160.586361  -161.870323
-160.592485  -161.874062
-219.069621  -218.748309
-219.118965  -218.752047
-219.236468  -218.746242
-219.270160  -218.746903
-219.334594  -218.744442
-219.349416  -218.747177
-219.381871  -218.745477
-219.398376  -218.748869
-219.421875  -218.751421
-219.435114  -218.746731
-219.444719  -218.742431
-219.454341  -218.742423
-219.469078  -218.737231
-219.479341  -218.743781
-219.490566  -218.749654
-335.261007  -337.333611
-335.303151  -337.339984
-335.433394  -337.351797
-335.471098  -337.352197
-335.530260  -337.352523
-335.564462  -337.352852
-335.592728  -337.352933
-335.621974  -337.353043
-335.658811  -337.355076
-335.709374  -337.360862
-335.764679  -337.371859
-335.825311  -337.390743
-335.884241  -337.414539
-335.918999  -337.430047
-335.952547  -337.445424
-184.582361  -185.227075
-184.634045  -185.235532
-184.782554  -185.244322
-184.837475  -185.250759
-184.957526  -185.268716
-184.996324  -185.278527
-185.040702  -185.286762
-185.073523  -185.291292
-185.113124  -185.293882
-185.137373  -185.297561
-185.167431  -185.302725
-185.192617  -185.309585
-185.228712  -185.317598
-185.258014  -185.325027
-185.291060  -185.315989
-105.867555  -106.614404
-105.884848  -106.616732
-105.926231  -106.624167
-105.934029  -106.628195
-105.950386  -106.640667
-105.955574  -106.652987
-105.957091  -106.653146
-105.959015  -106.654077
-105.959782  -106.654694
-97.420934  -97.368304
-97.421567  -97.368292
-97.424279  -97.368507
-97.423349  -97.367199
-97.426979  -97.369178
-97.427903  -97.369623
-97.428315  -97.370021
-77.899545  -79.189403
-77.913525  -79.189196
-77.962563  -79.176491
-77.969407  -79.176141
-77.984007  -79.177523
-77.990562  -79.175145
-77.996730  -79.165107
-77.999788  -79.168716
-78.004101  -79.167194
-78.006647  -79.167054
-78.008463  -79.165324
-78.010261  -79.165449
-78.010963  -79.159296
-78.015384  -79.164494
-78.016454  -79.165001
-92.983246  -92.370346
-92.986843  -92.370577
-92.999490  -92.369746
-93.007232  -92.367126
-93.010350  -92.366868
-93.016096  -92.367031
-93.018441  -92.365108
-93.019760  -92.364568
-93.021447  -92.365296
-93.022252  -92.364995
-93.023809  -92.365018
-93.024847  -92.364394
-93.025869  -92.363884
-93.026226  -92.363924
-92.447835  -92.186649
-339.238796  -339.096643
-339.257801  -339.099608
-339.354046  -339.113638
-339.380398  -339.117502
-339.396258  -339.121461
-339.418241  -339.128190
-339.433668  -339.132988
-339.454647  -339.139007
-339.472830  -339.142739
-339.491878  -339.145552
-339.504355  -339.147653
-339.521870  -339.152010
-339.540910  -339.158494
-339.558508  -339.165773
-339.572862  -339.171894
-334.688033  -333.257653
-334.705829  -333.259281
-334.760440  -333.259389
-334.779898  -333.256771
-334.795586  -333.256661
-334.809026  -333.257808
-334.816304  -333.260273
-334.824242  -333.265771
-334.834496  -333.270258
-334.841844  -333.271555
-334.850013  -333.271330
-334.854514  -333.271269
-334.863211  -333.271627
-334.866451  -333.272938
-334.870899  -333.274823
-86.097440  -86.235209
-86.105653  -86.236556
-86.132979  -86.240552
-86.150825  -86.241413
-86.156242  -86.243620
-86.168470  -86.249897
-86.172080  -86.250870
-86.174623  -86.250693
-86.176334  -86.250561
-86.176000  -86.246289
-86.178766  -86.249626
-86.179653  -86.249619
-86.181071  -86.250358
-86.182016  -86.250622
-86.183573  -86.250502
-180.643746  -184.356474
-180.748568  -184.373933
-180.981802  -184.388075
-181.063358  -184.391058
-181.212027  -184.385188
-181.271963  -184.386506
-181.375768  -184.379765
-181.401362  -184.381553
-181.439841  -184.375002
-181.463731  -184.371775
-181.504096  -184.361836
-181.530926  -184.364539
-181.563569  -184.353065
-181.581512  -184.364904
-181.604910  -184.377752
-198.931504  -200.944921
-198.977277  -200.950337
-199.072630  -200.954806
-199.095810  -200.959572
-199.157789  -200.977877
-199.173705  -200.982106
-199.213739  -200.991700
-199.226415  -200.992950
-199.252029  -200.994986
-199.262150  -200.997071
-199.285664  -201.001307
-199.297239  -201.002028
-199.312867  -201.000889
-199.332974  -200.995777
-199.354071  -200.989146
-218.522379  -218.488783
-218.577762  -218.492475
-218.727844  -218.483184
-218.765883  -218.484929
-218.863448  -218.480370
-218.890646  -218.489328
-218.946519  -218.500073
-218.967857  -218.501998
-219.002070  -218.498902
-219.017684  -218.503668
-219.054965  -218.515339
-219.069799  -218.520858
-219.102618  -218.533217
-219.113802  -218.532954
-219.147793  -218.525505
-201.762114  -202.190552
-201.801520  -202.192575
-201.926358  -202.185494
-201.953816  -202.182764
-201.995785  -202.178051
-202.011681  -202.177669
-202.027054  -202.175712
-202.036499  -202.178610
-202.052185  -202.182022
-202.060309  -202.180480
-202.074374  -202.176360
-202.084446  -202.174431
-202.093534  -202.169200
-202.098543  -202.171769
-202.106640  -202.174791
-277.243764  -278.591044
-277.268583  -278.595091
-277.371240  -278.611166
-277.395884  -278.613616
-277.417799  -278.615007
-277.439083  -278.615812
-277.457428  -278.616225
-277.470252  -278.617353
-277.482330  -278.618718
-277.496180  -278.618831
-277.506781  -278.619292
-277.527885  -278.619130
-277.549393  -278.611684
-277.560893  -278.611099
-277.578404  -278.608570
-205.994368  -207.140149
-206.114847  -207.158558
-206.395766  -207.176458
-206.452624  -207.185078
-206.571897  -207.194908
-206.601840  -207.199648
-206.668865  -207.211871
-206.692345  -207.218422
-206.723394  -207.225387
-206.737735  -207.228138
-206.767657  -207.233096
-206.781612  -207.235012
-206.759990  -207.221425
-206.811822  -207.237964
-206.822595  -207.240173
-178.940285  -179.551539
-178.976833  -179.556575
-179.032876  -179.555337
-179.051043  -179.554076
-179.092481  -179.553369
-179.122070  -179.549843
-179.138805  -179.553628
-179.172048  -179.561593
-179.187227  -179.564700
-179.216972  -179.564699
-179.231790  -179.566903
-179.261951  -179.563085
-179.275625  -179.569905
-179.298560  -179.577889
-179.312996  -179.583114
-189.501682  -190.663058
-189.539702  -190.666760
-189.638959  -190.667473
-189.666165  -190.671384
-189.724253  -190.679316
-189.746149  -190.684271
-189.795326  -190.693461
-189.815293  -190.696577
-189.839898  -190.698804
-189.857712  -190.699790
-189.878773  -190.702018
-189.896404  -190.705727
-189.912198  -190.711004
-189.927939  -190.717318
-189.939623  -190.722541
-158.405047  -156.863679
-158.420616  -156.866126
-158.490584  -156.867193
-158.518571  -156.862359
-158.543348  -156.859231
-158.560178  -156.859500
-158.574344  -156.860620
-158.585062  -156.864019
-158.598123  -156.862353
-158.606520  -156.865091
-158.623918  -156.865186
-158.634966  -156.864956
-158.659627  -156.862844
-158.669164  -156.865250
-158.681625  -156.867678
-289.567238  -290.832119
-289.589354  -290.834173
-289.642627  -290.836460
-289.657061  -290.837641
-289.682513  -290.843431
-289.700302  -290.849963
-289.713729  -290.855744
-289.719596  -290.857527
-289.728131  -290.857535
-289.748902  -290.856178
-289.778952  -290.855184
-289.824621  -290.857377
-289.849492  -290.861054
-289.881877  -290.866508
-289.898677  -290.872003
-95.335095  -96.347481
-95.345901  -96.350237
-95.371638  -96.356761
-95.375466  -96.357985
-95.383184  -96.361085
-95.388620  -96.363834
-95.391459  -96.366685
-95.396418  -96.367484
-95.399475  -96.368054
-95.401141  -96.368725
-95.403739  -96.369646
-95.406166  -96.371422
-95.407053  -96.372560
-95.408035  -96.372977
-95.410199  -96.374538
-189.186422  -189.801245
-189.232697  -189.807635
-189.379835  -189.815520
-189.404566  -189.819202
-189.461598  -189.825196
-189.480663  -189.823899
-189.501658  -189.823011
-189.523980  -189.822639
-189.538602  -189.825787
-189.555175  -189.829282
-189.566830  -189.832668
-189.590054  -189.837318
-189.601449  -189.838157
-189.607550  -189.839342
-189.618329  -189.840901
-299.470804  -298.433639
-299.491692  -298.434786
-299.551975  -298.433055
-299.572942  -298.429727
-299.604243  -298.424582
-299.635512  -298.415506
-299.649505  -298.416469
-299.675533  -298.420104
-299.684927  -298.417670
-299.697059  -298.416590
-299.710005  -298.416078
-299.719307  -298.417481
-299.728954  -298.419484
-299.735201  -298.420359
-299.741409  -298.422045
-214.085955  -217.119693
-214.160343  -217.128049
-214.325174  -217.132236
-214.370659  -217.135188
-214.475963  -217.141644
-214.510904  -217.148713
-214.584868  -217.164371
-214.616333  -217.171284
-214.668902  -217.178003
-214.690202  -217.178125
-214.727678  -217.169243
-214.747648  -217.177756
-214.771924  -217.186147
-214.802770  -217.194693
-214.829422  -217.199714
-331.761934  -331.533016
-331.778572  -331.534302
-331.824880  -331.533360
-331.840121  -331.532813
-331.858042  -331.536747
-331.880178  -331.542314
-331.887796  -331.545419
-331.899672  -331.550082
-331.906298  -331.551101
-331.917264  -331.551620
-331.926980  -331.551472
-331.931449  -331.552592
-331.939035  -331.555770
-331.943963  -331.559548
-331.951035  -331.568573
-182.793353  -181.392893
-182.815597  -181.394515
-182.890693  -181.388701
-182.905490  -181.389581
-182.936834  -181.394547
-182.951739  -181.392740
-182.959703  -181.394265
-182.982625  -181.397393
-182.989562  -181.397645
-183.001329  -181.390198
-183.014392  -181.397827
-183.025665  -181.400266
-183.037581  -181.399993
-183.047361  -181.398749
-183.057905  -181.391838
-266.148381  -266.673881
-266.159829  -266.674308
-266.205535  -266.672023
-266.225083  -266.665220
-266.238194  -266.663337
-266.268476  -266.663292
-266.285968  -266.664364
-266.300994  -266.665840
-266.320992  -266.667483
-266.337992  -266.667233
-266.353478  -266.663806
-266.369220  -266.662349
-266.388063  -266.661037
-266.410072  -266.652187
-266.427018  -266.651978
-97.628724  -97.507625
-97.635810  -97.509505
-97.662459  -97.516207
-97.670146  -97.518440
-97.680877  -97.521835
-97.686236  -97.523101
-97.693677  -97.523980
-97.695333  -97.523671
-97.697689  -97.523997
-97.701925  -97.523652
-97.703454  -97.524109
-97.706363  -97.524091
-97.708094  -97.522879
-97.703672  -97.515379
-97.709602  -97.520812
-105.779595  -106.684388
-105.790760  -106.686346
-105.815194  -106.692257
-105.819854  -106.695144
-105.827974  -106.701497
-105.828276  -106.713564
-105.833406  -106.709895
-105.835269  -106.707307
-105.835651  -106.706490
-105.837322  -106.708107
-105.838706  -106.709141
-105.838066  -106.711779
-105.839702  -106.710111
-105.839784  -106.709159
-97.378520  -97.371165
-97.381642  -97.371708
-97.391024  -97.372182
-97.393566  -97.372064
-97.396943  -97.372402
-97.399018  -97.370819
-97.402967  -97.372687
-97.404741  -97.373374
-97.405322  -97.373934
-97.406403  -97.374148
-97.407953  -97.374394
-97.287539  -97.338768
-97.409818  -97.374750
-97.410427  -97.374988
-97.411795  -97.375868
-200.836432  -204.883793
-200.969620  -204.914490
-201.084488  -204.938942
-201.164981  -204.959119
-201.232904  -204.978048
-271.737686  -273.813570
-271.768468  -273.816613
-271.975154  -273.783394
-272.002516  -273.766239
-272.084713  -273.703556
-272.140276  -273.676468
-272.200102  -273.668442
-272.229835  -273.674628
-272.272306  -273.681080
-272.330156  -273.689934
-272.393204  -273.676886
-272.435187  -273.693111
-272.470008  -273.716589
-272.497275  -273.728690
-272.531139  -273.740647
-286.653130  -289.069023
-286.680679  -289.070339
-286.799921  -289.065716
-286.834119  -289.061435
-286.900547  -289.055328
-286.949497  -289.053729
-286.993647  -289.054050
-287.023852  -289.054303
-287.048564  -289.050113
-287.074843  -289.039985
-287.097806  -289.028325
-287.117891  -289.018027
-287.143494  -289.002556
-287.163317  -288.995836
-287.186279  -288.986144
-92.047774  -92.004304
-92.058431  -92.005734
-92.077693  -92.005196
-92.091481  -92.000320
-92.100966  -91.998992
-92.117372  -91.992119
-92.121093  -91.990202
-92.127533  -91.982946
-92.131121  -91.977646
-92.133934  -91.975097
-92.137159  -91.973806
-92.139705  -91.973805
-92.141955  -91.973344
-92.143422  -91.972098
-92.144661  -91.971548
-305.060008  -303.811796
-305.120633  -303.813158
-305.326645  -303.803518
-305.360943  -303.802568
-305.419625  -303.805150
-305.454481  -303.811240
-305.506127  -303.821875
-305.533802  -303.828968
-305.559280  -303.835148
-305.574446  -303.838105
-305.596134  -303.842611
-305.615667  -303.846519
-305.632290  -303.849587
-305.638251  -303.851184
-305.645228  -303.852524
-181.343740  -180.413054
-181.423892  -180.428158
-181.681947  -180.452413
-181.764933  -180.458243
-181.860919  -180.468016
-181.902169  -180.476149
-181.945853  -180.483179
-181.972728  -180.486872
-181.998417  -180.488602
-182.013741  -180.488143
-182.031595  -180.487145
-182.052281  -180.486583
-182.071676  -180.488014
-182.085140  -180.489680
-182.095829  -180.491456
-72.658378  -73.530984
-72.666955  -73.531839
-72.694046  -73.530600
-72.700197  -73.528346
-72.704916  -73.528869
-72.723343  -73.523727
-72.729494  -73.526761
-72.740696  -73.528585
-72.746804  -73.530233
-72.748685  -73.530369
-72.752668  -73.521759
-72.757035  -73.526378
-72.761054  -73.528171
-72.765688  -73.529819
-72.768280  -73.529502
-97.162408  -97.467236
-97.166527  -97.467824
-97.175480  -97.467973
-97.180875  -97.467302
-97.186091  -97.466274
-97.190203  -97.464702
-97.194170  -97.463920
-97.198884  -97.461801
-97.201618  -97.457539
-97.204648  -97.456395
-97.208696  -97.454230
-97.210313  -97.447857
-97.213200  -97.445564
-97.178642  -97.383682
-97.219561  -97.432251
-296.736100  -297.099005
-296.765734  -297.102354
-296.861757  -297.109848
-296.894164  -297.110571
-296.932985  -297.113079
-296.975769  -297.117998
-297.007373  -297.122160
-297.030860  -297.124701
-297.060049  -297.126613
-297.089823  -297.129174
-297.121309  -297.128942
-297.137884  -297.128516
-297.157824  -297.129508
-297.175285  -297.128951
-297.192478  -297.130773
-266.871635  -266.758388
-266.883448  -266.757146
-266.932903  -266.739592
-266.944847  -266.732024
-266.962217  -266.723072
-266.976506  -266.720958
-266.990088  -266.720431
-266.998860  -266.723944
-267.007731  -266.726116
-267.011035  -266.727521
-267.012750  -266.718020
-267.021752  -266.723938
-267.025529  -266.724990
-267.032732  -266.726268
-267.037972  -266.725812
-265.827356  -265.901633
-265.857302  -265.911021
-265.978009  -265.944111
-265.999809  -265.950046
-266.059790  -265.971208
-266.084480  -265.981619
-266.126322  -265.998996
-266.159145  -266.012440
-266.191876  -266.026566
-266.225015  -266.040690
-266.259647  -266.053635
-266.293097  -266.066039
-266.331840  -266.087202
-266.359928  -266.105373
-266.393093  -266.132023
-207.480399  -207.074769
-207.536759  -207.082720
-207.676455  -207.092565
-207.708656  -207.096563
-207.762824  -207.102494
-207.779044  -207.105048
-207.815062  -207.108676
-207.835832  -207.107253
-207.853785  -207.104808
-207.868797  -207.101006
-207.880797  -207.097837
-207.894566  -207.097820
-207.903732  -207.094198
-207.910378  -207.098010
-207.917527  -207.102181
-214.862484  -213.029965
-214.913862  -213.035943
-215.033172  -213.041704
-215.060536  -213.046248
-215.121600  -213.054020
-215.133830  -213.057541
-215.161224  -213.065855
-215.173434  -213.068613
-215.184770  -213.070623
-215.191865  -213.072225
-215.202444  -213.075546
-215.211955  -213.079051
-215.220026  -213.082368
-215.226532  -213.084291
-215.235168  -213.086796
-96.851068  -97.238496
-96.860183  -97.239351
-96.892080  -97.238159
-96.899330  -97.237387
-96.908139  -97.236840
-96.913405  -97.236160
-96.917534  -97.236093
-96.921464  -97.235788
-96.924167  -97.234729
-96.925128  -97.233507
-96.928465  -97.234205
-96.930970  -97.237117
-96.932476  -97.237742
-96.933417  -97.237357
-96.935761  -97.237843
-97.354901  -97.368645
-97.357763  -97.368575
-97.364345  -97.366738
-97.367703  -97.364413
-97.370138  -97.363569
-97.373753  -97.357199
-97.375884  -97.359066
-97.378348  -97.359549
-97.380353  -97.358335
-97.382291  -97.356364
-97.382058  -97.345483
-97.385231  -97.352402
-97.386623  -97.353901
-97.389952  -97.355413
-97.390444  -97.357506
-194.522215  -195.384276
-194.596712  -195.390830
-194.751810  -195.386666
-194.785460  -195.389257
-194.849471  -195.394852
-194.866786  -195.396788
-194.898357  -195.402933
-194.930468  -195.410332
-194.948445  -195.416170
-194.978720  -195.430626
-194.994138  -195.440056
-195.011813  -195.449406
-195.029142  -195.464883
-195.038313  -195.468403
-195.055315  -195.480318
-334.667541  -336.818817
-334.710863  -336.822420
-334.889189  -336.818224
-334.956453  -336.797178
-335.017307  -336.781478
-335.104461  -336.767998
-335.154994  -336.773536
-335.197272  -336.786274
-335.237649  -336.794818
-335.272415  -336.798798
-335.302269  -336.798090
-335.327928  -336.796182
-335.356073  -336.791912
-335.377713  -336.787548
-335.394717  -336.785568
-210.491826  -208.436100
-210.498974  -208.437029
-210.527955  -208.438331
-210.536828  -208.438217
-210.550285  -208.436960
-210.555500  -208.437731
-210.563187  -208.437902
-210.567209  -208.437641
-210.573026  -208.436653
-210.576033  -208.436225
-210.580197  -208.435177
-210.582921  -208.433293
-210.584538  -208.431910
-210.586535  -208.431420
-210.586925  -208.429615
-96.808202  -97.252819
-96.815554  -97.254183
-96.833538  -97.256619
-96.842563  -97.257351
-96.848293  -97.258460
-96.860646  -97.260908
-96.865437  -97.262440
-96.873501  -97.265123
-96.878128  -97.266470
-96.883071  -97.267414
-96.888815  -97.268198
-96.894883  -97.268886
-96.899333  -97.269121
-96.902704  -97.268722
-96.905593  -97.268946
-93.316939  -93.602162
-93.334394  -93.605008
-93.387106  -93.609840
-93.396904  -93.612322
-93.421075  -93.616844
-93.428097  -93.617789
-93.436644  -93.617356
-93.441166  -93.618828
-93.443808  -93.619263
-93.446864  -93.619213
-93.450746  -93.618781
-93.453398  -93.618764
-93.456379  -93.620233
-93.460753  -93.623389
-93.460999  -93.625322
-72.684922  -73.352300
-72.693177  -73.354155
-72.718070  -73.357864
-72.724706  -73.357753
-72.730152  -73.358518
-72.738574  -73.360873
-72.748560  -73.363807
-72.756554  -73.366726
-72.761928  -73.369455
-72.768988  -73.373741
-72.771425  -73.374591
-72.775555  -73.376548
-72.778776  -73.377901
-72.782345  -73.379579
-72.785468  -73.381286
-305.451701  -304.201896
-305.509260  -304.205247
-305.689992  -304.209740
-305.726575  -304.211305
-305.784252  -304.215288
-305.810442  -304.218184
-305.835013  -304.221880
-305.860170  -304.226261
-305.878680  -304.228523
-305.891789  -304.229763
-305.902809  -304.230682
-305.912708  -304.231799
-305.922744  -304.233210
-305.930933  -304.235018
-305.938575  -304.237186
-92.781965  -92.360657
-92.792052  -92.361488
-92.833549  -92.357191
-92.845523  -92.355588
-92.870348  -92.350945
-92.879897  -92.351506
-92.890654  -92.349645
-92.895041  -92.350842
-92.901200  -92.349896
-92.905527  -92.347749
-92.910301  -92.346572
-92.919519  -92.345041
-92.923949  -92.345618
-92.929182  -92.342999
-92.931249  -92.344327
-108.538467  -108.203387
-108.539356  -108.203671
-108.541523  -108.204303
-108.542047  -108.204432
-108.542686  -108.204331
-108.543898  -108.204009
-280.426102  -279.354774
-280.433723  -279.356103
-280.460779  -279.360101
-280.476156  -279.361308
-280.479310  -279.361898
-280.486999  -279.362917
-280.491496  -279.362499
-280.494572  -279.362243
-280.499715  -279.361244
-280.499682  -279.361499
-280.502236  -279.360710
-280.503602  -279.361376
-280.505658  -279.362135
-280.507505  -279.362666
-280.509309  -279.362851
-253.139120  -253.364660
-253.151988  -253.364485
-253.200476  -253.346053
-253.210047  -253.342217
-253.238679  -253.336847
-253.251790  -253.331295
-253.262117  -253.328702
-253.277363  -253.323704
-253.287748  -253.319064
-253.295586  -253.316224
-253.304881  -253.306396
-253.307480  -253.303527
-253.311691  -253.310506
-253.315088  -253.309730
-253.317403  -253.309215
-73.729597  -75.010439
-73.756691  -75.011604
-73.826858  -75.000651
-73.844290  -75.001376
-73.889067  -74.996534
-73.898023  -74.999089
-73.910461  -74.997215
-73.916389  -74.997003
-73.925443  -74.991873
-73.928283  -74.990518
-73.931632  -74.989582
-73.932702  -74.990021
-73.934892  -74.992739
-73.936968  -74.994710
-73.938929  -74.996929
-257.543589  -259.214683
-257.555841  -259.216053
-257.597932  -259.217284
-257.614013  -259.216363
-257.625755  -259.220794
-257.636899  -259.230473
-257.640879  -259.235182
-257.642658  -259.239680
-257.650523  -259.246144
-257.650416  -259.258760
-257.654963  -259.253235
-257.656313  -259.252404
-257.658829  -259.252779
-257.661610  -259.253567
-257.666186  -259.258513
-332.005571  -331.974788
-332.035493  -331.978014
-332.143094  -331.982262
-332.165924  -331.983005
-332.210309  -331.987088
-332.240484  -331.990885
-332.271416  -331.994906
-332.310932  -331.999112
-332.352233  -331.999949
-332.381703  -332.001062
-332.418004  -332.003651
-332.447340  -332.007614
-332.480876  -332.015194
-332.511943  -332.024162
-332.539641  -332.035145
-97.740620  -97.464093
-97.742429  -97.464045
-97.747488  -97.463156
-97.747994  -97.462205
-97.748954  -97.462686
-97.750291  -97.463223
-97.751447  -97.463436
-97.751977  -97.463423
-322.311065  -320.988862
-322.325263  -320.990121
-322.368949  -320.990568
-322.391720  -320.985434
-322.403776  -320.985050
-322.426775  -320.985852
-322.436073  -320.986739
-322.445014  -320.990117
-322.458289  -320.990612
-322.464120  -320.990759
-322.472393  -320.992055
-322.478239  -320.991584
-322.487390  -320.990277
-322.494175  -320.989846
-322.503305  -320.990564
-217.973172  -218.452439
-218.016763  -218.459215
-218.101983  -218.468077
-218.130863  -218.475065
-218.206268  -218.506060
-218.232941  -218.513377
-218.258307  -218.524145
-218.288021  -218.539918
-218.312325  -218.556357
-218.332915  -218.565870
-218.336949  -218.609019
-218.385239  -218.598033
-218.402458  -218.602841
-218.445102  -218.626740
-218.461595  -218.637414
-188.349620  -186.983867
-188.390950  -186.988431
-188.532318  -186.980472
-188.568291  -186.980794
-188.626791  -186.977249
-188.643787  -186.979250
-188.675848  -186.982733
-188.697890  -186.979590
-188.711444  -186.977384
-188.724361  -186.975877
-188.737134  -186.967074
-188.746535  -186.972211
-188.760297  -186.976366
-188.765254  -186.976512
-188.780016  -186.969282
-105.854059  -106.603807
-105.871884  -106.606087
-105.915019  -106.613344
-105.923371  -106.617383
-105.939053  -106.629114
-105.945060  -106.638477
-105.947201  -106.641188
-105.949283  -106.643121
-105.951104  -106.647065
-105.951953  -106.648460
-105.953782  -106.649464
-289.636757  -290.149790
-289.664337  -290.150964
-289.748956  -290.154342
-289.768983  -290.157140
-289.796452  -290.163553
-289.816918  -290.168246
-289.832160  -290.171563
-289.864440  -290.177199
-289.881951  -290.180071
-289.906173  -290.184711
-289.916530  -290.187121
-289.934046  -290.191622
-289.949906  -290.197811
-289.964231  -290.203852
-289.977390  -290.208832
-103.030682  -102.936347
-103.041969  -102.935411
-103.073825  -102.924418
-103.081870  -102.917848
-103.090631  -102.909080
-103.098157  -102.907128
-103.106642  -102.904482
-103.111317  -102.904858
-103.120386  -102.905913
-103.124699  -102.902902
-103.128515  -102.900037
-103.135846  -102.897731
-103.140177  -102.896567
-103.143534  -102.896879
-103.146285  -102.895953
-204.364383  -202.835040
-204.400210  -202.837013
-204.488398  -202.831451
-204.508940  -202.831699
-204.548885  -202.831441
-204.558760  -202.835202
-204.578845  -202.841746
-204.586660  -202.842945
-204.596501  -202.842530
-204.601628  -202.841964
-204.610736  -202.840919
-204.616394  -202.841421
-204.620073  -202.842034
-204.623175  -202.844015
-204.628394  -202.847468
-293.362391  -294.052929
-293.402575  -294.063542
-293.568576  -294.081363
-293.594198  -294.082800
-293.682102  -294.086558
-293.709654  -294.095227
-293.756608  -294.112433
-293.787336  -294.124168
-293.805919  -294.130326
-293.827510  -294.140476
-293.852599  -294.148452
-293.886286  -294.155923
-293.908676  -294.163900
-293.933236  -294.180568
-293.959381  -294.205401
-202.591267  -202.480320
-202.630045  -202.482182
-202.740866  -202.470619
-202.767618  -202.466317
-202.813262  -202.459392
-202.842094  -202.459010
-202.885943  -202.457416
-202.914994  -202.456075
-202.959710  -202.437416
-202.982471  -202.438438
-203.029047  -202.409815
-203.050051  -202.423098
-203.074654  -202.428231
-203.095013  -202.422591
-203.108941  -202.410033
-97.749342  -97.456171
-97.750255  -97.456215
-97.753242  -97.456072
-97.754815  -97.454526
-97.755674  -97.455066
-97.754887  -97.456233
-97.756916  -97.455897
-272.741805  -273.275548
-272.754232  -273.276088
-272.806447  -273.273572
-272.826490  -273.266425
-272.840583  -273.263607
-272.866771  -273.259830
-272.881645  -273.256589
-272.890646  -273.256076
-272.900417  -273.255475
-272.907395  -273.251954
-272.915246  -273.248964
-272.924508  -273.243766
-272.932550  -273.240746
-272.939379  -273.241237
-272.946324  -273.238796
-192.919217  -195.904702
-192.956704  -195.911735
-193.096259  -195.930132
-193.127263  -195.936411
-193.225931  -195.952938
-193.246100  -195.955280
-193.295259  -195.953383
-193.313297  -195.953374
-193.354296  -195.949570
-193.382056  -195.944529
-193.412017  -195.941419
-193.441462  -195.935930
-193.462796  -195.942130
-193.498594  -195.947927
-193.517217  -195.951070
-267.131528  -266.708765
-267.144091  -266.710362
-267.180835  -266.711474
-267.192990  -266.707696
-267.199380  -266.707582
-267.216619  -266.701867
-267.222062  -266.702723
-267.232241  -266.702697
-267.235952  -266.700239
-267.240502  -266.699349
-267.245188  -266.692726
-267.249293  -266.690401
-267.256791  -266.688112
-267.258149  -266.686167
-267.261131  -266.685847
-91.755440  -91.950098
-91.763969  -91.950887
-91.792844  -91.948691
-91.802938  -91.947921
-91.816029  -91.941562
-91.824573  -91.947492
-91.832385  -91.952256
-91.838135  -91.953719
-91.845930  -91.952579
-91.850026  -91.952872
-91.855141  -91.953682
-91.860883  -91.952710
-91.869336  -91.952306
-91.876201  -91.952087
-91.884491  -91.950661
-286.735461  -286.052112
-286.743157  -286.053349
-286.761045  -286.056814
-286.774134  -286.058797
-286.779560  -286.058760
-286.793621  -286.057599
-286.798665  -286.057141
-286.801287  -286.058078
-286.806894  -286.059771
-286.810045  -286.061339
-286.816451  -286.064459
-286.825127  -286.069183
-286.829742  -286.069047
-286.839764  -286.068148
-286.843368  -286.067906
-155.279903  -156.877202
-155.287832  -156.879283
-155.311247  -156.885823
-155.332942  -156.891327
-155.343015  -156.894765
-155.357864  -156.902318
-155.360922  -156.904456
-155.362917  -156.906127
-155.366341  -156.912893
-155.367531  -156.911999
-213.439098  -216.053601
-213.555531  -216.073009
-213.802543  -216.111156
-213.899993  -216.136123
-214.087501  -216.200418
-214.177580  -216.237116
-214.360798  -216.322660
-214.513208  -216.391202
-214.791489  -216.466117
-215.004421  -216.512726
-215.243081  -216.581149
-215.369634  -216.615018
-215.502305  -216.665970
-215.589656  -216.693955
-215.689061  -216.731705
-259.780394  -259.951372
-259.826805  -259.962789
-259.963753  -259.997194
-260.004149  -260.006759
-260.087858  -260.025615
-260.136991  -260.038752
-260.195666  -260.056289
-260.262998  -260.073108
-260.343687  -260.084899
-260.460455  -260.094236
-260.586038  -260.111028
-260.714397  -260.141754
-260.813322  -260.156305
-260.884381  -260.175711
-260.945464  -260.182035
-338.292895  -338.194654
-338.315101  -338.195218
-338.389415  -338.183551
-338.414562  -338.173156
-338.455391  -338.152830
-338.479401  -338.138738
-338.497294  -338.132494
-338.517438  -338.128521
-338.539183  -338.120699
-338.553175  -338.121061
-338.567633  -338.119203
-338.575553  -338.119801
-338.585488  -338.115742
-338.593240  -338.114595
-338.599196  -338.108463
-97.743874  -97.460811
-97.744875  -97.460857
-97.749496  -97.460240
-97.750840  -97.459732
-97.751739  -97.460092
-97.753716  -97.461064
-97.755028  -97.461588
-97.755080  -97.461734
-285.877230  -285.939932
-285.891213  -285.941392
-285.925554  -285.943853
-285.933473  -285.944447
-285.942470  -285.946041
-285.955825  -285.948452
-285.962315  -285.949172
-285.966725  -285.949396
-285.974004  -285.947732
-285.977975  -285.947156
-285.983095  -285.945937
-285.986988  -285.943631
-285.988598  -285.943337
-285.996998  -285.942758
-286.000155  -285.942082
-183.504044  -184.742038
-183.550478  -184.751250
-183.693668  -184.775189
-183.724263  -184.784031
-183.787254  -184.810260
-183.804974  -184.816939
-183.827965  -184.826436
-183.842936  -184.831881
-183.866649  -184.840955
-183.886826  -184.851122
-183.908524  -184.861510
-183.950040  -184.882880
-183.981676  -184.897071
-184.032219  -184.915485
-184.092684  -184.934790
-204.164325  -202.508431
-204.197843  -202.512097
-204.320121  -202.517858
-204.348744  -202.518280
-204.401882  -202.518413
-204.427279  -202.520761
-204.458481  -202.521259
-204.478132  -202.524221
-204.503647  -202.524176
-204.515785  -202.523414
-204.533382  -202.515781
-204.539680  -202.517123
-204.550373  -202.517621
-204.554760  -202.515413
-204.558483  -202.513431
-206.649362  -211.082331
-206.675699  -211.088378
-206.705258  -211.095890
-206.720472  -211.098397
-206.737750  -211.098628
-206.756222  -211.097588
-206.791567  -211.093347
-206.824840  -211.081257
-206.845005  -211.080468
-206.866776  -211.051835
-206.890924  -211.061793
-104.110774  -103.204679
-104.128177  -103.208766
-104.192887  -103.226547
-104.216105  -103.236993
-104.230242  -103.245480
-104.249049  -103.259581
-104.262096  -103.269720
-104.276914  -103.282379
-104.289097  -103.290758
-104.307297  -103.311976
-104.312157  -103.311574
-104.318091  -103.316778
-104.318995  -103.317268
-104.320295  -103.319077
-104.320743  -103.325277
-185.545739  -185.435951
-185.575303  -185.437081
-185.684032  -185.413702
-185.705356  -185.416074
-185.755695  -185.400519
-185.766996  -185.407639
-185.781224  -185.408749
-185.789158  -185.403373
-185.798727  -185.389283
-185.804572  -185.389399
-185.817591  -185.391031
-185.823470  -185.386873
-185.830610  -185.383760
-185.842614  -185.377557
-185.848631  -185.377830
-159.833929  -157.961352
-159.857564  -157.963061
-159.911799  -157.952879
-159.924323  -157.949422
-159.946994  -157.942978
-159.956412  -157.938719
-159.967373  -157.933253
-159.979183  -157.932751
-159.969830  -157.876955
-160.004754  -157.914902
-160.010641  -157.915637
-160.030148  -157.898204
-160.044578  -157.870405
-160.053521  -157.858268
-160.068345  -157.846362
-97.750349  -97.453908
-97.751585  -97.454241
-97.755029  -97.454603
-97.756041  -97.454407
-97.756629  -97.454581
-97.755840  -97.454203
-97.758554  -97.455467
-97.758765  -97.455651
-244.334259  -245.790354
-244.354947  -245.793737
-244.413538  -245.802825
-244.442893  -245.806316
-244.468746  -245.808796
-244.499062  -245.812476
-244.530178  -245.814664
-244.548481  -245.818808
-244.615141  -245.837485
-244.651181  -245.847139
-244.697170  -245.859705
-244.753686  -245.875542
-244.805799  -245.886497
-244.858115  -245.896428
-244.893350  -245.901611
-151.341023  -153.787741
-151.370898  -153.789523
-151.497040  -153.775354
-151.511032  -153.775305
-151.557684  -153.775049
-151.575895  -153.771637
-151.607058  -153.765163
-151.632799  -153.762038
-151.654378  -153.760124
-151.664794  -153.757221
-151.674661  -153.752027
-151.683455  -153.746751
-151.689863  -153.740939
-151.693905  -153.736813
-151.695733  -153.739212
-70.261199  -71.451513
-70.313644  -71.455168
-70.540499  -71.409234
-70.593113  -71.423339
-70.682936  -71.402065
-70.719988  -71.429680
-70.746642  -71.438939
-70.808525  -71.449871
-70.831228  -71.441922
-70.849982  -71.436872
-70.866054  -71.433905
-70.879305  -71.435559
-70.886196  -71.438649
-70.889653  -71.439918
-70.895069  -71.437415
-283.955733  -284.771098
-283.978740  -284.770384
-284.037389  -284.757923
-284.046936  -284.755721
-284.062594  -284.756156
-284.074622  -284.755410
-284.080176  -284.755667
-284.087889  -284.757815
-284.092433  -284.757134
-284.097820  -284.756588
-284.101823  -284.748925
-284.106743  -284.752640
-284.108226  -284.752582
-284.109720  -284.753865
-284.110818  -284.753330
-311.712788  -311.824976
-311.727336  -311.825756
-311.778925  -311.822371
-311.795823  -311.817932
-311.812376  -311.820472
-311.839763  -311.833449
-311.858746  -311.846913
-311.868174  -311.853299
-311.888582  -311.866006
-311.900596  -311.870459
-311.916778  -311.872937
-311.931157  -311.872640
-311.949621  -311.870698
-311.959722  -311.872130
-311.973209  -311.878545
-162.255195  -162.465557
-162.272569  -162.470007
-162.319978  -162.477614
-162.333300  -162.478818
-162.363299  -162.482951
-162.389041  -162.478793
-162.398643  -162.483273
-162.416920  -162.488333
-162.434437  -162.491888
-162.453369  -162.494530
-162.486226  -162.498575
-162.509273  -162.501116
-162.526311  -162.504424
-162.552426  -162.511698
-162.575251  -162.520240
-293.712274  -296.045771
-293.754924  -296.052919
-293.879346  -296.073581
-293.914662  -296.082031
-293.949938  -296.092636
-293.973876  -296.100194
-294.000487  -296.108489
-294.032212  -296.118164
-294.052961  -296.122495
-294.081231  -296.125708
-294.097601  -296.125691
-294.120157  -296.123367
-294.139767  -296.118205
-294.157305  -296.112305
-294.179031  -296.103811
-259.406887  -260.028506
-259.420858  -260.031040
-259.467973  -260.038692
-259.495318  -260.041940
-259.508885  -260.044934
-259.524418  -260.051301
-259.537446  -260.058930
-259.544321  -260.063422
-259.553509  -260.067977
-259.562024  -260.074336
-259.564800  -260.075455
-259.569763  -260.074300
-259.574881  -260.073972
-259.574953  -260.074889
-259.577553  -260.078784
-304.624493  -305.508474
-304.646998  -305.511499
-304.724445  -305.511560
-304.754348  -305.487557
-304.764761  -305.490575
-304.809114  -305.502976
-304.825332  -305.496267
-304.835990  -305.497159
-304.862243  -305.508215
-304.871973  -305.516601
-304.879425  -305.523560
-304.885438  -305.528877
-304.895033  -305.538980
-304.901864  -305.538640
-304.910394  -305.537254
-319.254953  -320.371869
-319.260741  -320.371641
-319.277083  -320.368439
-319.282532  -320.364465
-319.284250  -320.364282
-319.288114  -320.361064
-319.289180  -320.361142
-319.291252  -320.362924
-319.294297  -320.361647
-319.295370  -320.360387
-319.297257  -320.346187
-319.302234  -320.355409
-319.304165  -320.356222
-319.310171  -320.363660
-319.315728  -320.365622
-292.189376  -291.880233
-292.211128  -291.881905
-292.293899  -291.884163
-292.314122  -291.883810
-292.347731  -291.883644
-292.372112  -291.885565
-292.400702  -291.888626
-292.423646  -291.891610
-292.445355  -291.894105
-292.461961  -291.894995
-292.472557  -291.896200
-292.486209  -291.896199
-292.495446  -291.896859
-292.502992  -291.897833
-292.511112  -291.899357
-210.992572  -211.011051
-211.038217  -211.018913
-211.142862  -211.030634
-211.173496  -211.032472
-211.248253  -211.032304
-211.275116  -211.039470
-211.318294  -211.050957
-211.348380  -211.060075
-211.370829  -211.068625
-211.392887  -211.077516
-211.418569  -211.089358
-211.444654  -211.098710
-211.476423  -211.110287
-211.497584  -211.117955
-211.522366  -211.129611
-177.339136  -175.850974
-177.363074  -175.853803
-177.423908  -175.851136
-177.434737  -175.852183
-177.462241  -175.854583
-177.471480  -175.854655
-177.480310  -175.854814
-177.487366  -175.854183
-177.494036  -175.854571
-177.498269  -175.849213
-177.503133  -175.850085
-177.511566  -175.850902
-177.516784  -175.848725
-177.521349  -175.847564
-177.526027  -175.847066
-195.416219  -196.528148
-195.469725  -196.532194
-195.584298  -196.530850
-195.610014  -196.528453
-195.675934  -196.511063
-195.690025  -196.510216
-195.710423  -196.506200
-195.723966  -196.503261
-195.741897  -196.487755
-195.751737  -196.486982
-195.766318  -196.480047
-195.778541  -196.464728
-195.787466  -196.458681
-195.801848  -196.428877
-195.806049  -196.439581
-277.754014  -278.583491
-277.771975  -278.585153
-277.835891  -278.584185
-277.848207  -278.580713
-277.861538  -278.578162
-277.881063  -278.558689
-277.894325  -278.566925
-277.905866  -278.570316
-277.914223  -278.567944
-277.925127  -278.562291
-277.936624  -278.552643
-277.947851  -278.545567
-277.965016  -278.533956
-277.978605  -278.526099
-278.000237  -278.507680
-151.534430  -150.501757
-151.547317  -150.503159
-151.588108  -150.499577
-151.601163  -150.495299
-151.619885  -150.488875
-151.635793  -150.484858
-151.647054  -150.487017
-151.660145  -150.489167
-151.672511  -150.486271
-151.680557  -150.488072
-151.695629  -150.489361
-151.701817  -150.489587
-151.709884  -150.488388
-151.714548  -150.492035
-151.722051  -150.495325
-301.527529  -302.701745
-301.568506  -302.702283
-301.696621  -302.693950
-301.719819  -302.693212
-301.760294  -302.691043
-301.773398  -302.692317
-301.789957  -302.697041
-301.808950  -302.705460
-301.823568  -302.714771
-301.834995  -302.723581
-301.844020  -302.729087
-301.857690  -302.742891
-301.867818  -302.743609
-301.894415  -302.745878
-301.918590  -302.754891
-164.964025  -166.157846
-164.992691  -166.165013
-165.060136  -166.173505
-165.082077  -166.175478
-165.136917  -166.175589
-165.150752  -166.177170
-165.186253  -166.172103
-165.201601  -166.173067
-165.233987  -166.169576
-165.247586  -166.171565
-165.274933  -166.166835
-165.287677  -166.169194
-165.307712  -166.172417
-165.325859  -166.167627
-165.337046  -166.172146
-259.644865  -259.834000
-259.655071  -259.835527
-259.714497  -259.839597
-259.742233  -259.831796
-259.754974  -259.830964
-259.798722  -259.830843
-259.811149  -259.828428
-259.818688  -259.828094
-259.827324  -259.830684
-259.837930  -259.825702
-259.843254  -259.822511
-259.853087  -259.818254
-259.862191  -259.811023
-259.869883  -259.808002
-259.878057  -259.806736
-85.608269  -86.062828
-85.618052  -86.063673
-85.648656  -86.062902
-85.659885  -86.060697
-85.670163  -86.059839
-85.680319  -86.060443
-85.687966  -86.061094
-85.691338  -86.062782
-85.694340  -86.064289
-85.694814  -86.063129
-85.700124  -86.065015
-85.701620  -86.065032
-85.705126  -86.064804
-85.707797  -86.063552
-85.709749  -86.063150
-265.659876  -265.877464
-265.688406  -265.884310
-265.824671  -265.915665
-265.863582  -265.926434
-265.974707  -265.967739
-266.007848  -265.980783
-266.078843  -266.013694
-266.125051  -266.037252
-266.183995  -266.064981
-266.247633  -266.090741
-266.336595  -266.132228
-266.395543  -266.153867
-266.455941  -266.185487
-266.496165  -266.202801
-266.543504  -266.232516
-252.496941  -252.590188
-252.507196  -252.591349
-252.547003  -252.591683
-252.562910  -252.586259
-252.572344  -252.586832
-252.588194  -252.593443
-252.592629  -252.591128
-252.600579  -252.596043
-252.604887  -252.598652
-252.613539  -252.602966
-252.617753  -252.606662
-252.620580  -252.607201
-252.623172  -252.605745
-252.625480  -252.606806
-252.627139  -252.606576
-220.336221  -219.710509
-220.367471  -219.715947
-220.487426  -219.736321
-220.511199  -219.744568
-220.599845  -219.786631
-220.625910  -219.801292
-220.646867  -219.817724
-220.650918  -219.819458
-220.655372  -219.822833
-220.659240  -219.823882
-220.667193  -219.826326
-220.670789  -219.827957
-220.673600  -219.829548
-220.673441  -219.828830
-220.673860  -219.828924
-201.127449  -201.643547
-201.172176  -201.645831
-201.263269  -201.638058
-201.301272  -201.632250
-201.349540  -201.625770
-201.378685  -201.624912
-201.402918  -201.626279
-201.420819  -201.629580
-201.440003  -201.633162
-201.455165  -201.634772
-201.468342  -201.636954
-201.482388  -201.640354
-201.502621  -201.644155
-201.521104  -201.647818
-201.537199  -201.651126
-192.868027  -191.334630
-192.885660  -191.336137
-192.932977  -191.337700
-192.952776  -191.337083
-192.970131  -191.337603
-192.986861  -191.339271
-192.998346  -191.341221
-193.007701  -191.343355
-193.019677  -191.345889
-193.033323  -191.347259
-193.045543  -191.347131
-193.062983  -191.343010
-193.071303  -191.343596
-193.089519  -191.341335
-193.098683  -191.341819
-216.479713  -217.709529
-216.556032  -217.716163
-216.774959  -217.713845
-216.821540  -217.721098
-216.919023  -217.729947
-216.942216  -217.734809
-216.994629  -217.739386
-217.023700  -217.736624
-217.056424  -217.732475
-217.097313  -217.722530
-217.122644  -217.721184
-217.153038  -217.697961
-217.170253  -217.707828
-217.183461  -217.708093
-217.196333  -217.701035
-153.105940  -151.818128
-153.118122  -151.820938
-153.160737  -151.827696
-153.174615  -151.828536
-153.185832  -151.830568
-153.202141  -151.834427
-153.212698  -151.837413
-153.223624  -151.840838
-153.236518  -151.844237
-153.247383  -151.846326
-153.258377  -151.846700
-153.265396  -151.846179
-153.272086  -151.845594
-153.275561  -151.826953
-153.287112  -151.839815
-207.457163  -207.651193
-207.561750  -207.673268
-207.857898  -207.731567
-207.956513  -207.759735
-208.087726  -207.797485
-208.148653  -207.811049
-208.232430  -207.826424
-208.263640  -207.829775
-208.338132  -207.827886
-208.386603  -207.826607
-208.481221  -207.808516
-208.518163  -207.819347
-208.574095  -207.824790
-208.596237  -207.826803
-208.621388  -207.823169
-335.648600  -337.644673
-335.685343  -337.645861
-335.812359  -337.629120
-335.845712  -337.618018
-335.908486  -337.595611
-335.941472  -337.585936
-335.966777  -337.582524
-335.988343  -337.583877
-336.009986  -337.585138
-336.035120  -337.582767
-336.056316  -337.581671
-336.083539  -337.580673
-336.102393  -337.579683
-336.120192  -337.580008
-336.139005  -337.580406
-286.020058  -285.823599
-286.039151  -285.825748
-286.090117  -285.830678
-286.101491  -285.831366
-286.119102  -285.831896
-286.130057  -285.831919
-286.139513  -285.832639
-286.148388  -285.833245
-286.152658  -285.834554
-286.162589  -285.838025
-286.172565  -285.841607
-286.183907  -285.848330
-286.192085  -285.849741
-286.217371  -285.855662
-286.230696  -285.858081
-96.763148  -97.205132
-96.782142  -97.208717
-96.827135  -97.210229
-96.836959  -97.211148
-96.855571  -97.209202
-96.861180  -97.207869
-96.868377  -97.205096
-96.872546  -97.202661
-96.877088  -97.202114
-96.880700  -97.202835
-96.885349  -97.204747
-96.890412  -97.205237
-96.893043  -97.205448
-96.895764  -97.206433
-96.898197  -97.206660
-304.999503  -304.191226
-305.036930  -304.192929
-305.211570  -304.192210
-305.243328  -304.189238
-305.285220  -304.184210
-305.311143  -304.182654
-305.334107  -304.183621
-305.357354  -304.180149
-305.376881  -304.177956
-305.399828  -304.173737
-305.415087  -304.168804
-305.430711  -304.166730
-305.450788  -304.165409
-305.460690  -304.166677
-305.470625  -304.167336
-105.867188  -106.612841
-105.883892  -106.615263
-105.927913  -106.624481
-105.936143  -106.628357
-105.950372  -106.639359
-105.956100  -106.650041
-105.957806  -106.651642
-105.959653  -106.651918
-105.960594  -106.654190
-206.053486  -206.938400
-206.056520  -206.938504
-206.064345  -206.938854
-206.068426  -206.939032
-206.069763  -206.939962
-206.072640  -206.942027
-206.073502  -206.943090
-206.074501  -206.943627
-197.641915  -197.412935
-197.686123  -197.416125
-197.784207  -197.402145
-197.810321  -197.402907
-197.891556  -197.392811
-197.911922  -197.396115
-197.966246  -197.379663
-197.992170  -197.396066
-198.012899  -197.403125
-198.049578  -197.404785
-198.071216  -197.404102
-198.124581  -197.394979
-198.141859  -197.396327
-198.046001  -197.339436
-198.183884  -197.396044
-281.967899  -280.358367
-281.975651  -280.359067
-281.994439  -280.360259
-282.003224  -280.360057
-282.008881  -280.360636
-282.025206  -280.362902
-282.032941  -280.363946
-282.038470  -280.365128
-282.046116  -280.367217
-282.049902  -280.368411
-282.052610  -280.369245
-282.054491  -280.370544
-282.059739  -280.371039
-282.063215  -280.371430
-282.067276  -280.372121
-282.896683  -282.078165
-282.925779  -282.088195
-283.056792  -282.120644
-283.102938  -282.108699
-283.121526  -282.112055
-283.225658  -282.129669
-283.248689  -282.152467
-283.275366  -282.165089
-283.324968  -282.175783
-283.366492  -282.173855
-283.408593  -282.162317
-283.436727  -282.158033
-283.476211  -282.148270
-283.513845  -282.161232
-283.556344  -282.174544
-258.837371  -259.548538
-258.853265  -259.547376
-258.898647  -259.535629
-258.917228  -259.525917
-258.936712  -259.520603
-258.947147  -259.465427
-258.977621  -259.502053
-258.985765  -259.509151
-259.003921  -259.511032
-259.018106  -259.505483
-259.036491  -259.487176
-259.050832  -259.479103
-259.073648  -259.466302
-259.085530  -259.458626
-259.102566  -259.461764
-210.233074  -211.870294
-210.297576  -211.873099
-210.445838  -211.861757
-210.486123  -211.862100
-210.567037  -211.863058
-210.590114  -211.867106
-210.617846  -211.868969
-210.630052  -211.871267
-210.659045  -211.870081
-210.672940  -211.867735
-210.689041  -211.865793
-210.704115  -211.864346
-210.714637  -211.868271
-210.732352  -211.874428
-210.740253  -211.878257
-215.703019  -217.782274
-215.736759  -217.786917
-215.845107  -217.793025
-215.867530  -217.796868
-215.912983  -217.796627
-215.925987  -217.799348
-215.946286  -217.800849
-215.959687  -217.797530
-215.977577  -217.785768
-215.990610  -217.786611
-216.019170  -217.764288
-216.034073  -217.775766
-216.045219  -217.780008
-216.065543  -217.777193
-216.078917  -217.768743
-257.001103  -258.153863
-257.011965  -258.156808
-257.059561  -258.171761
-257.073428  -258.177434
-257.079468  -258.179503
-257.095757  -258.184924
-257.111138  -258.191423
-257.119414  -258.197301
-257.126457  -258.198560
-257.134754  -258.198113
-257.139504  -258.200116
-257.141863  -258.200939
-257.145822  -258.201753
-257.152185  -258.202930
-257.153700  -258.203261
-212.419228  -212.839461
-212.457244  -212.842215
-212.572802  -212.848462
-212.600713  -212.849422
-212.632940  -212.852582
-212.646983  -212.856148
-212.664160  -212.860973
-212.677241  -212.865526
-212.685786  -212.867588
-212.696311  -212.872157
-212.701620  -212.875050
-212.711506  -212.885423
-212.715635  -212.889427
-212.721270  -212.894635
-212.725982  -212.906136
-298.735764  -298.087578
-298.767029  -298.088232
-298.854641  -298.081545
-298.882742  -298.077350
-298.929769  -298.070365
-298.954578  -298.069774
-298.978524  -298.072276
-298.997390  -298.074777
-299.019756  -298.077509
-299.044392  -298.079024
-299.066050  -298.080072
-299.090428  -298.080897
-299.114058  -298.083408
-299.140025  -298.086660
-299.154844  -298.090168
-260.437413  -260.530900
-260.448894  -260.531761
-260.491441  -260.530990
-260.505812  -260.527987
-260.516497  -260.528029
-260.530841  -260.532560
-260.542637  -260.537695
-260.549676  -260.541146
-260.554851  -260.543589
-260.567195  -260.548381
-260.571834  -260.550342
-260.575223  -260.551221
-260.581269  -260.553483
-260.583725  -260.554057
-260.585880  -260.554533
-192.017415  -191.170047
-192.050025  -191.173423
-192.127401  -191.174730
-192.148199  -191.175946
-192.196565  -191.179200
-192.213605  -191.182039
-192.241294  -191.179490
-192.257030  -191.183882
-192.272466  -191.183767
-192.287084  -191.179767
-192.303337  -191.172339
-192.316511  -191.169087
-192.339368  -191.158491
-192.350561  -191.161489
-192.372208  -191.163206
-265.028253  -265.708777
-265.057622  -265.713635
-265.151952  -265.717062
-265.177779  -265.714599
-265.255861  -265.696741
-265.301114  -265.695773
-265.371270  -265.694339
-265.402820  -265.695189
-265.450249  -265.698408
-265.479037  -265.705245
-265.520826  -265.709252
-265.548092  -265.711636
-265.574437  -265.706879
-265.592501  -265.708862
-265.615950  -265.720680
-287.280307  -286.205240
-287.291087  -286.205229
-287.328968  -286.202270
-287.342948  -286.199183
-287.355056  -286.197751
-287.367545  -286.198409
-287.381191  -286.193265
-287.387532  -286.196325
-287.393119  -286.196560
-287.399348  -286.196587
-287.403482  -286.194942
-287.414498  -286.186351
-287.418170  -286.187846
-287.422367  -286.186547
-287.425142  -286.188140
-333.549795  -333.139394
-333.559830  -333.139299
-333.596205  -333.133216
-333.609249  -333.127637
-333.623028  -333.123588
-333.634390  -333.123558
-333.644186  -333.122128
-333.648796  -333.124216
-333.658645  -333.128336
-333.662238  -333.128778
-333.665526  -333.127043
-333.668290  -333.127619
-333.674522  -333.126367
-333.676924  -333.127531
-333.678795  -333.127947
-190.048886  -190.728607
-190.081104  -190.730399
-190.197918  -190.720781
-190.228688  -190.720855
-190.312182  -190.715171
-190.338040  -190.722175
-190.403781  -190.732755
-190.437165  -190.733974
-190.487854  -190.724843
-190.520692  -190.729017
-190.583687  -190.725131
-190.611653  -190.732783
-190.656043  -190.730190
-190.682512  -190.730500
-190.720042  -190.720843
-208.406004  -210.074089
-208.454720  -210.078519
-208.630809  -210.072544
-208.676311  -210.079269
-208.785762  -210.086745
-208.816089  -210.092383
-208.864783  -210.090123
-208.883572  -210.086438
-208.911377  -210.073727
-208.927823  -210.075280
-208.955813  -210.066895
-208.968665  -210.073090
-208.990225  -210.073877
-209.005434  -210.073751
-209.018723  -210.073925
-265.930769  -265.458500
-265.949275  -265.462574
-266.012396  -265.468995
-266.027568  -265.466646
-266.055027  -265.460795
-266.079531  -265.452440
-266.094206  -265.449137
-266.109121  -265.448093
-266.119477  -265.451440
-266.131034  -265.455908
-266.141254  -265.457763
-266.150476  -265.459769
-266.164669  -265.461776
-266.174243  -265.463968
-266.186527  -265.467132
-160.827068  -160.637861
-160.855620  -160.642120
-160.954207  -160.646391
-160.974605  -160.649073
-161.037464  -160.655741
-161.060561  -160.657552
-161.101187  -160.661134
-161.135314  -160.667623
-161.167170  -160.675824
-161.184148  -160.680970
-161.209220  -160.686814
-161.225116  -160.690724
-161.240214  -160.693086
-161.248073  -160.694668
-161.258773  -160.694733
-220.307746  -219.392807
-220.362310  -219.395620
-220.467946  -219.387231
-220.509170  -219.386358
-220.581989  -219.381497
-220.605122  -219.391396
-220.645242  -219.406825
-220.667798  -219.409988
-220.740249  -219.412404
-220.762019  -219.411063
-220.803549  -219.402896
-220.828154  -219.406824
-220.869843  -219.402274
-220.889387  -219.411640
-220.908208  -219.414720
-101.136899  -102.060262
-101.150505  -102.059431
-101.176852  -102.047861
-101.181865  -102.047299
-101.190526  -102.049125
-101.196561  -102.046922
-101.201177  -102.044212
-101.205235  -102.042176
-101.208915  -102.042864
-101.212344  -102.046191
-101.214600  -102.047008
-101.213515  -102.048326
-101.220231  -102.047611
-101.221584  -102.046507
-101.224283  -102.045093
-92.093019  -91.988959
-92.098488  -91.989223
-92.115082  -91.987549
-92.119057  -91.987072
-92.125747  -91.985986
-92.129394  -91.985194
-92.134223  -91.982812
-92.137928  -91.976021
-92.140328  -91.978512
-92.142964  -91.978421
-92.144693  -91.978941
-92.147616  -91.977800
-92.149494  -91.971790
-92.151542  -91.973976
-92.152357  -91.976101
-305.799200  -304.020485
-305.827588  -304.021393
-305.907915  -304.020353
-305.938269  -304.017092
-305.975503  -304.011626
-306.010093  -304.005433
-306.033893  -304.001424
-306.057388  -303.998622
-306.079883  -303.995839
-306.098995  -303.995002
-306.114597  -303.994553
-306.127537  -303.992943
-306.139983  -303.992380
-306.152773  -303.991454
-306.160985  -303.988812
-85.571255  -86.068291
-85.583415  -86.069896
-85.623821  -86.072728
-85.637769  -86.072171
-85.647908  -86.072632
-85.659863  -86.074166
-85.670275  -86.075977
-85.676607  -86.077849
-85.680589  -86.079611
-85.684200  -86.080304
-85.686234  -86.081032
-85.684953  -86.078826
-85.690592  -86.081477
-85.692310  -86.081747
-85.694131  -86.082189
-97.699803  -97.457787
-97.703848  -97.457945
-97.718038  -97.457129
-97.721314  -97.456434
-97.724296  -97.456005
-97.726728  -97.456617
-97.729146  -97.457666
-97.730154  -97.458187
-97.731423  -97.459073
-97.733514  -97.459398
-97.734390  -97.459581
-97.737312  -97.459336
-97.738177  -97.459168
-97.740423  -97.457763
-97.741284  -97.458492
-202.972434  -202.336015
-203.009341  -202.339565
-203.108587  -202.340180
-203.126875  -202.342624
-203.166222  -202.346209
-203.181056  -202.352360
-203.200898  -202.361580
-203.216272  -202.367058
-203.233193  -202.371824
-203.243221  -202.373228
-203.246077  -202.374713
-203.265126  -202.375784
-203.273487  -202.376343
-203.286046  -202.377138
-203.297489  -202.378003
-280.966672  -279.641795
-280.973989  -279.642802
-281.002798  -279.645312
-281.015016  -279.644282
-281.023619  -279.643452
-281.034723  -279.641989
-281.039632  -279.641598
-281.046094  -279.639080
-281.050236  -279.637856
-281.056598  -279.637540
-281.060832  -279.636053
-281.065195  -279.634054
-281.067856  -279.632279
-281.072504  -279.624895
-281.074697  -279.624679
-97.566764  -97.509292
-97.570219  -97.510115
-97.581090  -97.511809
-97.583101  -97.511820
-97.586542  -97.512004
-97.588972  -97.509091
-97.593939  -97.511988
-97.595760  -97.512716
-97.598717  -97.513627
-97.599889  -97.513868
-97.601683  -97.514184
-97.600078  -97.511995
-97.610469  -97.516170
-97.612393  -97.516760
-97.617065  -97.518295
-91.765944  -91.924590
-91.774397  -91.926479
-91.805005  -91.931263
-91.814955  -91.932467
-91.826138  -91.934116
-91.837897  -91.935363
-91.851170  -91.934657
-91.862299  -91.933446
-91.875579  -91.927312
-91.881556  -91.927116
-91.899618  -91.920167
-91.907234  -91.915391
-91.915918  -91.905552
-91.918978  -91.909079
-91.923932  -91.906621
-97.653138  -97.512772
-97.660219  -97.513243
-97.680130  -97.511032
-97.687105  -97.509790
-97.693170  -97.508362
-97.695348  -97.508749
-97.697703  -97.509634
-97.699039  -97.509510
-97.700149  -97.509716
-97.701973  -97.508055
-97.703189  -97.508180
-97.704798  -97.508673
-97.706166  -97.508294
-204.328974  -206.346923
-204.365648  -206.350434
-204.454274  -206.353317
-204.475983  -206.354019
-204.503917  -206.356507
-204.528723  -206.359176
-204.552792  -206.359421
-204.567283  -206.356024
-204.575012  -206.352300
-204.581555  -206.351299
-204.592658  -206.348872
-204.598847  -206.350649
-204.607710  -206.356127
-204.612534  -206.360518
-204.621597  -206.370648
-190.160886  -190.292551
-190.344575  -190.341028
-190.691871  -190.426820
-190.857878  -190.465819
-191.135371  -190.518057
-191.294672  -190.561127
-191.452388  -190.593854
-191.524798  -190.607853
-191.609866  -190.626118
-191.660151  -190.637372
-191.720348  -190.649681
-191.771164  -190.660619
-191.828873  -190.673309
-191.863955  -190.680306
-191.899098  -190.687081
-212.456802  -213.182534
-212.528418  -213.192153
-212.706607  -213.207190
-212.746916  -213.216618
-212.855188  -213.242343
-212.900363  -213.252513
-212.946388  -213.262522
-212.996656  -213.271174
-213.032410  -213.275431
-213.067916  -213.279222
-213.095584  -213.283837
-213.139978  -213.290487
-213.161332  -213.294044
-213.192438  -213.296707
-213.216545  -213.301540
-293.510802  -293.937105
-293.570716  -293.949672
-293.755979  -293.973664
-293.797915  -293.972909
-293.858514  -293.972071
-293.917607  -293.965264
-293.964234  -293.967911
-294.022804  -293.979230
-294.046620  -293.987523
-294.071135  -293.998831
-294.097982  -294.006680
-294.122330  -294.014044
-294.150642  -294.019908
-294.164850  -294.024714
-294.186144  -294.037986
-333.673208  -333.240628
-333.688114  -333.242671
-333.734422  -333.246201
-333.746894  -333.246022
-333.776120  -333.244142
-333.792098  -333.240274
-333.805018  -333.237814
-333.824537  -333.233268
-333.836493  -333.231523
-333.847690  -333.229863
-333.856977  -333.230795
-333.867619  -333.225785
-333.874998  -333.222776
-333.885302  -333.214377
-333.892189  -333.212946
-87.052369  -86.498148
-87.056005  -86.497791
-87.069308  -86.494621
-87.076382  -86.489452
-87.079371  -86.486976
-87.082847  -86.487061
-87.088280  -86.485577
-87.089478  -86.486036
-87.091907  -86.485193
-87.093206  -86.486878
-87.097099  -86.488548
-87.098553  -86.488346
-87.101655  -86.487667
-87.104488  -86.486252
-87.106493  -86.484983
-151.713244  -154.771491
-97.677842  -97.627256
-97.688603  -97.628642
-97.721232  -97.629979
-97.728909  -97.630366
-97.744585  -97.629962
-97.751850  -97.631283
-97.761375  -97.632017
-97.767212  -97.624345
-97.774039  -97.626900
-97.780507  -97.627470
-97.784091  -97.626593
-97.787813  -97.617971
-97.792105  -97.623452
-97.793384  -97.626635
-97.796423  -97.628092
-97.387166  -97.369844
-97.388144  -97.370229
-97.391030  -97.372414
-97.391630  -97.373289
-97.392455  -97.374232
-97.391915  -97.377295
-97.392851  -97.377768
-97.393737  -97.376002
-97.393890  -97.376725
-202.337901  -202.318202
-202.383960  -202.321761
-202.509465  -202.317457
-202.537160  -202.316658
-202.591533  -202.316642
-202.615626  -202.320680
-202.645162  -202.324804
-202.659732  -202.328472
-202.682663  -202.332321
-202.693306  -202.333512
-202.705602  -202.331759
-202.715763  -202.336249
-202.726226  -202.340534
-202.735909  -202.343066
-202.745126  -202.343340
-209.438037  -211.524079
-209.530795  -211.542077
-209.660814  -211.567090
-209.705716  -211.575265
-209.818703  -211.595894
-209.849566  -211.601544
-209.927640  -211.612264
-209.975795  -211.615254
-210.057983  -211.613997
-210.107741  -211.612174
-210.200449  -211.606028
-210.274858  -211.609026
-210.392093  -211.615664
-210.466231  -211.630968
-210.573783  -211.649496
-295.371862  -295.181564
-295.389762  -295.183524
-295.460948  -295.178236
-295.478872  -295.166639
-295.491560  -295.164058
-295.517700  -295.167138
-295.530074  -295.169723
-295.537413  -295.167111
-295.543405  -295.170528
-295.556211  -295.177259
-295.560140  -295.175228
-295.563523  -295.174115
-295.566641  -295.173437
-295.570318  -295.173925
-295.572607  -295.175816
-292.106615  -291.595525
-292.135397  -291.596261
-292.239951  -291.589832
-292.265670  -291.588073
-292.312172  -291.584910
-292.330410  -291.587356
-292.349909  -291.593503
-292.363165  -291.595590
-292.373429  -291.596420
-292.388201  -291.596673
-292.402351  -291.595287
-292.420558  -291.593678
-292.439347  -291.592222
-292.454881  -291.593292
-292.471330  -291.595841
-197.180095  -197.539745
-197.249149  -197.567194
-197.294541  -197.573136
-197.427816  -197.579481
-197.592855  -197.626307
-197.642995  -197.648674
-197.801563  -197.723234
-197.875671  -197.761307
-197.974537  -197.820475
-198.061058  -197.873200
-198.132820  -197.915834
-198.225446  -197.967419
-198.334373  -198.017195
-198.414749  -198.038603
-198.475377  -198.056569
-276.578374  -278.229928
-276.592997  -278.230814
-276.660736  -278.228183
-276.678005  -278.224852
-276.698385  -278.223422
-276.721715  -278.221889
-276.736330  -278.221476
-276.751902  -278.222076
-276.767675  -278.224073
-276.786404  -278.221237
-276.799953  -278.219392
-276.825842  -278.210633
-276.844373  -278.208830
-276.905033  -278.187652
-276.949216  -278.153698
-97.387242  -97.375757
-97.389252  -97.375693
-97.394851  -97.374011
-97.396742  -97.372928
-97.398227  -97.371898
-97.400505  -97.371148
-97.403130  -97.368599
-97.404089  -97.369368
-97.404802  -97.372848
-97.405614  -97.371961
-97.406337  -97.371536
-97.407708  -97.370050
-97.408292  -97.371445
-97.409140  -97.373067
-97.409751  -97.375183
-285.894116  -285.854099
-285.903126  -285.854729
-285.937435  -285.855908
-285.953650  -285.855876
-285.973043  -285.856725
-286.005616  -285.856919
-286.023393  -285.858615
-286.053859  -285.862765
-286.073981  -285.860600
-286.094110  -285.855071
-286.107580  -285.852102
-286.131857  -285.847899
-286.150753  -285.843127
-286.176951  -285.830561
-286.193498  -285.834038
-72.661614  -73.302957
-72.670249  -73.305123
-72.699465  -73.312040
-72.707469  -73.314781
-72.720089  -73.320790
-72.730988  -73.327041
-72.746484  -73.336679
-72.757245  -73.344182
-72.765717  -73.349808
-72.772008  -73.353879
-72.775334  -73.354840
-72.779257  -73.359940
-72.782169  -73.360601
-72.786030  -73.364026
-72.787196  -73.364897
-282.245025  -284.604869
-282.283398  -284.608506
-282.407938  -284.614739
-282.443644  -284.616524
-282.514496  -284.625272
-282.590099  -284.638346
-282.643830  -284.651875
-282.710138  -284.671658
-282.780687  -284.692402
-282.886946  -284.723165
-283.026203  -284.760099
-283.185315  -284.791966
-283.313499  -284.817517
-283.459846  -284.856395
-283.554150  -284.894087
-101.308288  -102.010360
-101.310289  -102.010273
-101.315538  -102.009267
-101.316789  -102.007293
-101.317361  -102.007684
-101.312792  -102.010152
-101.319394  -102.009262
-101.319801  -102.008360
-101.320352  -102.008826
-328.789318  -327.413190
-328.802756  -327.415997
-328.854540  -327.423713
-328.870281  -327.422965
-328.880705  -327.423535
-328.897805  -327.426882
-328.908190  -327.429416
-328.916383  -327.432224
-328.924916  -327.435956
-328.936676  -327.440759
-328.940893  -327.441620
-328.951285  -327.443665
-328.954991  -327.443810
-328.959529  -327.444284
-328.964765  -327.445342
-296.702220  -295.500823
-296.716656  -295.504064
-296.773190  -295.511891
-296.802834  -295.505414
-296.815612  -295.506111
-296.853446  -295.512183
-296.868208  -295.516123
-296.883602  -295.520972
-296.897204  -295.528517
-296.920952  -295.539406
-296.932392  -295.543588
-296.952097  -295.549130
-296.963551  -295.552917
-296.978451  -295.560434
-296.998349  -295.573324
-219.990798  -218.177396
-220.052206  -218.182347
-220.179564  -218.178873
-220.203732  -218.182955
-220.265854  -218.194439
-220.282851  -218.196928
-220.312349  -218.200167
-220.327004  -218.202712
-220.357032  -218.208317
-220.374838  -218.209825
-220.411957  -218.214586
-220.435394  -218.217840
-220.460642  -218.220446
-220.482297  -218.223057
-220.506144  -218.226259
-260.443679  -260.112598
-260.453482  -260.111364
-260.472099  -260.102704
-260.479223  -260.094172
-260.484254  -260.091746
-260.496704  -260.089634
-260.503764  -260.087797
-260.509685  -260.092202
-260.516675  -260.102896
-260.525443  -260.109818
-260.528949  -260.109930
-260.538304  -260.108564
-260.545697  -260.108848
-260.554776  -260.109321
-260.562103  -260.110759
-203.749371  -202.860533
-203.795648  -202.861171
-203.944274  -202.834723
-203.969487  -202.835061
-204.020820  -202.828855
-204.036724  -202.832942
-204.077624  -202.841834
-204.094241  -202.840516
-204.118025  -202.838219
-204.128482  -202.840593
-204.146665  -202.842001
-204.156446  -202.846013
-204.172395  -202.850092
-204.182218  -202.849436
-204.196206  -202.846025
-93.028740  -92.374368
-93.031103  -92.374301
-93.039508  -92.372667
-93.043276  -92.369386
-93.045309  -92.369302
-93.047473  -92.371164
-93.048630  -92.370825
-93.050051  -92.370385
-93.050869  -92.367234
-93.051760  -92.368274
-93.052379  -92.367775
-93.052956  -92.367879
-252.692457  -253.039281
-252.726962  -253.048651
-252.873492  -253.078100
-252.901032  -253.085639
-253.073021  -253.139071
-253.104005  -253.150154
-253.176990  -253.177478
-253.244105  -253.203430
-253.295193  -253.223602
-253.341649  -253.240544
-253.379862  -253.254097
-253.443843  -253.278361
-253.502627  -253.300387
-253.588918  -253.335708
-253.711072  -253.376697
-156.751215  -158.621192
-156.795064  -158.631955
-156.914277  -158.647627
-156.951025  -158.653122
-157.026951  -158.669410
-157.048809  -158.677966
-157.089003  -158.694094
-157.111148  -158.701970
-157.153950  -158.716171
-157.177190  -158.721442
-157.228926  -158.732654
-157.254325  -158.739202
-157.297770  -158.751738
-157.321866  -158.760069
-157.359244  -158.774366
-266.401133  -266.270418
-266.413474  -266.272710
-266.459616  -266.272194
-266.472875  -266.269475
-266.517608  -266.263258
-266.558863  -266.232050
-266.573454  -266.242627
-266.599098  -266.250116
-266.608994  -266.251661
-266.623250  -266.247172
-266.631139  -266.244781
-266.639724  -266.246853
-266.646456  -266.245693
-266.649891  -266.248215
-266.643515  -266.250384
-203.393155  -206.275087
-203.429966  -206.279739
-203.540565  -206.285115
-203.581114  -206.286643
-203.689556  -206.281691
-203.745283  -206.286593
-203.875656  -206.292341
-203.913276  -206.299438
-203.976726  -206.293860
-204.005361  -206.302657
-204.046254  -206.308257
-204.079403  -206.308887
-204.106528  -206.303600
-204.126306  -206.303286
-204.132542  -206.279287
-288.104837  -289.702684
-288.127208  -289.704765
-288.192531  -289.709082
-288.212650  -289.708677
-288.240787  -289.706465
-288.263862  -289.703985
-288.281458  -289.702963
-288.297580  -289.704145
-288.313233  -289.708749
-288.333799  -289.716408
-288.349149  -289.723215
-288.371465  -289.733568
-288.383828  -289.738031
-288.399935  -289.742067
-288.413016  -289.744528
-281.712834  -280.345058
-281.717331  -280.345545
-281.736947  -280.347583
-281.744117  -280.348074
-281.747698  -280.348813
-281.740501  -280.347987
-281.763949  -280.352300
-281.766802  -280.352951
-281.774070  -280.354611
-281.778191  -280.355449
-281.783166  -280.356517
-281.786912  -280.357037
-281.793878  -280.358048
-281.796607  -280.358604
-281.799731  -280.359649
-101.165721  -101.988401
-101.182667  -101.988461
-101.223780  -101.983999
-101.232724  -101.979932
-101.237432  -101.978266
-101.242914  -101.978859
-101.249251  -101.977914
-101.251425  -101.978569
-101.254230  -101.980134
-101.255473  -101.979914
-101.257825  -101.979461
-101.260995  -101.978834
-101.262874  -101.978387
-101.264144  -101.977969
-101.265981  -101.978680
-97.387236  -97.368111
-97.389901  -97.369296
-97.399617  -97.376086
-97.401102  -97.379182
-97.403395  -97.379906
-97.405001  -97.380634
-97.405158  -97.381655
-97.406296  -97.381814
-97.406357  -97.380849
-97.406765  -97.380684
-97.407577  -97.380608
-96.693282  -97.184500
-96.709171  -97.187430
-96.746780  -97.192811
-96.757230  -97.194690
-96.772319  -97.197811
-96.780813  -97.200794
-96.792252  -97.205025
-96.799826  -97.208000
-96.811218  -97.212498
-96.819843  -97.215463
-96.828147  -97.221227
-96.837832  -97.222780
-96.845155  -97.224852
-96.849143  -97.226284
-96.854409  -97.228444
-326.670548  -326.520197
-326.712791  -326.526936
-326.875359  -326.531652
-326.921563  -326.522657
-326.991163  -326.512937
-327.052503  -326.506754
-327.092871  -326.508911
-327.137583  -326.516238
-327.176017  -326.519530
-327.225818  -326.514470
-327.258738  -326.515680
-327.306146  -326.512046
-327.330183  -326.512281
-327.367264  -326.515855
-327.393741  -326.509152
-92.983679  -92.394460
-92.991150  -92.394755
-93.011704  -92.392044
-93.019307  -92.386872
-93.025656  -92.383702
-93.035574  -92.380046
-93.043975  -92.378879
-93.048465  -92.379766
-93.051599  -92.378673
-93.053947  -92.379169
-93.057129  -92.381823
-93.059794  -92.381846
-93.062137  -92.381747
-93.069379  -92.376505
-93.072958  -92.379361
-296.523115  -296.710432
-296.543834  -296.711038
-296.616421  -296.707395
-296.632548  -296.709225
-296.675933  -296.718688
-296.702180  -296.725607
-296.722726  -296.730904
-296.762306  -296.740866
-296.784259  -296.744400
-296.806798  -296.746235
-296.824009  -296.748194
-296.853886  -296.752741
-296.872874  -296.757869
-296.897455  -296.765759
-296.916572  -296.771659
-150.004422  -150.390189
-150.026747  -150.394707
-150.080700  -150.399898
-150.096091  -150.400504
-150.116506  -150.401679
-150.128301  -150.403587
-150.143027  -150.406538
-150.157224  -150.410062
-150.180102  -150.414337
-150.195273  -150.416636
-150.208682  -150.420431
-150.230106  -150.423712
-150.243428  -150.429014
-150.267742  -150.440640
-150.277162  -150.445378
-86.870267  -86.475265
-86.876940  -86.475581
-86.901239  -86.471304
-86.908585  -86.469120
-86.923106  -86.460516
-86.929511  -86.461993
-86.939908  -86.463818
-86.944391  -86.456435
-86.947523  -86.459132
-86.951226  -86.457730
-86.953870  -86.457589
-86.958031  -86.454422
-86.953474  -86.433364
-86.964646  -86.448239
-86.966291  -86.449512
-332.813489  -335.376901
-332.844852  -335.380637
-332.950929  -335.389432
-332.980645  -335.389559
-333.023976  -335.389954
-333.063562  -335.388117
-333.082748  -335.389687
-333.113229  -335.392629
-333.134209  -335.392365
-333.166968  -335.387665
-333.192107  -335.383071
-333.218282  -335.379956
-333.237096  -335.377252
-333.250213  -335.374791
-333.263642  -335.373600
-280.158383  -279.224674
-280.164150  -279.225465
-280.188970  -279.228063
-280.196883  -279.228296
-280.202342  -279.228624
-280.209751  -279.227282
-280.212814  -279.227836
-280.216815  -279.227307
-280.218747  -279.227335
-280.222108  -279.226992
-280.223520  -279.227584
-279.936559  -279.170410
-280.229111  -279.229750
-280.229864  -279.230442
-280.234077  -279.232499
-290.427921  -290.877335
-290.448484  -290.876920
-290.535931  -290.867755
-290.562352  -290.864386
-290.614712  -290.859764
-290.663386  -290.858363
-290.707536  -290.863464
-290.738757  -290.872241
-290.768124  -290.879280
-290.802946  -290.884252
-290.835825  -290.885406
-290.872076  -290.886241
-290.909200  -290.890055
-290.952624  -290.895679
-290.979606  -290.902035
-97.310614  -97.379180
-97.316423  -97.381303
-97.337799  -97.389327
-97.346649  -97.393551
-97.353352  -97.397316
-97.358942  -97.402553
-97.362909  -97.403941
-97.366827  -97.404612
-97.369117  -97.405227
-97.370557  -97.404869
-97.372895  -97.404864
-97.381743  -97.403491
-97.386909  -97.399785
-97.392535  -97.396126
-97.400263  -97.390648
-209.290693  -211.576404
-209.366094  -211.578675
-209.515400  -211.555568
-209.557547  -211.551669
-209.644926  -211.539914
-209.667415  -211.544513
-209.717758  -211.542965
-209.746797  -211.554971
-209.797551  -211.568616
-209.840085  -211.567910
-209.885766  -211.562378
-209.914333  -211.564762
-209.966191  -211.574281
-209.996649  -211.586829
-210.035835  -211.603989
-179.394461  -178.695790
-179.424444  -178.699720
-179.494539  -178.695310
-179.517775  -178.698402
-179.565183  -178.698961
-179.576212  -178.703166
-179.597884  -178.708321
-179.610762  -178.709168
-179.627430  -178.705574
-179.638150  -178.709090
-179.663522  -178.716306
-179.675753  -178.721919
-179.698242  -178.734449
-179.705864  -178.739196
-179.718039  -178.748983
-147.782763  -149.005010
-147.825080  -149.016460
-147.898508  -149.030100
-147.925278  -149.031955
-147.954824  -149.035279
-147.989772  -149.041162
-148.021920  -149.045508
-148.046307  -149.049661
-148.074546  -149.056171
-148.095939  -149.060727
-148.113123  -149.063180
-148.129267  -149.065745
-148.147259  -149.069749
-148.161828  -149.075808
-148.176521  -149.082407
-259.124373  -259.744319
-259.132874  -259.745888
-259.165611  -259.750725
-259.183978  -259.750480
-259.193679  -259.750499
-259.209857  -259.750308
-259.215835  -259.748586
-259.222053  -259.746952
-259.230842  -259.744469
-259.238819  -259.740188
-259.244465  -259.736640
-259.252294  -259.729099
-259.255743  -259.728378
-259.261100  -259.727350
-259.267788  -259.723339
-265.556171  -266.484003
-265.614383  -266.496445
-265.854431  -266.535971
-265.885916  -266.541082
-266.017049  -266.554836
-266.049436  -266.562351
-266.093231  -266.569966
-266.126105  -266.570521
-266.158147  -266.571836
-266.183524  -266.569430
-266.202036  -266.572249
-266.226881  -266.578939
-266.248753  -266.584296
-266.271028  -266.590843
-266.298084  -266.598031
-278.970981  -279.077359
-278.996689  -279.080942
-279.107385  -279.092310
-279.134333  -279.093211
-279.177153  -279.094465
-279.212237  -279.096257
-279.239243  -279.099429
-279.263847  -279.104630
-279.292392  -279.113634
-279.319886  -279.125092
-279.343566  -279.136039
-279.361542  -279.144108
-279.379083  -279.151046
-279.397775  -279.159981
-279.413476  -279.166902
-189.873467  -190.200811
-189.948539  -190.221822
-190.090591  -190.264146
-190.136690  -190.282593
-190.228073  -190.330497
-190.277375  -190.356663
-190.356218  -190.400377
-190.413494  -190.428268
-190.484314  -190.455653
-190.541150  -190.471812
-190.588571  -190.482441
-190.630257  -190.492488
-190.665078  -190.502489
-190.689733  -190.511876
-190.713980  -190.524403
-254.152199  -253.786615
-254.169903  -253.786101
-254.242112  -253.767009
-254.261630  -253.743825
-254.268987  -253.743099
-254.298607  -253.727131
-254.307164  -253.729443
-254.321492  -253.740125
-254.336172  -253.737182
-254.346340  -253.729662
-254.355814  -253.726641
-254.364562  -253.725432
-254.369483  -253.727431
-254.376344  -253.735983
-254.381330  -253.741029
-91.782514  -91.953020
-91.790479  -91.954030
-91.814745  -91.952808
-91.819651  -91.953126
-91.829063  -91.953727
-91.832749  -91.953882
-91.837106  -91.952749
-91.839363  -91.953447
-91.844052  -91.953631
-91.847734  -91.951872
-91.853115  -91.948584
-91.859505  -91.934930
-91.864587  -91.939700
-91.871855  -91.939147
-91.875068  -91.936825
-281.872491  -280.341411
-281.877678  -280.341777
-281.888105  -280.342114
-281.892912  -280.341863
-281.895897  -280.342471
-281.903916  -280.344658
-281.906515  -280.345613
-281.910847  -280.348009
-281.912748  -280.348590
-281.914429  -280.349104
-281.915366  -280.349352
-281.917965  -280.350821
-281.918576  -280.351517
-281.919155  -280.352203
-281.921423  -280.353050
-290.722731  -291.060128
-290.746380  -291.062158
-290.845275  -291.064810
-290.871793  -291.061386
-290.901543  -291.056319
-290.926543  -291.053385
-290.946130  -291.052036
-290.958545  -291.053122
-290.977422  -291.050563
-290.993132  -291.050905
-291.026625  -291.052880
-291.068234  -291.049452
-291.101038  -291.052904
-291.188108  -291.066238
-291.251295  -291.081595
-187.235730  -186.347492
-187.268349  -186.350341
-187.349802  -186.348407
-187.377555  -186.343755
-187.405848  -186.340525
-187.433600  -186.338559
-187.455822  -186.338790
-187.480370  -186.334756
-187.497000  -186.339511
-187.526673  -186.344393
-187.538874  -186.344125
-187.568558  -186.334905
-187.583867  -186.343617
-187.606022  -186.355730
-187.625890  -186.360145
-283.552619  -283.948175
-283.560079  -283.947542
-283.590015  -283.939875
-283.599083  -283.934423
-283.605811  -283.931202
-283.613128  -283.928782
-283.616845  -283.927484
-283.621445  -283.925014
-283.624056  -283.924015
-283.626601  -283.924762
-283.629190  -283.922126
-283.629691  -283.922410
-283.631633  -283.920895
-267.043740  -266.605356
-267.061864  -266.607523
-267.117167  -266.610986
-267.138193  -266.612793
-267.163097  -266.620473
-267.185816  -266.633370
-267.197004  -266.641868
-267.205874  -266.648426
-267.213745  -266.654120
-267.221400  -266.657289
-267.229530  -266.658246
-267.233546  -266.657850
-267.238646  -266.658320
-267.242323  -266.660205
-267.247219  -266.664030
-271.347846  -272.317937
-271.359018  -272.319220
-271.395348  -272.322279
-271.408002  -272.323228
-271.426195  -272.327409
-271.450767  -272.340270
-271.486452  -272.367183
-271.502807  -272.380876
-271.535901  -272.458527
-271.580097  -272.446953
-271.603441  -272.452892
-271.642724  -272.477497
-271.668347  -272.505550
-271.691215  -272.521126
-271.750428  -272.564798
-205.182705  -206.778415
-205.240428  -206.782371
-205.394656  -206.779070
-205.434676  -206.785905
-205.536411  -206.799652
-205.566254  -206.808064
-205.657977  -206.832704
-205.695366  -206.839412
-205.745361  -206.847356
-205.783277  -206.856294
-205.858583  -206.884644
-205.908523  -206.901973
-205.987772  -206.932954
-206.033679  -206.945674
-206.101969  -206.965475
-278.503261  -279.558762
-278.565187  -279.570727
-278.669185  -279.590276
-278.693483  -279.595212
-278.770555  -279.612153
-278.807194  -279.619398
-278.839366  -279.624826
-278.873618  -279.629781
-278.906074  -279.632919
-278.936765  -279.633592
-278.968827  -279.633459
-279.003256  -279.632168
-279.029619  -279.632164
-279.061720  -279.628893
-279.083177  -279.629804
-97.645283  -97.434461
-97.647048  -97.434865
-97.656256  -97.436739
-97.661117  -97.437934
-97.663604  -97.438822
-97.665943  -97.439950
-97.667933  -97.440317
-97.669910  -97.440362
-97.670749  -97.440124
-97.672383  -97.440358
-97.673175  -97.439439
-97.676240  -97.440987
-97.676777  -97.441433
-97.679235  -97.442051
-97.680906  -97.442466
-258.345887  -259.987379
-258.359434  -259.988438
-258.418933  -259.986872
-258.442275  -259.979156
-258.457017  -259.976693
-258.476402  -259.977623
-258.488101  -259.980312
-258.501685  -259.981570
-258.510616  -259.983661
-258.521931  -259.987304
-258.530701  -259.986631
-258.534896  -259.986660
-258.542225  -259.980301
-258.546681  -259.982343
-258.551311  -259.981795
-97.635988  -97.515953
-97.638329  -97.516386
-97.647465  -97.517420
-97.651818  -97.516716
-97.653825  -97.516948
-97.659130  -97.518306
-97.661346  -97.518631
-97.662385  -97.518762
-97.662723  -97.519010
-92.856586  -92.414313
-92.859746  -92.414856
-92.869097  -92.415424
-92.872281  -92.414972
-92.875012  -92.415204
-92.880082  -92.415839
-92.881077  -92.415968
-92.883582  -92.415829
-92.884492  -92.415342
-92.885314  -92.414974
-92.886617  -92.414744
-92.886946  -92.414983
-92.888056  -92.414760
-92.889751  -92.414216
-92.891368  -92.412858
-334.376318  -333.648943
-334.398580  -333.649904
-334.454881  -333.642437
-334.471015  -333.637889
-334.491424  -333.633727
-334.505994  -333.631442
-334.519301  -333.634527
-334.534721  -333.637745
-334.542794  -333.641922
-334.553814  -333.647287
-334.558810  -333.650365
-334.566797  -333.654224
-334.571657  -333.654848
-334.575754  -333.655002
-334.578228  -333.655813
-301.531511  -301.885213
-301.545565  -301.883887
-301.607177  -301.852511
-301.618763  -301.850931
-301.639415  -301.855511
-301.649558  -301.849757
-301.659222  -301.849532
-301.667855  -301.856973
-301.673271  -301.860126
-301.681837  -301.862223
-301.688338  -301.863217
-301.699255  -301.862660
-301.709885  -301.854455
-301.715049  -301.855761
-301.726691  -301.857013
-323.682864  -325.488816
-323.743838  -325.500939
-323.939410  -325.522055
-323.988885  -325.526645
-324.107909  -325.539509
-324.162071  -325.550323
-324.228470  -325.564264
-324.290355  -325.577367
-324.352657  -325.590621
-324.407292  -325.602551
-324.457536  -325.614542
-324.507773  -325.626964
-324.557527  -325.639472
-324.598933  -325.652001
-324.639559  -325.664372
-266.053534  -266.849411
-266.068876  -266.850891
-266.191757  -266.832506
-266.209231  -266.831894
-266.284121  -266.834648
-266.295920  -266.830277
-266.308995  -266.828806
-266.330205  -266.829240
-266.338313  -266.834092
-266.344558  -266.846520
-266.348989  -266.846330
-266.359238  -266.842596
-266.365981  -266.840195
-266.369757  -266.843687
-266.379195  -266.844247
-178.146285  -178.850958
-178.171133  -178.853356
-178.243221  -178.851966
-178.268559  -178.848761
-178.294434  -178.846735
-178.312342  -178.846714
-178.328376  -178.848319
-178.341506  -178.849095
-178.351814  -178.849636
-178.359840  -178.848178
-178.369247  -178.842112
-178.376400  -178.841053
-178.394562  -178.837427
-178.402740  -178.837339
-178.410451  -178.829537
-174.334877  -174.228337
-174.350923  -174.232099
-174.396686  -174.242372
-174.414124  -174.246492
-174.433153  -174.251614
-174.447226  -174.255494
-174.466490  -174.258982
-174.475446  -174.260604
-174.492929  -174.260248
-174.499549  -174.260025
-174.510616  -174.258382
-174.516781  -174.258304
-174.521932  -174.255512
-174.526811  -174.259922
-174.530783  -174.262870
-216.069172  -217.713403
-216.127251  -217.719290
-216.256592  -217.721340
-216.308776  -217.722253
-216.399651  -217.724494
-216.452592  -217.729611
-216.516090  -217.734575
-216.559721  -217.735003
-216.611046  -217.731057
-216.640626  -217.729436
-216.673239  -217.725552
-216.705364  -217.719526
-216.744158  -217.712880
-216.778499  -217.713713
-216.811755  -217.716848
-246.479968  -246.348515
-246.489386  -246.348091
-246.516589  -246.342465
-246.528544  -246.333861
-246.535199  -246.333256
-246.551628  -246.332315
-246.556860  -246.331137
-246.560364  -246.331730
-246.564331  -246.331984
-246.566991  -246.332540
-246.569585  -246.330240
-246.570891  -246.329742
-246.572242  -246.330637
-246.573807  -246.329983
-246.575147  -246.329804
-108.480506  -108.177909
-108.481728  -108.177836
-108.485874  -108.177260
-108.487029  -108.176985
-108.488300  -108.176984
-108.489588  -108.177222
-108.490623  -108.177621
-108.491864  -108.178088
-108.492494  -108.178456
-108.492841  -108.178459
-108.493679  -108.178499
-93.030191  -92.376666
-93.031938  -92.376631
-93.036077  -92.375921
-93.039925  -92.373151
-93.040523  -92.373121
-93.040813  -92.374085
-93.041583  -92.373647
-93.042234  -92.373510
-304.851246  -304.173567
-304.901273  -304.175993
-305.055979  -304.179971
-305.126562  -304.180425
-305.217430  -304.180918
-305.275278  -304.184251
-305.342526  -304.190738
-305.389260  -304.194904
-305.451859  -304.197782
-305.511431  -304.198806
-305.549477  -304.201135
-305.603184  -304.205675
-305.660698  -304.211520
-305.706502  -304.216913
-305.739422  -304.221178
-186.926303  -186.053064
-186.954871  -186.062440
-187.041872  -186.094644
-187.076356  -186.110967
-187.129966  -186.144555
-187.168421  -186.165586
-187.242511  -186.208714
-187.298861  -186.242023
-187.380122  -186.293453
-187.448058  -186.319483
-187.530839  -186.332675
-187.593718  -186.343346
-187.644480  -186.343299
-187.682188  -186.351987
-187.717991  -186.354521
-104.172353  -103.227831
-104.185469  -103.230700
-104.241121  -103.245285
-104.253722  -103.251814
-104.267718  -103.262996
-104.276579  -103.271440
-104.286554  -103.282419
-104.293874  -103.289522
-104.305123  -103.299921
-104.312693  -103.308724
-104.317881  -103.317611
-104.321101  -103.322955
-104.322232  -103.324355
-104.322859  -103.322422
-104.323834  -103.323351
-97.432023  -97.426592
-97.436669  -97.427552
-97.462257  -97.429974
-97.473585  -97.429004
-97.482036  -97.428238
-97.495513  -97.427747
-97.505911  -97.428430
-97.515033  -97.430582
-97.524111  -97.433133
-97.531181  -97.436819
-97.544601  -97.444381
-97.549545  -97.446839
-97.556344  -97.451641
-97.561254  -97.453429
-97.569398  -97.456783
-267.324604  -266.893474
-267.335838  -266.895231
-267.387294  -266.901074
-267.405321  -266.900629
-267.417154  -266.901770
-267.437267  -266.905320
-267.447841  -266.906019
-267.457205  -266.907589
-267.474073  -266.906126
-267.483137  -266.905060
-267.494442  -266.903212
-267.507029  -266.901358
-267.512766  -266.884688
-267.533112  -266.895912
-267.540724  -266.896965
-259.657484  -260.252283
-259.666517  -260.253407
-259.685489  -260.254535
-259.694567  -260.253661
-259.701941  -260.253873
-259.711667  -260.255331
-259.717173  -260.256059
-259.721216  -260.254171
-259.724458  -260.254948
-259.731519  -260.253759
-259.733054  -260.253414
-259.737728  -260.251155
-259.740633  -260.250295
-259.744578  -260.247987
-259.746865  -260.246266
-289.840123  -291.317814
-289.862839  -291.317839
-289.937031  -291.308929
-289.957637  -291.302011
-289.974539  -291.294726
-289.999324  -291.281006
-290.011272  -291.279523
-290.031992  -291.281158
-290.043123  -291.276140
-290.052483  -291.271855
-290.059364  -291.269943
-290.065464  -291.270323
-290.070514  -291.268234
-290.074743  -291.268225
-290.078723  -291.263603
-264.817149  -266.233876
-264.834473  -266.237031
-264.875032  -266.242001
-264.903590  -266.241608
-264.926255  -266.240472
-264.968640  -266.231137
-264.987490  -266.228290
-265.016960  -266.224551
-265.043281  -266.211780
-265.069739  -266.197696
-265.097031  -266.179536
-265.113931  -266.176920
-265.125515  -266.187652
-265.141857  -266.182590
-265.156381  -266.175156
-250.678539  -252.896312
-250.707441  -252.900222
-250.851308  -252.907891
-250.936688  -252.883728
-250.984426  -252.869898
-251.078212  -252.828312
-251.132411  -252.854075
-251.227976  -252.885380
-251.286844  -252.883855
-251.342988  -252.866184
-251.375523  -252.866549
-251.404945  -252.847538
-251.434977  -252.849282
-251.467384  -252.842503
-251.493740  -252.843098
-219.058325  -218.969941
-219.138081  -218.978652
-219.309293  -218.974338
-219.350056  -218.982648
-219.443064  -218.990187
-219.474453  -219.002305
-219.511411  -219.011853
-219.563001  -219.018068
-219.598376  -219.017921
-219.630115  -219.015964
-219.647779  -219.018034
-219.681299  -219.022653
-219.692766  -219.026372
-219.714045  -219.034573
-219.728288  -219.038955
-265.364667  -265.872003
-265.380819  -265.875609
-265.425798  -265.882609
-265.443117  -265.880762
-265.461380  -265.877535
-265.487662  -265.871892
-265.500702  -265.866493
-265.509576  -265.867802
-265.526483  -265.871917
-265.533532  -265.872316
-265.539349  -265.871055
-265.544293  -265.870679
-265.550614  -265.870271
-265.552956  -265.865914
-265.556734  -265.857572
-251.529396  -252.801259
-251.552312  -252.803918
-251.656997  -252.802635
-251.674953  -252.800154
-251.715061  -252.795991
-251.741370  -252.789737
-251.760951  -252.791176
-251.801361  -252.804773
-251.835485  -252.811554
-251.859526  -252.816926
-252.011315  -252.843569
-252.054353  -252.852614
-252.133957  -252.873281
-252.178243  -252.884479
-252.273367  -252.910747
-285.730091  -285.989378
-285.746823  -285.990440
-285.808510  -285.988961
-285.823679  -285.986924
-285.845140  -285.986105
-285.868140  -285.986186
-285.879115  -285.988747
-285.886021  -285.994071
-285.893786  -285.996803
-285.897847  -285.998455
-285.900799  -286.000751
-285.903542  -286.000442
-285.906495  -286.001146
-285.908672  -286.002592
-285.912163  -286.004660
-93.018625  -92.374214
-93.020561  -92.374183
-93.027019  -92.373245
-93.030341  -92.371820
-93.031585  -92.368452
-93.033176  -92.369855
-93.034802  -92.372096
-93.036223  -92.371425
-93.037963  -92.370151
-97.554177  -97.473752
-97.558557  -97.473940
-97.586259  -97.471365
-97.591706  -97.470858
-97.592052  -97.465419
-97.600355  -97.471181
-97.603621  -97.473581
-97.608858  -97.477069
-97.612347  -97.478205
-97.615373  -97.477761
-97.618320  -97.477012
-97.624038  -97.474175
-97.626539  -97.474876
-97.631731  -97.477440
-97.634522  -97.478330
-180.318872  -180.083400
-180.371883  -180.093216
-180.483432  -180.105380
-180.507614  -180.108570
-180.554579  -180.115132
-180.579851  -180.120357
-180.624900  -180.128980
-180.656677  -180.135520
-180.692827  -180.142605
-180.713335  -180.146958
-180.742328  -180.152391
-180.764279  -180.159137
-180.793073  -180.168827
-180.809740  -180.173436
-180.831117  -180.176238
-108.376058  -108.207258
-108.397870  -108.205736
-108.481302  -108.175006
-108.492974  -108.176908
-108.519937  -108.169919
-108.529176  -108.163855
-108.538813  -108.160163
-108.546071  -108.145605
-108.552180  -108.152398
-108.556397  -108.157363
-108.559123  -108.156579
-108.563226  -108.150775
-108.565631  -108.145705
-108.567322  -108.145140
-108.569785  -108.147740
-183.952695  -184.995955
-183.992331  -184.998908
-184.103731  -184.984441
-184.149296  -184.982569
-184.211589  -184.978106
-184.225909  -184.983777
-184.241491  -184.989725
-184.251783  -184.991329
-184.264154  -184.989345
-184.273810  -184.985901
-184.282977  -184.978245
-184.291774  -184.977681
-184.307608  -184.977592
-184.314233  -184.974727
-184.317913  -184.952423
-334.235182  -333.234813
-334.251913  -333.237239
-334.319693  -333.244712
-334.343888  -333.244767
-334.360084  -333.246129
-334.401304  -333.250241
-334.427269  -333.253378
-334.449635  -333.255408
-334.462817  -333.253983
-334.475236  -333.255839
-334.489888  -333.258226
-334.503061  -333.258606
-334.509639  -333.259488
-334.520067  -333.261983
-334.524526  -333.263346
-200.348423  -201.715304
-200.415904  -201.724028
-200.545076  -201.729914
-200.579742  -201.734009
-200.653260  -201.738977
-200.672773  -201.744111
-200.710528  -201.750675
-200.725409  -201.751035
-200.745787  -201.751358
-200.761923  -201.752428
-200.777960  -201.753662
-200.790572  -201.757417
-200.804057  -201.763286
-200.811560  -201.765055
-200.830114  -201.768852
-217.086911  -217.660773
-217.149163  -217.663468
-217.302682  -217.650474
-217.352208  -217.645856
-217.440894  -217.632169
-217.480604  -217.631974
-217.555569  -217.621850
-217.596988  -217.618889
-217.650786  -217.603752
-217.679256  -217.599498
-217.724676  -217.575897
-217.746968  -217.574797
-217.771732  -217.566861
-217.787026  -217.564254
-217.803247  -217.556425
-290.686710  -291.036903
-290.712905  -291.037736
-290.802226  -291.029333
-290.819121  -291.029026
-290.862223  -291.027627
-290.872716  -291.029517
-290.890540  -291.032821
-290.901454  -291.032129
-290.912590  -291.030614
-290.923993  -291.029034
-290.935484  -291.019864
-290.941760  -291.022119
-290.954230  -291.026137
-290.963635  -291.026823
-290.968257  -291.027283
-336.511349  -338.379534
-336.541234  -338.388001
-336.652408  -338.428478
-336.678148  -338.443254
-336.710037  -338.463959
-336.738453  -338.482901
-336.762247  -338.496148
-336.790945  -338.512914
-336.817361  -338.525399
-336.853164  -338.548220
-336.875539  -338.556620
-336.906517  -338.567884
-336.935104  -338.593221
-336.963111  -338.611918
-337.019242  -338.645766
-276.860772  -278.362693
-276.926437  -278.376311
-277.228211  -278.431242
-277.328560  -278.453667
-277.646778  -278.512806
-277.836003  -278.557728
-278.054802  -278.605450
-278.131770  -278.624106
-278.251211  -278.645775
-278.297511  -278.655061
-278.347373  -278.670553
-278.385128  -278.687755
-278.416694  -278.704392
-278.451098  -278.723031
-278.486750  -278.741205
-213.168805  -212.752350
-213.211987  -212.756564
-213.323841  -212.760758
-213.358559  -212.764173
-213.410437  -212.772793
-213.435219  -212.778796
-213.464810  -212.783460
-213.485344  -212.783936
-213.513727  -212.780712
-213.531212  -212.776344
-213.548581  -212.773715
-213.565278  -212.773919
-213.578513  -212.776615
-213.589730  -212.779990
-213.598389  -212.783676
-188.646227  -189.838921
-188.701064  -189.851837
-188.878574  -189.876585
-188.928101  -189.886627
-189.055665  -189.885839
-189.113138  -189.911415
-189.165854  -189.928259
-189.226919  -189.941204
-189.247513  -189.944609
-189.278092  -189.949445
-189.311745  -189.953311
-189.342791  -189.956031
-189.371399  -189.958789
-189.401668  -189.962452
-189.427078  -189.967142
-104.066684  -103.182305
-104.087347  -103.187212
-104.169492  -103.210785
-104.186615  -103.219223
-104.210003  -103.234555
-104.226572  -103.245629
-104.242297  -103.256521
-104.254155  -103.264246
-104.273498  -103.282532
-104.283063  -103.288805
-104.297689  -103.311224
-104.301348  -103.309299
-104.303539  -103.309674
-104.305881  -103.313455
-104.307395  -103.324985
-305.482541  -304.234499
-305.511735  -304.235580
-305.619591  -304.235394
-305.644271  -304.233579
-305.672271  -304.231678
-305.693605  -304.231305
-305.710962  -304.232326
-305.724613  -304.233934
-305.735998  -304.235848
-305.747556  -304.236048
-305.756216  -304.235231
-305.765766  -304.234752
-305.777699  -304.234789
-305.788240  -304.232425
-305.793574  -304.233272
-93.039840  -92.378853
-93.046498  -92.378165
-93.067324  -92.371526
-93.077084  -92.362212
-93.081127  -92.360781
-93.090825  -92.359222
-93.095013  -92.357155
-93.097777  -92.357215
-93.100623  -92.358562
-93.103871  -92.359931
-93.108031  -92.360582
-93.111476  -92.360208
-93.112645  -92.355748
-93.116719  -92.358600
-93.120171  -92.358744
-177.181157  -175.867310
-177.192727  -175.868131
-177.233549  -175.865654
-177.249445  -175.861716
-177.265636  -175.859031
-177.282490  -175.858178
-177.293904  -175.859408
-177.303758  -175.861372
-177.310357  -175.862206
-177.321741  -175.863199
-177.332404  -175.858124
-177.337180  -175.858999
-177.348915  -175.861203
-177.360313  -175.857486
-177.368849  -175.855137
-333.960304  -333.324479
-333.968082  -333.324908
-333.992048  -333.323844
-334.004694  -333.319761
-334.010364  -333.319616
-334.017762  -333.320872
-334.021162  -333.321038
-334.025009  -333.322168
-334.016702  -333.319217
-334.034361  -333.324449
-334.035862  -333.324977
-334.039218  -333.326426
-334.042710  -333.327266
-334.043978  -333.327359
-333.950942  -333.296890
-286.348956  -285.975115
-286.354492  -285.975588
-286.371617  -285.977419
-286.376864  -285.978242
-286.386450  -285.979984
-286.395554  -285.981516
-286.407272  -285.984383
-286.413636  -285.985503
-286.419471  -285.986710
-286.423676  -285.988071
-286.426842  -285.989228
-286.433742  -285.991782
-286.438575  -285.994752
-286.445939  -285.997271
-286.447233  -285.997917
-287.166650  -286.090332
-287.176155  -286.091255
-287.209651  -286.094440
-287.222176  -286.095257
-287.233010  -286.096019
-287.248503  -286.097789
-287.260261  -286.099120
-287.265727  -286.100147
-287.271760  -286.101569
-287.274022  -286.102190
-287.277165  -286.102898
-287.281597  -286.103351
-287.286317  -286.103916
-287.290373  -286.104521
-287.294541  -286.105004
-193.457504  -191.525554
-193.481351  -191.527237
-193.543410  -191.525088
-193.560041  -191.525460
-193.591116  -191.529627
-193.611564  -191.533178
-193.624715  -191.537769
-193.652933  -191.550039
-193.668265  -191.556523
-193.688889  -191.564964
-193.700562  -191.568093
-193.725480  -191.576196
-193.737100  -191.580857
-193.753711  -191.588244
-193.763057  -191.591672
-265.094566  -265.982416
-265.110851  -265.984285
-265.176755  -265.986325
-265.211934  -265.976622
-265.226955  -265.975579
-265.263518  -265.979928
-265.293634  -265.976797
-265.308559  -265.979532
-265.348409  -265.988111
-265.366133  -265.983649
-265.376520  -265.981815
-265.403457  -265.981215
-265.424407  -265.974579
-265.436102  -265.975958
-265.466859  -265.983429
-108.077097  -108.250592
-108.103180  -108.253311
-108.166079  -108.251470
-108.176657  -108.252177
-108.200430  -108.252803
-108.208150  -108.251862
-108.219309  -108.251100
-108.229930  -108.252269
-108.241053  -108.252942
-108.248776  -108.252862
-108.261894  -108.249086
-108.270641  -108.251592
-108.278666  -108.254714
-108.282271  -108.254946
-108.232804  -108.232208
-266.340884  -266.278879
-266.346427  -266.278737
-266.363320  -266.276695
-266.369756  -266.274231
-266.373269  -266.275029
-266.385450  -266.276969
-266.389736  -266.278751
-266.396033  -266.282301
-266.399467  -266.283893
-266.405767  -266.285145
-266.408885  -266.285422
-266.411921  -266.285454
-266.414292  -266.287026
-266.416749  -266.289693
-266.418960  -266.294240
-286.571513  -285.871908
-286.582223  -285.872319
-286.614014  -285.871305
-286.626690  -285.870169
-286.641340  -285.869798
-286.654265  -285.871639
-286.665954  -285.874519
-286.672137  -285.876365
-286.677796  -285.877713
-286.685093  -285.877367
-286.690231  -285.875815
-286.695070  -285.874209
-286.699970  -285.870663
-286.703074  -285.870752
-286.708590  -285.873315
-185.878948  -185.444558
-185.903869  -185.449382
-185.971141  -185.455618
-185.989630  -185.458006
-186.027002  -185.462213
-186.041330  -185.466742
-186.060946  -185.473344
-186.071899  -185.474661
-186.080431  -185.475439
-186.092128  -185.475927
-186.099125  -185.476250
-186.106923  -185.473993
-186.112077  -185.475519
-186.122359  -185.474435
-186.127715  -185.473737
-196.263448  -196.686496
-196.310628  -196.692569
-196.445577  -196.700980
-196.488956  -196.711656
-196.578431  -196.734846
-196.614503  -196.743863
-196.697203  -196.763789
-196.746673  -196.772346
-196.792814  -196.775969
-196.815210  -196.783159
-196.840030  -196.794672
-196.855784  -196.805875
-196.871444  -196.818439
-196.890219  -196.843422
-196.905726  -196.846029
-92.101008  -91.996860
-92.105823  -91.997108
-92.120136  -91.995816
-92.124805  -91.994657
-92.129896  -91.993433
-92.134517  -91.990324
-92.136784  -91.989555
-92.140246  -91.989032
-92.142274  -91.983840
-92.143487  -91.983470
-92.145209  -91.984781
-92.148138  -91.983768
-92.150537  -91.978685
-92.151828  -91.978837
-92.152589  -91.981537
-178.131024  -179.171363
-178.164869  -179.177593
-178.270096  -179.183541
-178.309447  -179.189404
-178.439139  -179.201700
-178.501359  -179.215952
-178.622749  -179.239931
-178.685450  -179.270577
-178.719963  -179.275814
-178.756936  -179.277527
-178.773997  -179.280804
-178.804744  -179.282625
-178.821561  -179.281873
-178.839780  -179.277579
-178.851757  -179.274836
-97.278934  -97.382286
-97.289125  -97.382933
-97.326591  -97.375059
-97.334064  -97.375381
-97.353976  -97.371771
-97.360563  -97.374076
-97.367432  -97.375052
-97.370679  -97.375332
-97.374366  -97.374169
-97.377146  -97.373928
-97.382264  -97.370526
-97.385979  -97.371442
-97.390703  -97.372479
-97.383918  -97.363397
-97.395244  -97.370697
-287.293757  -286.286355
-287.302824  -286.287081
-287.342314  -286.287803
-287.352421  -286.286927
-287.363304  -286.285521
-287.374812  -286.283372
-287.380760  -286.282539
-287.386538  -286.282253
-287.389509  -286.281333
-287.394809  -286.279491
-287.396862  -286.278272
-287.401570  -286.273418
-287.403263  -286.273886
-287.405347  -286.274342
-287.407497  -286.274048
-252.964447  -253.071046
-252.972997  -253.070772
-253.010535  -253.060953
-253.021882  -253.058025
-253.049087  -253.052804
-253.063977  -253.046613
-253.071847  -253.044905
-253.084725  -253.048327
-253.099293  -253.045317
-253.107490  -253.043047
-253.125278  -253.035330
-253.134278  -253.029199
-253.144662  -253.021458
-253.152956  -253.022486
-253.161717  -253.027110
-191.483315  -191.217847
-191.530572  -191.226021
-191.651583  -191.237202
-191.674635  -191.239994
-191.731451  -191.241764
-191.751278  -191.247769
-191.776340  -191.253521
-191.794785  -191.255140
-191.814831  -191.255053
-191.826118  -191.254646
-191.839341  -191.252436
-191.848044  -191.253362
-191.862788  -191.256070
-191.870579  -191.256785
-191.880227  -191.258686
-154.133828  -155.506495
-154.152924  -155.505632
-154.213762  -155.487680
-154.228275  -155.478908
-154.243479  -155.474928
-154.258649  -155.471780
-154.264557  -155.477460
-154.275890  -155.486901
-154.282382  -155.490731
-154.288118  -155.491262
-154.298577  -155.489694
-154.304781  -155.489655
-154.313546  -155.490679
-154.318619  -155.492711
-154.323718  -155.496368
-204.756179  -206.527565
-204.807276  -206.529831
-204.942489  -206.512286
-204.976033  -206.512388
-205.059783  -206.494918
-205.088267  -206.508464
-205.128269  -206.522828
-205.160167  -206.520787
-205.193493  -206.503786
-205.209640  -206.503767
-205.248381  -206.496549
-205.264545  -206.496102
-205.288821  -206.495943
-205.304624  -206.495019
-205.319792  -206.492087
-322.092219  -324.054035
-322.113096  -324.059404
-322.207602  -324.092211
-322.226447  -324.107155
-322.236501  -324.117988
-322.255974  -324.139292
-322.273935  -324.193900
-322.282486  -324.193038
-322.310666  -324.217091
-322.322360  -324.241773
-322.340352  -324.295377
-322.363389  -324.357137
-322.415449  -324.503685
-322.433849  -324.637275
-322.516693  -324.638947
-92.996274  -92.372713
-92.998909  -92.372895
-93.007900  -92.372347
-93.013496  -92.369628
-93.016015  -92.369606
-93.018325  -92.370025
-93.020312  -92.369112
-93.022769  -92.368018
-93.024136  -92.366971
-92.981058  -92.338041
-93.024973  -92.365167
-93.025528  -92.365303
-93.026343  -92.367059
-280.926926  -283.656005
-280.981969  -283.666373
-281.135512  -283.692676
-281.184055  -283.701577
-281.387179  -283.738723
-281.492063  -283.762832
-281.651079  -283.804059
-281.727419  -283.825541
-281.822219  -283.859092
-281.862501  -283.875876
-281.902651  -283.884518
-281.956433  -283.902452
-281.976865  -283.911871
-282.005760  -283.926496
-282.030245  -283.984975
-254.202616  -253.151009
-254.215810  -253.152397
-254.271068  -253.153003
-254.293857  -253.149050
-254.311519  -253.151412
-254.333417  -253.159364
-254.342105  -253.164927
-254.346856  -253.168910
-254.352741  -253.171888
-254.358150  -253.174190
-254.363827  -253.174495
-254.365886  -253.173917
-254.369306  -253.174169
-254.374531  -253.174657
-254.377754  -253.175812
-72.833858  -73.423131
-72.841706  -73.423113
-72.858039  -73.419194
-72.861234  -73.416718
-72.863301  -73.416861
-72.827120  -73.386413
-72.874693  -73.417543
-72.876772  -73.418715
-72.879948  -73.423270
-72.882880  -73.423201
-72.887619  -73.421427
-72.889797  -73.420850
-72.892407  -73.420299
-72.892646  -73.421250
-72.894267  -73.423054
-214.693241  -213.627915
-214.739448  -213.631997
-214.867272  -213.631221
-214.899033  -213.633573
-214.965839  -213.640293
-214.987019  -213.644690
-215.036049  -213.651594
-215.053310  -213.653851
-215.083901  -213.654714
-215.097995  -213.654543
-215.121518  -213.655358
-215.136861  -213.657919
-215.147139  -213.659007
-215.158198  -213.663291
-215.169907  -213.667568
-188.387092  -190.064680
-188.440259  -190.072825
-188.547079  -190.081939
-188.578221  -190.085578
-188.702525  -190.087047
-188.731599  -190.092658
-188.811359  -190.095900
-188.840306  -190.095747
-188.885827  -190.085947
-188.906493  -190.093239
-188.942102  -190.100823
-188.961379  -190.105786
-188.991668  -190.108604
-189.008629  -190.112696
-189.031545  -190.115074
-213.220650  -213.025681
-213.280845  -213.033997
-213.418013  -213.030869
-213.459328  -213.031791
-213.534253  -213.015162
-213.551155  -213.022891
-213.574118  -213.031310
-213.583578  -213.027332
-213.593204  -213.020363
-213.598897  -213.018286
-213.608147  -213.017142
-213.615071  -213.019886
-213.620415  -213.025140
-213.625013  -213.028421
-213.628065  -213.030057
-97.599719  -97.493704
-97.602680  -97.493194
-97.613689  -97.487436
-97.615627  -97.485317
-97.619052  -97.485168
-97.459272  -97.407238
-97.627031  -97.482852
-97.628527  -97.484477
-97.630894  -97.485985
-97.631725  -97.486529
-97.630569  -97.485041
-97.634850  -97.485502
-97.636043  -97.484357
-97.637032  -97.483799
-97.639903  -97.481094
-306.039851  -304.096798
-306.046527  -304.097931
-306.077563  -304.105109
-306.089628  -304.109328
-306.101667  -304.112867
-306.116818  -304.115747
-306.127191  -304.116297
-306.133238  -304.115493
-306.136948  -304.113778
-306.139474  -304.113427
-306.141923  -304.113670
-306.145719  -304.114535
-306.146647  -304.114796
-306.149202  -304.114745
-306.151044  -304.114435
-275.754485  -274.923326
-275.787747  -274.929240
-275.913837  -274.940702
-275.954685  -274.930494
-275.980071  -274.930412
-276.058200  -274.936564
-276.083240  -274.943688
-276.104964  -274.956267
-276.134592  -274.972526
-276.159306  -274.984135
-276.176869  -274.990334
-276.186569  -274.993324
-276.198814  -274.997220
-276.212689  -275.000735
-276.224087  -275.005949
-193.184443  -191.733308
-193.216730  -191.733868
-193.307466  -191.715800
-193.327348  -191.714828
-193.376970  -191.702580
-193.390642  -191.711119
-193.413120  -191.719161
-193.427888  -191.722617
-193.437124  -191.721318
-193.445636  -191.718524
-193.451265  -191.716710
-193.456683  -191.718554
-193.460424  -191.721708
-193.463845  -191.725204
-193.466385  -191.726448
-152.217524  -151.321607
-152.236755  -151.326129
-152.291579  -151.334195
-152.318237  -151.335290
-152.340939  -151.338176
-152.363418  -151.344582
-152.382472  -151.349619
-152.393529  -151.353315
-152.414076  -151.359401
-152.429002  -151.361681
-152.440141  -151.363080
-152.451281  -151.365137
-152.464028  -151.365142
-152.471422  -151.366696
-152.480989  -151.371366
-96.014699  -96.798297
-96.017397  -96.798762
-96.022712  -96.799737
-96.024281  -96.800246
-96.025251  -96.800848
-96.026890  -96.801376
-96.028503  -96.801647
-96.029320  -96.801478
-96.002475  -96.788221
-96.030309  -96.800681
-96.031026  -96.800598
-155.951922  -155.838514
-155.973907  -155.844738
-156.032526  -155.857708
-156.045214  -155.860398
-156.068023  -155.866993
-156.092317  -155.872989
-156.105677  -155.876881
-156.139794  -155.885767
-156.155914  -155.887990
-156.168816  -155.889988
-156.190568  -155.893410
-156.209277  -155.896299
-156.227814  -155.900309
-156.247687  -155.906496
-156.271460  -155.915448
-97.677537  -97.514854
-97.681896  -97.515914
-97.694323  -97.519062
-97.696617  -97.519438
-97.702143  -97.519298
-97.703641  -97.518453
-97.705251  -97.518212
-97.706354  -97.516863
-97.707272  -97.517443
-97.708349  -97.519420
-97.709171  -97.519050
-97.710762  -97.517795
-97.711294  -97.518146
-97.712817  -97.519431
-97.714473  -97.520030
-292.083344  -291.895937
-292.115872  -291.898163
-292.210345  -291.899116
-292.251801  -291.894333
-292.309260  -291.886849
-292.379269  -291.875800
-292.429566  -291.872637
-292.485453  -291.874173
-292.521880  -291.876212
-292.562728  -291.878125
-292.605250  -291.877622
-292.646236  -291.881376
-292.694609  -291.884088
-292.721875  -291.885920
-292.742890  -291.885767
-251.392382  -252.452272
-251.409459  -252.454632
-251.463672  -252.452261
-251.474672  -252.452646
-251.496355  -252.458364
-251.520450  -252.455772
-251.529418  -252.454669
-251.552767  -252.454933
-251.567222  -252.445174
-251.575462  -252.447884
-251.588148  -252.458893
-251.597553  -252.459084
-251.620436  -252.457315
-251.633833  -252.445674
-251.643366  -252.447935
-185.155744  -186.554825
-185.219222  -186.560741
-185.318022  -186.559659
-185.331276  -186.562375
-185.378184  -186.580189
-185.385116  -186.588347
-185.386684  -186.589737
-185.391556  -186.593676
-185.393169  -186.593155
-185.395004  -186.592247
-185.395907  -186.593430
-185.396672  -186.595723
-185.397742  -186.597312
-185.401183  -186.601156
-185.402143  -186.603519
-181.398977  -180.513697
-181.430586  -180.520301
-181.525992  -180.536545
-181.557178  -180.542721
-181.606440  -180.555719
-181.640679  -180.565878
-181.676960  -180.575124
-181.704208  -180.579809
-181.726648  -180.581546
-181.737617  -180.581263
-181.745604  -180.580762
-181.753553  -180.580320
-181.761471  -180.582843
-181.772294  -180.588498
-181.776903  -180.592233
-262.614297  -264.679533
-262.640693  -264.684933
-262.749638  -264.702231
-262.796436  -264.702119
-262.820913  -264.703457
-262.912736  -264.703463
-262.942201  -264.705486
-262.982340  -264.710665
-263.010810  -264.716452
-263.056636  -264.725665
-263.085214  -264.729093
-263.114802  -264.736282
-263.151742  -264.746848
-263.192164  -264.761295
-263.241843  -264.781975
-317.926617  -319.078532
-317.962319  -319.087377
-318.064572  -319.104616
-318.097005  -319.107249
-318.148990  -319.111976
-318.186603  -319.116489
-318.220522  -319.121582
-318.252979  -319.125104
-318.279420  -319.126484
-318.304779  -319.127333
-318.329072  -319.127293
-318.347276  -319.128001
-318.362809  -319.129653
-318.375471  -319.130953
-318.389121  -319.133064
-291.960596  -291.798337
-291.982334  -291.800184
-292.053201  -291.803267
-292.075383  -291.802646
-292.109250  -291.801299
-292.139785  -291.795893
-292.152095  -291.795165
-292.173568  -291.795542
-292.185255  -291.793294
-292.196211  -291.791666
-292.205143  -291.792251
-292.214101  -291.794542
-292.222130  -291.796392
-292.225124  -291.797703
-292.229630  -291.798145
-279.158480  -279.551453
-279.166472  -279.552178
-279.188643  -279.553611
-279.193561  -279.554146
-279.197978  -279.555474
-279.202776  -279.557575
-279.208917  -279.563317
-279.210894  -279.563126
-279.214867  -279.564945
-279.216704  -279.566129
-279.219497  -279.568249
-279.221290  -279.569522
-279.223900  -279.571774
-279.224213  -279.575563
-279.226219  -279.573923
-163.510450  -163.007020
-163.536277  -163.015258
-163.593000  -163.031858
-163.613861  -163.037112
-163.636286  -163.041903
-163.656938  -163.044708
-163.681804  -163.046142
-163.705144  -163.046657
-163.726825  -163.045939
-163.744246  -163.047279
-163.773950  -163.047711
-163.793433  -163.050845
-163.828538  -163.051673
-163.845999  -163.057402
-163.886403  -163.060621
-252.642733  -252.691700
-252.687717  -252.700002
-252.796707  -252.717067
-252.825991  -252.721249
-252.880188  -252.731684
-252.921734  -252.742161
-252.953742  -252.752919
-252.993106  -252.769424
-253.017455  -252.781367
-253.038990  -252.791930
-253.059987  -252.803483
-253.081013  -252.816214
-253.101971  -252.830520
-253.114192  -252.838797
-253.124544  -252.845749
-272.285415  -272.422660
-272.313738  -272.426750
-272.381466  -272.433977
-272.396501  -272.435431
-272.427541  -272.439445
-272.450231  -272.443649
-272.475947  -272.449811
-272.500095  -272.457373
-272.520270  -272.465851
-272.544577  -272.477830
-272.569279  -272.488724
-272.616074  -272.507266
-272.661163  -272.522028
-272.717828  -272.543616
-272.750387  -272.558587
-290.377461  -291.172434
-290.432801  -291.178488
-290.596388  -291.188327
-290.640580  -291.191471
-290.709155  -291.196775
-290.755426  -291.199712
-290.805504  -291.203448
-290.850824  -291.206444
-290.879371  -291.208183
-290.902359  -291.209741
-290.923275  -291.211724
-290.948201  -291.213408
-290.968840  -291.214289
-290.988620  -291.213472
-291.003815  -291.213588
-311.367965  -311.792603
-311.416046  -311.800934
-311.551791  -311.808867
-311.585192  -311.803843
-311.658285  -311.788126
-311.708930  -311.778988
-311.746832  -311.778804
-311.776207  -311.781923
-311.809346  -311.783954
-311.845120  -311.782385
-311.876440  -311.779289
-311.903181  -311.777345
-311.931684  -311.772218
-311.956005  -311.777368
-311.988291  -311.783538
-288.186805  -288.142901
-288.237785  -288.159185
-288.424774  -288.199345
-288.456648  -288.199985
-288.531170  -288.201159
-288.583965  -288.199733
-288.619665  -288.206370
-288.661098  -288.219751
-288.700226  -288.235671
-288.739308  -288.252026
-288.767500  -288.266991
-288.798425  -288.281981
-288.818575  -288.292560
-288.839132  -288.300542
-288.850846  -288.307017
-166.111343  -167.170201
-166.143458  -167.178330
-166.239584  -167.197109
-166.265134  -167.201468
-166.327931  -167.203446
-166.345367  -167.201208
-166.380495  -167.172523
-166.407755  -167.185520
-166.432503  -167.188694
-166.456356  -167.183250
-166.475308  -167.179262
-166.498354  -167.171642
-166.510533  -167.175124
-166.541494  -167.175919
-166.557350  -167.186557
-81.297475  -80.614627
-81.303850  -80.616755
-81.319464  -80.621655
-81.323037  -80.622926
-81.327362  -80.624710
-81.330118  -80.625775
-81.332183  -80.626543
-81.334629  -80.627476
-81.336867  -80.628183
-81.340986  -80.629466
-81.343740  -80.630278
-81.347098  -80.631574
-81.351187  -80.633479
-81.355940  -80.636473
-81.358246  -80.637861
-102.305215  -102.796805
-102.308227  -102.796103
-102.316526  -102.790856
-102.318897  -102.788396
-102.320772  -102.784983
-102.322470  -102.784073
-102.324046  -102.778363
-102.325396  -102.780746
-102.326284  -102.781388
-102.327967  -102.781179
-102.328103  -102.775819
-102.329787  -102.777721
-102.330780  -102.777252
-102.331044  -102.777876
-102.331846  -102.777322
-332.493133  -332.421554
-332.523546  -332.428740
-332.627801  -332.447011
-332.651280  -332.449497
-332.694010  -332.453857
-332.721913  -332.455897
-332.749096  -332.456629
-332.773646  -332.457520
-332.794093  -332.461591
-332.824084  -332.465544
-332.842471  -332.469690
-332.865720  -332.475769
-332.887720  -332.481382
-332.909314  -332.486952
-332.926695  -332.492310
-327.426628  -326.861363
-327.443232  -326.862276
-327.500938  -326.856498
-327.513277  -326.853472
-327.529510  -326.852962
-327.549060  -326.848499
-327.557877  -326.852183
-327.572754  -326.861410
-327.582294  -326.862981
-327.589565  -326.862323
-327.597758  -326.861356
-327.604726  -326.862248
-327.611259  -326.865529
-327.616470  -326.867418
-327.621875  -326.868956
-92.630256  -92.322632
-92.665142  -92.329256
-92.740537  -92.332910
-92.756098  -92.334472
-92.786434  -92.332564
-92.796850  -92.334408
-92.822348  -92.338569
-92.831538  -92.338738
-92.836799  -92.339232
-92.840782  -92.341217
-92.847390  -92.342774
-92.852441  -92.345546
-92.858768  -92.347670
-92.864414  -92.349926
-92.869403  -92.351952
-151.682916  -150.398155
-151.703030  -150.403505
-151.769827  -150.415744
-151.787364  -150.419371
-151.825944  -150.428904
-151.839178  -150.433341
-151.855245  -150.440385
-151.877883  -150.451936
-151.904750  -150.471615
-151.918737  -150.477843
-151.945477  -150.486435
-151.971783  -150.501072
-152.031910  -150.538385
-152.050700  -150.559151
-152.080866  -150.565541
-271.876464  -272.702608
-271.966990  -272.720490
-272.231156  -272.760394
-272.317142  -272.771572
-272.484413  -272.790046
-272.596210  -272.803314
-272.759579  -272.820489
-272.834613  -272.842140
-272.937766  -272.867188
-272.985665  -272.880237
-273.025839  -272.884417
-273.071499  -272.891633
-273.126586  -272.899855
-273.195235  -272.913766
-273.248582  -272.924889
-251.405084  -253.059766
-251.418973  -253.060042
-251.462810  -253.054194
-251.485882  -253.036756
-251.497046  -253.032314
-251.515149  -253.033491
-251.528913  -253.021321
-251.538552  -253.018022
-251.552882  -253.019126
-251.569007  -253.008100
-251.583782  -252.996441
-251.604062  -252.974200
-251.619437  -252.957757
-251.650197  -252.935882
-251.683685  -252.903515
-238.971619  -239.286981
-239.030954  -238.566433
-239.012156  -238.563785
-239.086648  -238.740238
-239.110760  -238.768355
-239.131832  -238.792193
-239.155184  -238.813675
-239.179712  -238.836844
-239.194600  -238.857091
-239.212834  -238.881677
-239.243009  -238.917768
-239.274154  -238.955572
-239.276911  -238.956255
-239.279924  -238.955431
-244.107974  -242.698008
-245.997961  -245.718329
-246.037192  -245.766929
-246.094951  -245.844116
-246.119830  -245.874777
-246.139311  -245.899379
-246.159490  -245.927911
-246.172875  -245.948723
-246.178672  -245.956627
-246.188488  -245.971468
-246.191269  -245.977125
-246.196796  -245.991043
-246.204287  -246.011571
-246.256331  -246.094993
-246.285391  -246.132018
-246.303453  -246.153037
-246.321068  -246.174155
-246.341658  -246.198826
-246.347482  -246.206272
-246.351225  -246.212583
-246.351767  -246.214870
-246.352811  -246.219058
-246.348964  -246.217062
-246.352573  -246.225669
-246.355841  -246.233046
-246.356433  -246.233148
-246.361554  -246.239094
-246.368038  -246.245724
-246.373285  -246.253539
-246.376008  -246.262071
-246.377050  -246.270320
-246.377252  -246.276797
-246.170936  -245.777204
-246.224200  -245.823488
-246.242068  -245.841766
-246.259427  -245.857869
-246.266425  -245.860572
-246.268703  -245.862063
-246.270590  -245.860295
-246.267148  -245.854030
-246.269398  -245.857377
-246.267813  -245.854706
-246.281724  -245.872317
-246.291772  -245.883499
-246.301371  -245.898784
-246.309144  -245.913134
-246.314889  -245.929321
-246.309094  -245.938748
-246.300164  -245.945107
-246.292123  -245.956132
-246.286335  -245.954094
-246.283007  -245.957687
-246.269611  -245.955492
-246.243971  -245.950541
-246.234435  -245.944930
-246.238471  -245.951632
-246.237440  -245.948642
-246.242279  -245.957350
-246.255710  -245.979157
-246.275446  -246.007190
-246.300949  -246.038474
-246.321802  -246.064481
-246.342544  -246.094681
-246.350587  -246.114480
-246.346142  -246.117259
-246.345053  -246.127421
-246.341089  -246.146721
-246.337910  -246.156553
-246.333464  -246.158456
-246.323756  -246.154574
-246.310587  -246.146298
-246.298507  -246.138844
-246.288110  -246.133443
-246.277524  -246.128098
-246.276872  -246.129641
-246.277281  -246.131110
-246.285052  -246.139676
-246.295492  -246.151426
-246.304926  -246.166818
-246.309205  -246.176361
-246.315957  -246.192687
-246.320089  -246.200455
-246.323004  -246.201047
-246.327007  -246.201883
-246.331627  -246.204751
-246.329899  -246.210660
-246.330322  -246.215846
-246.327225  -246.210007
-246.322168  -246.205242
-246.322658  -246.199257
-246.321721  -246.195251
-244.579921  -244.866038
-244.594179  -244.880426
-244.612250  -244.906307
-244.635164  -244.941751
-244.639435  -244.951592
-244.641362  -244.957660
-244.635487  -244.957609
-244.624675  -244.952321
-244.622549  -244.954608
-244.611125  -244.956649
-244.596039  -244.963389
-244.601305  -244.975885
-244.604924  -244.988841
-258.125900  -257.808260
-258.103457  -257.793811
-258.084853  -257.784314
-258.072971  -257.779306
-258.062845  -257.773800
-258.065358  -257.773116
-258.066607  -257.774341
-258.064110  -257.767601
-258.064023  -257.770103
-258.058896  -257.768068
-258.059887  -257.769019
-258.262812  -257.984945
-258.306476  -258.031051
-258.342980  -258.090623
-258.355380  -258.113835
-258.369557  -258.139212
-258.378806  -258.153258
-258.398267  -258.166977
-258.405133  -258.182963
-258.408622  -258.186344
-257.335802  -257.645570
-257.526613  -257.884888
-257.556808  -257.921948
-257.573407  -257.949731
-257.592937  -257.986901
-257.606607  -258.013649
-257.623530  -258.034817
-257.634541  -258.047735
-257.645222  -258.063057
-257.654902  -258.084277
-257.658552  -258.097897
-257.661466  -258.108200
-257.665037  -258.114519
-257.666393  -258.120806
-257.662158  -258.126473
-257.657470  -258.127944
-257.651920  -258.128021
-257.659230  -258.136941
-257.667844  -258.149367
-257.670433  -258.157132
-257.669210  -258.161436
-257.663145  -258.164874
-257.661871  -258.169147
-257.654408  -258.177688
-257.654111  -258.182045
-257.653750  -258.183156
-257.660068  -258.188866
-257.678138  -258.203117
-257.692506  -258.215063
-257.713647  -258.233140
-257.723998  -258.243159
-257.748408  -258.264917
-257.765108  -258.278038
-257.777844  -258.286691
-257.786376  -258.292049
-257.789982  -258.294942
-257.803838  -258.310081
-257.822434  -258.327673
-257.840828  -258.344507
-257.867546  -258.370043
-259.609225  -259.674190
-259.640603  -259.720772
-259.641176  -259.724900
-259.640037  -259.723147
-259.644961  -259.723578
-259.656699  -259.729687
-259.663106  -259.735682
-259.661503  -259.736394
-259.663177  -259.739489
-251.702996  -251.274718
-253.229979  -253.289436
-253.265401  -253.322907
-253.321526  -253.371026
-253.337076  -253.388324
-253.349662  -253.405541
-253.360466  -253.416138
-253.377939  -253.431078
-253.389594  -253.441051
-253.392553  -253.441500
-253.397538  -253.441091
-253.407222  -253.451702
-253.410241  -253.458547
-253.405660  -253.454145
-253.406161  -253.459542
-253.407559  -253.466164
-253.409190  -253.469210
-173.493988  -172.882170
-173.651866  -173.057046
-173.657564  -173.067423
-173.650598  -173.062652
-173.625298  -173.041480
-173.621905  -173.043199
-173.603707  -173.042213
-173.614150  -173.060113
-173.629763  -173.083000
-173.646733  -173.100160
-173.668363  -173.116257
-173.763520  -173.213256
-173.776022  -173.225262
-173.787923  -173.236493
-173.814018  -173.255246
-173.833598  -173.274801
-173.851910  -173.292802
-173.858424  -173.297751
-173.874102  -173.314716
-173.908346  -173.349656
-173.919556  -173.356994
-173.957899  -173.396863
-173.971711  -173.416739
-173.981508  -173.432585
-174.005639  -173.468965
-174.014584  -173.479399
-174.024175  -173.491403
-174.041799  -173.514088
-174.090101  -173.571947
-174.111797  -173.596003
-174.257281  -173.755142
-174.266663  -173.769612
-174.273090  -173.779815
-174.278221  -173.785692
-174.278808  -173.787291
-174.275240  -173.781940
-263.168938  -261.774479
-263.168938  -261.774479
-264.542288  -264.349012
-264.552091  -264.368086
-264.575758  -264.407669
-264.971641  -264.949799
-264.984001  -264.971658
-265.004598  -265.001051
-265.020041  -265.021815
-265.031320  -265.036903
-265.046385  -265.056169
-265.062686  -265.079395
-265.077751  -265.101670
-265.108416  -265.144292
-265.129382  -265.172814
-265.158219  -265.206978
-265.177600  -265.229587
-265.212043  -265.269240
-265.234030  -265.299102
-265.250093  -265.318571
-265.275907  -265.347853
-265.288231  -265.362089
-265.377589  -265.459994
-265.393226  -265.472327
-265.399197  -265.477201
-265.399063  -265.476608
-265.396381  -265.472031
-265.400233  -265.475002
-265.415471  -265.496180
-265.424901  -265.505115
-265.440665  -265.519947
-265.453813  -265.534107
-265.473355  -265.558510
-265.488299  -265.576565
-265.499401  -265.586940
-265.504138  -265.591323
-265.511262  -265.594669
-265.507354  -265.588733
-265.512534  -265.599137
-265.512725  -265.607616
-265.507796  -265.607679
-265.504198  -265.604282
-265.501374  -265.598825
-265.500439  -265.597176
-265.500752  -265.599586
-265.501009  -265.600972
-265.492002  -265.593756
-265.486814  -265.589751
-265.727176  -265.843345
-265.743129  -265.862966
-265.757879  -265.884020
-265.774243  -265.906866
-265.795884  -265.937445
-265.805452  -265.955065
-265.807723  -265.965335
-265.807625  -265.972206
-265.807987  -265.975606
-265.807894  -265.975024
-265.805598  -265.971661
-265.803292  -265.968529
-265.802313  -265.965896
-265.801266  -265.964702
-265.799395  -265.963434
-265.797120  -265.964222
-265.791584  -265.961662
-261.862095  -261.814163
-261.875999  -261.831903
-261.905541  -261.881613
-261.913252  -261.913539
-261.908377  -261.925642
-261.891859  -261.926485
-261.892708  -261.930010
-261.899389  -261.939340
-261.921465  -261.966255
-261.941778  -261.999066
-261.950402  -262.020563
-261.943137  -262.019862
-261.911809  -262.007123
-261.876448  -261.996189
-261.855796  -261.997938
-261.869857  -262.145550
-261.881765  -262.153187
-261.900133  -262.172788
-261.925375  -262.204121
-261.930522  -262.211653
-261.958987  -262.246857
-264.117191  -263.804109
-264.238751  -263.909621
-264.254703  -263.917670
-264.278433  -263.931763
-264.299303  -263.943612
-264.305992  -263.947387
-264.317641  -263.943984
-264.322713  -263.945909
-264.330067  -263.951834
-264.329226  -263.959400
-264.323146  -263.963944
-264.309328  -263.966451
-264.306529  -263.985618
-264.294832  -264.000382
-264.288430  -264.007005
-264.241918  -263.990967
-264.216885  -263.975915
-264.222722  -263.989486
-264.240044  -264.024714
-264.249411  -264.045837
-264.252966  -264.052895
-264.268039  -264.075494
-264.290816  -264.106461
-264.414216  -264.311883
-264.419657  -264.314767
-264.417014  -264.312568
-264.410371  -264.310374
-264.400789  -264.305526
-264.400224  -264.304850
-264.395404  -264.294157
-264.390583  -264.286734
-264.391122  -264.282290
-264.394009  -264.279390
-264.396626  -264.285016
-264.393527  -264.281902
-264.393645  -264.286944
-264.399435  -264.300651
-264.404368  -264.308285
-264.412298  -264.329029
-264.427643  -264.359695
-264.465761  -264.412684
-264.510198  -264.468255
-264.528860  -264.489570
-264.557929  -264.520404
-264.602174  -264.566276
-264.619290  -264.583708
-264.647032  -264.608579
-264.843047  -264.844630
-264.855315  -264.857516
-264.869643  -264.868974
-264.875064  -264.874936
-264.921288  -264.932951
-265.096750  -265.136057
-265.104114  -265.145234
-265.116845  -265.158892
-265.124814  -265.169767
-265.202143  -265.291579
-265.210819  -265.305049
-265.221039  -265.324164
-265.228331  -265.338364
-265.232156  -265.347500
-265.234415  -265.354935
-265.238846  -265.361380
-265.244982  -265.366818
-265.249390  -265.371067
-265.256013  -265.376328
-265.264115  -265.385307
-265.287415  -265.412479
-265.315825  -265.442525
-265.355664  -265.490796
-265.373234  -265.512400
-186.748406  -186.248301
-186.765874  -186.265835
-186.784811  -186.287400
-186.828227  -186.343564
-186.916199  -186.448186
-186.939585  -186.475914
-186.950851  -186.490020
-186.963886  -186.506871
-186.985818  -186.532463
-187.008242  -186.558401
-187.018329  -186.572824
-187.023768  -186.589620
-187.026034  -186.610529
-187.032572  -186.625729
-187.040332  -186.638029
-187.047835  -186.648371
-187.057603  -186.661681
-187.071963  -186.681596
-187.078106  -186.692434
-187.084397  -186.700495
-187.098183  -186.716713
-187.113062  -186.735282
-187.131366  -186.765069
-187.137194  -186.775130
-187.143500  -186.786498
-187.146246  -186.791942
-187.145276  -186.792497
-187.141052  -186.790371
-187.137186  -186.790874
-187.141417  -186.799307
-187.142648  -186.804646
-187.141201  -186.803378
-187.141724  -186.801979
-166.312007  -165.588226
-166.327425  -165.601597
-166.337414  -165.612476
-166.349479  -165.626727
-166.364422  -165.643361
-166.380448  -165.658180
-166.405812  -165.677904
-166.438271  -165.707304
-166.505315  -165.769528
-166.548350  -165.805041
-166.595806  -165.852908
-166.609680  -165.870305
-166.638513  -165.904414
-166.661316  -165.932298
-166.698244  -165.976853
-166.723726  -166.005151
-166.735270  -166.018144
-166.755223  -166.037594
-166.776869  -166.058647
-166.796039  -166.083147
-166.811038  -166.102218
-166.832911  -166.127282
-166.891982  -166.197504
-166.935880  -166.242151
-166.978921  -166.283733
-166.996272  -166.305402
-167.005238  -166.314700
-167.017454  -166.330687
-167.033722  -166.351588
-167.041763  -166.360950
-167.044876  -166.361769
-167.052475  -166.371891
-167.062591  -166.387353
-167.064280  -166.392590
-167.065799  -166.397466
-167.069827  -166.403305
-167.086068  -166.424558
-167.096437  -166.435553
-167.096837  -166.435398
-167.103257  -166.442035
-157.653749  -156.886095
-158.137178  -157.629987
-158.012804  -157.796808
-158.037658  -157.826854
-158.055371  -157.851753
-158.053868  -157.854237
-158.066275  -157.864647
-158.084105  -157.882149
-158.101287  -157.902994
-158.129768  -157.958575
-158.337329  -158.251223
-158.358082  -158.287502
-158.371768  -158.312574
-158.377409  -158.327472
-158.384041  -158.341046
-158.387340  -158.352067
-158.389531  -158.359148
-158.402914  -158.374772
-158.416291  -158.392767
-158.415014  -158.391728
-158.416428  -158.392373
-158.413926  -158.391916
