2025-07-12 13:20:08,782 - DEBUG - Creating converter from 7 to 5
2025-07-12 13:20:08,782 - DEBUG - Creating converter from 5 to 7
2025-07-12 13:20:08,782 - DEBUG - Creating converter from 7 to 5
2025-07-12 13:20:08,782 - DEBUG - Creating converter from 5 to 7
2025-07-12 13:20:11,126 - DEBUG - CACHEDIR=/home/cchen/.cache/matplotlib
2025-07-12 13:20:11,128 - DEBUG - Using fontManager instance from /home/cchen/.cache/matplotlib/fontlist-v390.json
2025-07-12 13:20:23,932 - DEBUG - Falling back to TensorFlow client; we recommended you install the Cloud TPU client directly with pip install cloud-tpu-client.
2025-07-12 13:20:24,938 - WARNING - From /home/cchen/apps/deepmd-kit/lib/python3.11/site-packages/tensorflow/python/compat/v2_compat.py:108: disable_resource_variables (from tensorflow.python.ops.variable_scope) is deprecated and will be removed in a future version.
Instructions for updating:
non-resource variables are not supported in the long term
2025-07-12 13:20:24,938 - WARNING - To get the best performance, it is recommended to adjust the number of threads by setting the environment variables OMP_NUM_THREADS, DP_INTRA_OP_PARALLELISM_THREADS, and DP_INTER_OP_PARALLELISM_THREADS. See https://deepmd.rtfd.io/parallelism/ for more information.
2025-07-12 13:20:25,069 - DEBUG - importing op module: ._add_flt_nvnmd_grad
2025-07-12 13:20:25,069 - DEBUG - importing op module: ._copy_flt_nvnmd_grad
2025-07-12 13:20:25,069 - DEBUG - importing op module: ._dotmul_flt_nvnmd_grad
2025-07-12 13:20:25,070 - DEBUG - importing op module: ._flt_nvnmd_grad
2025-07-12 13:20:25,070 - DEBUG - importing op module: ._gelu
2025-07-12 13:20:25,070 - DEBUG - importing op module: ._map_flt_nvnmd_grad
2025-07-12 13:20:25,071 - DEBUG - importing op module: ._matmul_fitnet_nvnmd_grad
2025-07-12 13:20:25,071 - DEBUG - importing op module: ._matmul_flt2fix_nvnmd
2025-07-12 13:20:25,071 - DEBUG - importing op module: ._matmul_flt_nvnmd_grad
2025-07-12 13:20:25,072 - DEBUG - importing op module: ._mul_flt_nvnmd_grad
2025-07-12 13:20:25,072 - DEBUG - importing op module: ._prod_force_grad
2025-07-12 13:20:25,072 - DEBUG - importing op module: ._prod_force_se_a_grad
2025-07-12 13:20:25,072 - DEBUG - importing op module: ._prod_force_se_a_mask_grad
2025-07-12 13:20:25,073 - DEBUG - importing op module: ._prod_force_se_r_grad
2025-07-12 13:20:25,073 - DEBUG - importing op module: ._prod_virial_grad
2025-07-12 13:20:25,073 - DEBUG - importing op module: ._prod_virial_se_a_grad
2025-07-12 13:20:25,074 - DEBUG - importing op module: ._prod_virial_se_r_grad
2025-07-12 13:20:25,074 - DEBUG - importing op module: ._quantize_nvnmd_grad
2025-07-12 13:20:25,074 - DEBUG - importing op module: ._soft_min_force_grad
2025-07-12 13:20:25,075 - DEBUG - importing op module: ._soft_min_virial_grad
2025-07-12 13:20:25,075 - DEBUG - importing op module: ._tabulate_grad
2025-07-12 13:20:25,076 - DEBUG - importing op module: ._tanh4_flt_nvnmd_grad
2025-07-12 13:20:26,044 - INFO - If you encounter the error 'an illegal memory access was encountered', this may be due to a TensorFlow issue. To avoid this, set the environment variable DP_INFER_BATCH_SIZE to a smaller value than the last adjusted batch size. The environment variable DP_INFER_BATCH_SIZE controls the inference batch size (nframes * natoms). 
2025-07-12 13:20:26,167 - WARNING - /home/cchen/Hiccup/core/PesExploration/tools/energy_structure_filter.py:97: DeprecationWarning: Please use atoms.calc = calc
  atoms.set_calculator(calculator)

2025-07-12 13:20:27,020 - WARNING - /home/cchen/Hiccup/core/PesExploration/tools/energy_structure_filter.py:97: DeprecationWarning: Please use atoms.calc = calc
  atoms.set_calculator(calculator)

2025-07-12 13:20:27,065 - WARNING - /home/cchen/Hiccup/core/PesExploration/tools/energy_structure_filter.py:97: DeprecationWarning: Please use atoms.calc = calc
  atoms.set_calculator(calculator)

2025-07-12 13:20:27,095 - WARNING - /home/cchen/Hiccup/core/PesExploration/tools/energy_structure_filter.py:97: DeprecationWarning: Please use atoms.calc = calc
  atoms.set_calculator(calculator)

2025-07-12 13:20:27,127 - WARNING - /home/cchen/Hiccup/core/PesExploration/tools/energy_structure_filter.py:97: DeprecationWarning: Please use atoms.calc = calc
  atoms.set_calculator(calculator)

2025-07-12 13:20:27,172 - WARNING - /home/cchen/Hiccup/core/PesExploration/tools/energy_structure_filter.py:97: DeprecationWarning: Please use atoms.calc = calc
  atoms.set_calculator(calculator)

2025-07-12 13:20:27,209 - WARNING - /home/cchen/Hiccup/core/PesExploration/tools/energy_structure_filter.py:97: DeprecationWarning: Please use atoms.calc = calc
  atoms.set_calculator(calculator)

2025-07-12 13:20:27,239 - WARNING - /home/cchen/Hiccup/core/PesExploration/tools/energy_structure_filter.py:97: DeprecationWarning: Please use atoms.calc = calc
  atoms.set_calculator(calculator)

2025-07-12 13:20:27,282 - WARNING - /home/cchen/Hiccup/core/PesExploration/tools/energy_structure_filter.py:97: DeprecationWarning: Please use atoms.calc = calc
  atoms.set_calculator(calculator)

2025-07-12 13:20:27,318 - WARNING - /home/cchen/Hiccup/core/PesExploration/tools/energy_structure_filter.py:97: DeprecationWarning: Please use atoms.calc = calc
  atoms.set_calculator(calculator)

2025-07-12 13:20:27,358 - WARNING - /home/cchen/Hiccup/core/PesExploration/tools/energy_structure_filter.py:97: DeprecationWarning: Please use atoms.calc = calc
  atoms.set_calculator(calculator)

2025-07-12 13:20:27,392 - WARNING - /home/cchen/Hiccup/core/PesExploration/tools/energy_structure_filter.py:97: DeprecationWarning: Please use atoms.calc = calc
  atoms.set_calculator(calculator)

2025-07-12 13:20:27,436 - WARNING - /home/cchen/Hiccup/core/PesExploration/tools/energy_structure_filter.py:97: DeprecationWarning: Please use atoms.calc = calc
  atoms.set_calculator(calculator)

2025-07-12 13:20:27,479 - WARNING - /home/cchen/Hiccup/core/PesExploration/tools/energy_structure_filter.py:97: DeprecationWarning: Please use atoms.calc = calc
  atoms.set_calculator(calculator)

2025-07-12 13:20:27,518 - WARNING - /home/cchen/Hiccup/core/PesExploration/tools/energy_structure_filter.py:97: DeprecationWarning: Please use atoms.calc = calc
  atoms.set_calculator(calculator)

2025-07-12 13:20:27,549 - WARNING - /home/cchen/Hiccup/core/PesExploration/tools/energy_structure_filter.py:97: DeprecationWarning: Please use atoms.calc = calc
  atoms.set_calculator(calculator)

2025-07-12 13:20:27,581 - WARNING - /home/cchen/Hiccup/core/PesExploration/tools/energy_structure_filter.py:97: DeprecationWarning: Please use atoms.calc = calc
  atoms.set_calculator(calculator)

2025-07-12 13:20:27,624 - WARNING - /home/cchen/Hiccup/core/PesExploration/tools/energy_structure_filter.py:97: DeprecationWarning: Please use atoms.calc = calc
  atoms.set_calculator(calculator)

2025-07-12 13:20:27,662 - WARNING - /home/cchen/Hiccup/core/PesExploration/tools/energy_structure_filter.py:97: DeprecationWarning: Please use atoms.calc = calc
  atoms.set_calculator(calculator)

2025-07-12 13:20:27,702 - WARNING - /home/cchen/Hiccup/core/PesExploration/tools/energy_structure_filter.py:97: DeprecationWarning: Please use atoms.calc = calc
  atoms.set_calculator(calculator)

2025-07-12 13:20:27,743 - WARNING - /home/cchen/Hiccup/core/PesExploration/tools/energy_structure_filter.py:97: DeprecationWarning: Please use atoms.calc = calc
  atoms.set_calculator(calculator)

2025-07-12 13:20:27,781 - WARNING - /home/cchen/Hiccup/core/PesExploration/tools/energy_structure_filter.py:97: DeprecationWarning: Please use atoms.calc = calc
  atoms.set_calculator(calculator)

2025-07-12 13:20:27,821 - WARNING - /home/cchen/Hiccup/core/PesExploration/tools/energy_structure_filter.py:97: DeprecationWarning: Please use atoms.calc = calc
  atoms.set_calculator(calculator)

2025-07-12 13:20:27,864 - WARNING - /home/cchen/Hiccup/core/PesExploration/tools/energy_structure_filter.py:97: DeprecationWarning: Please use atoms.calc = calc
  atoms.set_calculator(calculator)

2025-07-12 13:20:27,905 - WARNING - /home/cchen/Hiccup/core/PesExploration/tools/energy_structure_filter.py:97: DeprecationWarning: Please use atoms.calc = calc
  atoms.set_calculator(calculator)

2025-07-12 13:20:27,945 - WARNING - /home/cchen/Hiccup/core/PesExploration/tools/energy_structure_filter.py:97: DeprecationWarning: Please use atoms.calc = calc
  atoms.set_calculator(calculator)

2025-07-12 13:20:27,985 - WARNING - /home/cchen/Hiccup/core/PesExploration/tools/energy_structure_filter.py:97: DeprecationWarning: Please use atoms.calc = calc
  atoms.set_calculator(calculator)

2025-07-12 13:20:28,015 - WARNING - /home/cchen/Hiccup/core/PesExploration/tools/energy_structure_filter.py:97: DeprecationWarning: Please use atoms.calc = calc
  atoms.set_calculator(calculator)

2025-07-12 13:20:28,041 - WARNING - /home/cchen/Hiccup/core/PesExploration/tools/energy_structure_filter.py:97: DeprecationWarning: Please use atoms.calc = calc
  atoms.set_calculator(calculator)

2025-07-12 13:20:28,068 - WARNING - /home/cchen/Hiccup/core/PesExploration/tools/energy_structure_filter.py:97: DeprecationWarning: Please use atoms.calc = calc
  atoms.set_calculator(calculator)

2025-07-12 13:20:28,095 - WARNING - /home/cchen/Hiccup/core/PesExploration/tools/energy_structure_filter.py:97: DeprecationWarning: Please use atoms.calc = calc
  atoms.set_calculator(calculator)

2025-07-12 13:20:28,122 - WARNING - /home/cchen/Hiccup/core/PesExploration/tools/energy_structure_filter.py:97: DeprecationWarning: Please use atoms.calc = calc
  atoms.set_calculator(calculator)

2025-07-12 13:20:28,160 - WARNING - /home/cchen/Hiccup/core/PesExploration/tools/energy_structure_filter.py:97: DeprecationWarning: Please use atoms.calc = calc
  atoms.set_calculator(calculator)

2025-07-12 13:20:28,199 - WARNING - /home/cchen/Hiccup/core/PesExploration/tools/energy_structure_filter.py:97: DeprecationWarning: Please use atoms.calc = calc
  atoms.set_calculator(calculator)

2025-07-12 13:20:28,238 - WARNING - /home/cchen/Hiccup/core/PesExploration/tools/energy_structure_filter.py:97: DeprecationWarning: Please use atoms.calc = calc
  atoms.set_calculator(calculator)

2025-07-12 13:20:28,277 - WARNING - /home/cchen/Hiccup/core/PesExploration/tools/energy_structure_filter.py:97: DeprecationWarning: Please use atoms.calc = calc
  atoms.set_calculator(calculator)

2025-07-12 13:20:28,303 - WARNING - /home/cchen/Hiccup/core/PesExploration/tools/energy_structure_filter.py:97: DeprecationWarning: Please use atoms.calc = calc
  atoms.set_calculator(calculator)

2025-07-12 13:20:28,330 - WARNING - /home/cchen/Hiccup/core/PesExploration/tools/energy_structure_filter.py:97: DeprecationWarning: Please use atoms.calc = calc
  atoms.set_calculator(calculator)

2025-07-12 13:20:28,356 - WARNING - /home/cchen/Hiccup/core/PesExploration/tools/energy_structure_filter.py:97: DeprecationWarning: Please use atoms.calc = calc
  atoms.set_calculator(calculator)

2025-07-12 13:20:28,395 - WARNING - /home/cchen/Hiccup/core/PesExploration/tools/energy_structure_filter.py:97: DeprecationWarning: Please use atoms.calc = calc
  atoms.set_calculator(calculator)

2025-07-12 13:20:28,433 - WARNING - /home/cchen/Hiccup/core/PesExploration/tools/energy_structure_filter.py:97: DeprecationWarning: Please use atoms.calc = calc
  atoms.set_calculator(calculator)

2025-07-12 13:20:28,472 - WARNING - /home/cchen/Hiccup/core/PesExploration/tools/energy_structure_filter.py:97: DeprecationWarning: Please use atoms.calc = calc
  atoms.set_calculator(calculator)

2025-07-12 13:20:28,512 - WARNING - /home/cchen/Hiccup/core/PesExploration/tools/energy_structure_filter.py:97: DeprecationWarning: Please use atoms.calc = calc
  atoms.set_calculator(calculator)

2025-07-12 13:20:28,554 - WARNING - /home/cchen/Hiccup/core/PesExploration/tools/energy_structure_filter.py:97: DeprecationWarning: Please use atoms.calc = calc
  atoms.set_calculator(calculator)

2025-07-12 13:20:28,592 - WARNING - /home/cchen/Hiccup/core/PesExploration/tools/energy_structure_filter.py:97: DeprecationWarning: Please use atoms.calc = calc
  atoms.set_calculator(calculator)

2025-07-12 13:20:28,619 - WARNING - /home/cchen/Hiccup/core/PesExploration/tools/energy_structure_filter.py:97: DeprecationWarning: Please use atoms.calc = calc
  atoms.set_calculator(calculator)

2025-07-12 13:20:28,648 - WARNING - /home/cchen/Hiccup/core/PesExploration/tools/energy_structure_filter.py:97: DeprecationWarning: Please use atoms.calc = calc
  atoms.set_calculator(calculator)

2025-07-12 13:20:28,688 - WARNING - /home/cchen/Hiccup/core/PesExploration/tools/energy_structure_filter.py:97: DeprecationWarning: Please use atoms.calc = calc
  atoms.set_calculator(calculator)

2025-07-12 13:20:28,717 - WARNING - /home/cchen/Hiccup/core/PesExploration/tools/energy_structure_filter.py:97: DeprecationWarning: Please use atoms.calc = calc
  atoms.set_calculator(calculator)

2025-07-12 13:20:28,751 - WARNING - /home/cchen/Hiccup/core/PesExploration/tools/energy_structure_filter.py:97: DeprecationWarning: Please use atoms.calc = calc
  atoms.set_calculator(calculator)

2025-07-12 13:20:28,786 - WARNING - /home/cchen/Hiccup/core/PesExploration/tools/energy_structure_filter.py:97: DeprecationWarning: Please use atoms.calc = calc
  atoms.set_calculator(calculator)

2025-07-12 13:20:28,818 - WARNING - /home/cchen/Hiccup/core/PesExploration/tools/energy_structure_filter.py:97: DeprecationWarning: Please use atoms.calc = calc
  atoms.set_calculator(calculator)

2025-07-12 13:20:28,857 - WARNING - /home/cchen/Hiccup/core/PesExploration/tools/energy_structure_filter.py:97: DeprecationWarning: Please use atoms.calc = calc
  atoms.set_calculator(calculator)

2025-07-12 13:20:28,897 - WARNING - /home/cchen/Hiccup/core/PesExploration/tools/energy_structure_filter.py:97: DeprecationWarning: Please use atoms.calc = calc
  atoms.set_calculator(calculator)

2025-07-12 13:20:28,936 - WARNING - /home/cchen/Hiccup/core/PesExploration/tools/energy_structure_filter.py:97: DeprecationWarning: Please use atoms.calc = calc
  atoms.set_calculator(calculator)

2025-07-12 13:20:28,981 - WARNING - /home/cchen/Hiccup/core/PesExploration/tools/energy_structure_filter.py:97: DeprecationWarning: Please use atoms.calc = calc
  atoms.set_calculator(calculator)

2025-07-12 13:20:29,023 - WARNING - /home/cchen/Hiccup/core/PesExploration/tools/energy_structure_filter.py:97: DeprecationWarning: Please use atoms.calc = calc
  atoms.set_calculator(calculator)

2025-07-12 13:20:29,050 - WARNING - /home/cchen/Hiccup/core/PesExploration/tools/energy_structure_filter.py:97: DeprecationWarning: Please use atoms.calc = calc
  atoms.set_calculator(calculator)

2025-07-12 13:20:29,089 - WARNING - /home/cchen/Hiccup/core/PesExploration/tools/energy_structure_filter.py:97: DeprecationWarning: Please use atoms.calc = calc
  atoms.set_calculator(calculator)

2025-07-12 13:20:29,116 - WARNING - /home/cchen/Hiccup/core/PesExploration/tools/energy_structure_filter.py:97: DeprecationWarning: Please use atoms.calc = calc
  atoms.set_calculator(calculator)

2025-07-12 13:20:29,146 - WARNING - /home/cchen/Hiccup/core/PesExploration/tools/energy_structure_filter.py:97: DeprecationWarning: Please use atoms.calc = calc
  atoms.set_calculator(calculator)

2025-07-12 13:20:29,173 - WARNING - /home/cchen/Hiccup/core/PesExploration/tools/energy_structure_filter.py:97: DeprecationWarning: Please use atoms.calc = calc
  atoms.set_calculator(calculator)

2025-07-12 13:20:29,213 - WARNING - /home/cchen/Hiccup/core/PesExploration/tools/energy_structure_filter.py:97: DeprecationWarning: Please use atoms.calc = calc
  atoms.set_calculator(calculator)

2025-07-12 13:20:29,252 - WARNING - /home/cchen/Hiccup/core/PesExploration/tools/energy_structure_filter.py:97: DeprecationWarning: Please use atoms.calc = calc
  atoms.set_calculator(calculator)

2025-07-12 13:20:29,291 - WARNING - /home/cchen/Hiccup/core/PesExploration/tools/energy_structure_filter.py:97: DeprecationWarning: Please use atoms.calc = calc
  atoms.set_calculator(calculator)

2025-07-12 13:20:29,328 - WARNING - /home/cchen/Hiccup/core/PesExploration/tools/energy_structure_filter.py:97: DeprecationWarning: Please use atoms.calc = calc
  atoms.set_calculator(calculator)

2025-07-12 13:20:29,363 - WARNING - /home/cchen/Hiccup/core/PesExploration/tools/energy_structure_filter.py:97: DeprecationWarning: Please use atoms.calc = calc
  atoms.set_calculator(calculator)

2025-07-12 13:20:29,393 - WARNING - /home/cchen/Hiccup/core/PesExploration/tools/energy_structure_filter.py:97: DeprecationWarning: Please use atoms.calc = calc
  atoms.set_calculator(calculator)

2025-07-12 13:20:29,427 - WARNING - /home/cchen/Hiccup/core/PesExploration/tools/energy_structure_filter.py:97: DeprecationWarning: Please use atoms.calc = calc
  atoms.set_calculator(calculator)

2025-07-12 13:20:29,454 - WARNING - /home/cchen/Hiccup/core/PesExploration/tools/energy_structure_filter.py:97: DeprecationWarning: Please use atoms.calc = calc
  atoms.set_calculator(calculator)

2025-07-12 13:20:29,481 - WARNING - /home/cchen/Hiccup/core/PesExploration/tools/energy_structure_filter.py:97: DeprecationWarning: Please use atoms.calc = calc
  atoms.set_calculator(calculator)

2025-07-12 13:20:29,523 - WARNING - /home/cchen/Hiccup/core/PesExploration/tools/energy_structure_filter.py:97: DeprecationWarning: Please use atoms.calc = calc
  atoms.set_calculator(calculator)

2025-07-12 13:20:29,552 - WARNING - /home/cchen/Hiccup/core/PesExploration/tools/energy_structure_filter.py:97: DeprecationWarning: Please use atoms.calc = calc
  atoms.set_calculator(calculator)

2025-07-12 13:20:29,582 - WARNING - /home/cchen/Hiccup/core/PesExploration/tools/energy_structure_filter.py:97: DeprecationWarning: Please use atoms.calc = calc
  atoms.set_calculator(calculator)

2025-07-12 13:20:29,615 - WARNING - /home/cchen/Hiccup/core/PesExploration/tools/energy_structure_filter.py:97: DeprecationWarning: Please use atoms.calc = calc
  atoms.set_calculator(calculator)

2025-07-12 13:20:29,656 - WARNING - /home/cchen/Hiccup/core/PesExploration/tools/energy_structure_filter.py:97: DeprecationWarning: Please use atoms.calc = calc
  atoms.set_calculator(calculator)

2025-07-12 13:20:29,695 - WARNING - /home/cchen/Hiccup/core/PesExploration/tools/energy_structure_filter.py:97: DeprecationWarning: Please use atoms.calc = calc
  atoms.set_calculator(calculator)

2025-07-12 13:20:29,722 - WARNING - /home/cchen/Hiccup/core/PesExploration/tools/energy_structure_filter.py:97: DeprecationWarning: Please use atoms.calc = calc
  atoms.set_calculator(calculator)

2025-07-12 13:20:29,749 - WARNING - /home/cchen/Hiccup/core/PesExploration/tools/energy_structure_filter.py:97: DeprecationWarning: Please use atoms.calc = calc
  atoms.set_calculator(calculator)

2025-07-12 13:20:29,777 - WARNING - /home/cchen/Hiccup/core/PesExploration/tools/energy_structure_filter.py:97: DeprecationWarning: Please use atoms.calc = calc
  atoms.set_calculator(calculator)

2025-07-12 13:20:29,815 - WARNING - /home/cchen/Hiccup/core/PesExploration/tools/energy_structure_filter.py:97: DeprecationWarning: Please use atoms.calc = calc
  atoms.set_calculator(calculator)

2025-07-12 13:20:29,856 - WARNING - /home/cchen/Hiccup/core/PesExploration/tools/energy_structure_filter.py:97: DeprecationWarning: Please use atoms.calc = calc
  atoms.set_calculator(calculator)

2025-07-12 13:20:29,893 - WARNING - /home/cchen/Hiccup/core/PesExploration/tools/energy_structure_filter.py:97: DeprecationWarning: Please use atoms.calc = calc
  atoms.set_calculator(calculator)

2025-07-12 13:20:29,945 - WARNING - /home/cchen/Hiccup/core/PesExploration/tools/energy_structure_filter.py:97: DeprecationWarning: Please use atoms.calc = calc
  atoms.set_calculator(calculator)

2025-07-12 13:20:29,982 - WARNING - /home/cchen/Hiccup/core/PesExploration/tools/energy_structure_filter.py:97: DeprecationWarning: Please use atoms.calc = calc
  atoms.set_calculator(calculator)

2025-07-12 13:20:30,010 - WARNING - /home/cchen/Hiccup/core/PesExploration/tools/energy_structure_filter.py:97: DeprecationWarning: Please use atoms.calc = calc
  atoms.set_calculator(calculator)

2025-07-12 13:20:30,050 - WARNING - /home/cchen/Hiccup/core/PesExploration/tools/energy_structure_filter.py:97: DeprecationWarning: Please use atoms.calc = calc
  atoms.set_calculator(calculator)

2025-07-12 13:20:30,088 - WARNING - /home/cchen/Hiccup/core/PesExploration/tools/energy_structure_filter.py:97: DeprecationWarning: Please use atoms.calc = calc
  atoms.set_calculator(calculator)

2025-07-12 13:20:30,115 - WARNING - /home/cchen/Hiccup/core/PesExploration/tools/energy_structure_filter.py:97: DeprecationWarning: Please use atoms.calc = calc
  atoms.set_calculator(calculator)

2025-07-12 13:20:30,142 - WARNING - /home/cchen/Hiccup/core/PesExploration/tools/energy_structure_filter.py:97: DeprecationWarning: Please use atoms.calc = calc
  atoms.set_calculator(calculator)

2025-07-12 13:20:30,168 - WARNING - /home/cchen/Hiccup/core/PesExploration/tools/energy_structure_filter.py:97: DeprecationWarning: Please use atoms.calc = calc
  atoms.set_calculator(calculator)

2025-07-12 13:20:30,203 - WARNING - /home/cchen/Hiccup/core/PesExploration/tools/energy_structure_filter.py:97: DeprecationWarning: Please use atoms.calc = calc
  atoms.set_calculator(calculator)

2025-07-12 13:20:30,241 - WARNING - /home/cchen/Hiccup/core/PesExploration/tools/energy_structure_filter.py:97: DeprecationWarning: Please use atoms.calc = calc
  atoms.set_calculator(calculator)

2025-07-12 13:20:30,274 - WARNING - /home/cchen/Hiccup/core/PesExploration/tools/energy_structure_filter.py:97: DeprecationWarning: Please use atoms.calc = calc
  atoms.set_calculator(calculator)

2025-07-12 13:20:30,303 - WARNING - /home/cchen/Hiccup/core/PesExploration/tools/energy_structure_filter.py:97: DeprecationWarning: Please use atoms.calc = calc
  atoms.set_calculator(calculator)

2025-07-12 13:20:30,343 - WARNING - /home/cchen/Hiccup/core/PesExploration/tools/energy_structure_filter.py:97: DeprecationWarning: Please use atoms.calc = calc
  atoms.set_calculator(calculator)

2025-07-12 13:20:30,382 - WARNING - /home/cchen/Hiccup/core/PesExploration/tools/energy_structure_filter.py:97: DeprecationWarning: Please use atoms.calc = calc
  atoms.set_calculator(calculator)

2025-07-12 13:20:30,420 - WARNING - /home/cchen/Hiccup/core/PesExploration/tools/energy_structure_filter.py:97: DeprecationWarning: Please use atoms.calc = calc
  atoms.set_calculator(calculator)

2025-07-12 13:20:30,459 - WARNING - /home/cchen/Hiccup/core/PesExploration/tools/energy_structure_filter.py:97: DeprecationWarning: Please use atoms.calc = calc
  atoms.set_calculator(calculator)

2025-07-12 13:20:30,494 - WARNING - /home/cchen/Hiccup/core/PesExploration/tools/energy_structure_filter.py:97: DeprecationWarning: Please use atoms.calc = calc
  atoms.set_calculator(calculator)

2025-07-12 13:20:30,526 - WARNING - /home/cchen/Hiccup/core/PesExploration/tools/energy_structure_filter.py:97: DeprecationWarning: Please use atoms.calc = calc
  atoms.set_calculator(calculator)

2025-07-12 13:20:30,565 - WARNING - /home/cchen/Hiccup/core/PesExploration/tools/energy_structure_filter.py:97: DeprecationWarning: Please use atoms.calc = calc
  atoms.set_calculator(calculator)

2025-07-12 13:20:30,604 - WARNING - /home/cchen/Hiccup/core/PesExploration/tools/energy_structure_filter.py:97: DeprecationWarning: Please use atoms.calc = calc
  atoms.set_calculator(calculator)

2025-07-12 13:20:30,644 - WARNING - /home/cchen/Hiccup/core/PesExploration/tools/energy_structure_filter.py:97: DeprecationWarning: Please use atoms.calc = calc
  atoms.set_calculator(calculator)

2025-07-12 13:20:30,673 - WARNING - /home/cchen/Hiccup/core/PesExploration/tools/energy_structure_filter.py:97: DeprecationWarning: Please use atoms.calc = calc
  atoms.set_calculator(calculator)

2025-07-12 13:20:30,708 - WARNING - /home/cchen/Hiccup/core/PesExploration/tools/energy_structure_filter.py:97: DeprecationWarning: Please use atoms.calc = calc
  atoms.set_calculator(calculator)

2025-07-12 13:20:30,748 - WARNING - /home/cchen/Hiccup/core/PesExploration/tools/energy_structure_filter.py:97: DeprecationWarning: Please use atoms.calc = calc
  atoms.set_calculator(calculator)

2025-07-12 13:20:30,788 - WARNING - /home/cchen/Hiccup/core/PesExploration/tools/energy_structure_filter.py:97: DeprecationWarning: Please use atoms.calc = calc
  atoms.set_calculator(calculator)

2025-07-12 13:20:30,818 - WARNING - /home/cchen/Hiccup/core/PesExploration/tools/energy_structure_filter.py:97: DeprecationWarning: Please use atoms.calc = calc
  atoms.set_calculator(calculator)

2025-07-12 13:20:30,844 - WARNING - /home/cchen/Hiccup/core/PesExploration/tools/energy_structure_filter.py:97: DeprecationWarning: Please use atoms.calc = calc
  atoms.set_calculator(calculator)

2025-07-12 13:20:30,890 - WARNING - /home/cchen/Hiccup/core/PesExploration/tools/energy_structure_filter.py:97: DeprecationWarning: Please use atoms.calc = calc
  atoms.set_calculator(calculator)

2025-07-12 13:20:30,929 - WARNING - /home/cchen/Hiccup/core/PesExploration/tools/energy_structure_filter.py:97: DeprecationWarning: Please use atoms.calc = calc
  atoms.set_calculator(calculator)

2025-07-12 13:20:30,962 - WARNING - /home/cchen/Hiccup/core/PesExploration/tools/energy_structure_filter.py:97: DeprecationWarning: Please use atoms.calc = calc
  atoms.set_calculator(calculator)

2025-07-12 13:20:30,996 - WARNING - /home/cchen/Hiccup/core/PesExploration/tools/energy_structure_filter.py:97: DeprecationWarning: Please use atoms.calc = calc
  atoms.set_calculator(calculator)

2025-07-12 13:20:31,034 - WARNING - /home/cchen/Hiccup/core/PesExploration/tools/energy_structure_filter.py:97: DeprecationWarning: Please use atoms.calc = calc
  atoms.set_calculator(calculator)

2025-07-12 13:20:31,067 - WARNING - /home/cchen/Hiccup/core/PesExploration/tools/energy_structure_filter.py:97: DeprecationWarning: Please use atoms.calc = calc
  atoms.set_calculator(calculator)

2025-07-12 13:20:31,094 - WARNING - /home/cchen/Hiccup/core/PesExploration/tools/energy_structure_filter.py:97: DeprecationWarning: Please use atoms.calc = calc
  atoms.set_calculator(calculator)

2025-07-12 13:20:31,120 - WARNING - /home/cchen/Hiccup/core/PesExploration/tools/energy_structure_filter.py:97: DeprecationWarning: Please use atoms.calc = calc
  atoms.set_calculator(calculator)

2025-07-12 13:20:31,159 - WARNING - /home/cchen/Hiccup/core/PesExploration/tools/energy_structure_filter.py:97: DeprecationWarning: Please use atoms.calc = calc
  atoms.set_calculator(calculator)

2025-07-12 13:20:31,186 - WARNING - /home/cchen/Hiccup/core/PesExploration/tools/energy_structure_filter.py:97: DeprecationWarning: Please use atoms.calc = calc
  atoms.set_calculator(calculator)

2025-07-12 13:20:31,212 - WARNING - /home/cchen/Hiccup/core/PesExploration/tools/energy_structure_filter.py:97: DeprecationWarning: Please use atoms.calc = calc
  atoms.set_calculator(calculator)

2025-07-12 13:20:31,251 - WARNING - /home/cchen/Hiccup/core/PesExploration/tools/energy_structure_filter.py:97: DeprecationWarning: Please use atoms.calc = calc
  atoms.set_calculator(calculator)

2025-07-12 13:20:31,291 - WARNING - /home/cchen/Hiccup/core/PesExploration/tools/energy_structure_filter.py:97: DeprecationWarning: Please use atoms.calc = calc
  atoms.set_calculator(calculator)

2025-07-12 13:20:31,332 - WARNING - /home/cchen/Hiccup/core/PesExploration/tools/energy_structure_filter.py:97: DeprecationWarning: Please use atoms.calc = calc
  atoms.set_calculator(calculator)

2025-07-12 13:20:31,372 - WARNING - /home/cchen/Hiccup/core/PesExploration/tools/energy_structure_filter.py:97: DeprecationWarning: Please use atoms.calc = calc
  atoms.set_calculator(calculator)

2025-07-12 13:20:31,411 - WARNING - /home/cchen/Hiccup/core/PesExploration/tools/energy_structure_filter.py:97: DeprecationWarning: Please use atoms.calc = calc
  atoms.set_calculator(calculator)

2025-07-12 13:20:31,440 - WARNING - /home/cchen/Hiccup/core/PesExploration/tools/energy_structure_filter.py:97: DeprecationWarning: Please use atoms.calc = calc
  atoms.set_calculator(calculator)

2025-07-12 13:20:31,476 - WARNING - /home/cchen/Hiccup/core/PesExploration/tools/energy_structure_filter.py:97: DeprecationWarning: Please use atoms.calc = calc
  atoms.set_calculator(calculator)

2025-07-12 13:20:31,503 - WARNING - /home/cchen/Hiccup/core/PesExploration/tools/energy_structure_filter.py:97: DeprecationWarning: Please use atoms.calc = calc
  atoms.set_calculator(calculator)

2025-07-12 13:20:31,532 - WARNING - /home/cchen/Hiccup/core/PesExploration/tools/energy_structure_filter.py:97: DeprecationWarning: Please use atoms.calc = calc
  atoms.set_calculator(calculator)

2025-07-12 13:20:31,568 - WARNING - /home/cchen/Hiccup/core/PesExploration/tools/energy_structure_filter.py:97: DeprecationWarning: Please use atoms.calc = calc
  atoms.set_calculator(calculator)

2025-07-12 13:20:31,606 - WARNING - /home/cchen/Hiccup/core/PesExploration/tools/energy_structure_filter.py:97: DeprecationWarning: Please use atoms.calc = calc
  atoms.set_calculator(calculator)

2025-07-12 13:20:31,636 - WARNING - /home/cchen/Hiccup/core/PesExploration/tools/energy_structure_filter.py:97: DeprecationWarning: Please use atoms.calc = calc
  atoms.set_calculator(calculator)

2025-07-12 13:20:31,665 - WARNING - /home/cchen/Hiccup/core/PesExploration/tools/energy_structure_filter.py:97: DeprecationWarning: Please use atoms.calc = calc
  atoms.set_calculator(calculator)

2025-07-12 13:20:31,705 - WARNING - /home/cchen/Hiccup/core/PesExploration/tools/energy_structure_filter.py:97: DeprecationWarning: Please use atoms.calc = calc
  atoms.set_calculator(calculator)

2025-07-12 13:20:31,743 - WARNING - /home/cchen/Hiccup/core/PesExploration/tools/energy_structure_filter.py:97: DeprecationWarning: Please use atoms.calc = calc
  atoms.set_calculator(calculator)

2025-07-12 13:20:31,770 - WARNING - /home/cchen/Hiccup/core/PesExploration/tools/energy_structure_filter.py:97: DeprecationWarning: Please use atoms.calc = calc
  atoms.set_calculator(calculator)

2025-07-12 13:20:31,809 - WARNING - /home/cchen/Hiccup/core/PesExploration/tools/energy_structure_filter.py:97: DeprecationWarning: Please use atoms.calc = calc
  atoms.set_calculator(calculator)

2025-07-12 13:20:31,850 - WARNING - /home/cchen/Hiccup/core/PesExploration/tools/energy_structure_filter.py:97: DeprecationWarning: Please use atoms.calc = calc
  atoms.set_calculator(calculator)

2025-07-12 13:20:31,877 - WARNING - /home/cchen/Hiccup/core/PesExploration/tools/energy_structure_filter.py:97: DeprecationWarning: Please use atoms.calc = calc
  atoms.set_calculator(calculator)

2025-07-12 13:20:31,914 - WARNING - /home/cchen/Hiccup/core/PesExploration/tools/energy_structure_filter.py:97: DeprecationWarning: Please use atoms.calc = calc
  atoms.set_calculator(calculator)

2025-07-12 13:20:31,946 - WARNING - /home/cchen/Hiccup/core/PesExploration/tools/energy_structure_filter.py:97: DeprecationWarning: Please use atoms.calc = calc
  atoms.set_calculator(calculator)

2025-07-12 13:20:31,977 - WARNING - /home/cchen/Hiccup/core/PesExploration/tools/energy_structure_filter.py:97: DeprecationWarning: Please use atoms.calc = calc
  atoms.set_calculator(calculator)

2025-07-12 13:20:32,011 - WARNING - /home/cchen/Hiccup/core/PesExploration/tools/energy_structure_filter.py:97: DeprecationWarning: Please use atoms.calc = calc
  atoms.set_calculator(calculator)

2025-07-12 13:20:32,041 - WARNING - /home/cchen/Hiccup/core/PesExploration/tools/energy_structure_filter.py:97: DeprecationWarning: Please use atoms.calc = calc
  atoms.set_calculator(calculator)

2025-07-12 13:20:32,076 - WARNING - /home/cchen/Hiccup/core/PesExploration/tools/energy_structure_filter.py:97: DeprecationWarning: Please use atoms.calc = calc
  atoms.set_calculator(calculator)

2025-07-12 13:20:32,114 - WARNING - /home/cchen/Hiccup/core/PesExploration/tools/energy_structure_filter.py:97: DeprecationWarning: Please use atoms.calc = calc
  atoms.set_calculator(calculator)

2025-07-12 13:20:32,148 - WARNING - /home/cchen/Hiccup/core/PesExploration/tools/energy_structure_filter.py:97: DeprecationWarning: Please use atoms.calc = calc
  atoms.set_calculator(calculator)

2025-07-12 13:20:32,176 - WARNING - /home/cchen/Hiccup/core/PesExploration/tools/energy_structure_filter.py:97: DeprecationWarning: Please use atoms.calc = calc
  atoms.set_calculator(calculator)

2025-07-12 13:20:32,206 - WARNING - /home/cchen/Hiccup/core/PesExploration/tools/energy_structure_filter.py:97: DeprecationWarning: Please use atoms.calc = calc
  atoms.set_calculator(calculator)

2025-07-12 13:20:32,234 - WARNING - /home/cchen/Hiccup/core/PesExploration/tools/energy_structure_filter.py:97: DeprecationWarning: Please use atoms.calc = calc
  atoms.set_calculator(calculator)

2025-07-12 13:20:32,276 - WARNING - /home/cchen/Hiccup/core/PesExploration/tools/energy_structure_filter.py:97: DeprecationWarning: Please use atoms.calc = calc
  atoms.set_calculator(calculator)

2025-07-12 13:20:32,304 - WARNING - /home/cchen/Hiccup/core/PesExploration/tools/energy_structure_filter.py:97: DeprecationWarning: Please use atoms.calc = calc
  atoms.set_calculator(calculator)

2025-07-12 13:20:32,341 - WARNING - /home/cchen/Hiccup/core/PesExploration/tools/energy_structure_filter.py:97: DeprecationWarning: Please use atoms.calc = calc
  atoms.set_calculator(calculator)

2025-07-12 13:20:32,375 - WARNING - /home/cchen/Hiccup/core/PesExploration/tools/energy_structure_filter.py:97: DeprecationWarning: Please use atoms.calc = calc
  atoms.set_calculator(calculator)

2025-07-12 13:20:32,403 - WARNING - /home/cchen/Hiccup/core/PesExploration/tools/energy_structure_filter.py:97: DeprecationWarning: Please use atoms.calc = calc
  atoms.set_calculator(calculator)

2025-07-12 13:20:32,434 - WARNING - /home/cchen/Hiccup/core/PesExploration/tools/energy_structure_filter.py:97: DeprecationWarning: Please use atoms.calc = calc
  atoms.set_calculator(calculator)

2025-07-12 13:20:32,467 - WARNING - /home/cchen/Hiccup/core/PesExploration/tools/energy_structure_filter.py:97: DeprecationWarning: Please use atoms.calc = calc
  atoms.set_calculator(calculator)

2025-07-12 13:20:32,496 - WARNING - /home/cchen/Hiccup/core/PesExploration/tools/energy_structure_filter.py:97: DeprecationWarning: Please use atoms.calc = calc
  atoms.set_calculator(calculator)

2025-07-12 13:20:32,523 - WARNING - /home/cchen/Hiccup/core/PesExploration/tools/energy_structure_filter.py:97: DeprecationWarning: Please use atoms.calc = calc
  atoms.set_calculator(calculator)

2025-07-12 13:20:32,550 - WARNING - /home/cchen/Hiccup/core/PesExploration/tools/energy_structure_filter.py:97: DeprecationWarning: Please use atoms.calc = calc
  atoms.set_calculator(calculator)

2025-07-12 13:20:32,581 - WARNING - /home/cchen/Hiccup/core/PesExploration/tools/energy_structure_filter.py:97: DeprecationWarning: Please use atoms.calc = calc
  atoms.set_calculator(calculator)

2025-07-12 13:20:32,620 - WARNING - /home/cchen/Hiccup/core/PesExploration/tools/energy_structure_filter.py:97: DeprecationWarning: Please use atoms.calc = calc
  atoms.set_calculator(calculator)

2025-07-12 13:20:32,661 - WARNING - /home/cchen/Hiccup/core/PesExploration/tools/energy_structure_filter.py:97: DeprecationWarning: Please use atoms.calc = calc
  atoms.set_calculator(calculator)

2025-07-12 13:20:32,689 - WARNING - /home/cchen/Hiccup/core/PesExploration/tools/energy_structure_filter.py:97: DeprecationWarning: Please use atoms.calc = calc
  atoms.set_calculator(calculator)

2025-07-12 13:20:32,718 - WARNING - /home/cchen/Hiccup/core/PesExploration/tools/energy_structure_filter.py:97: DeprecationWarning: Please use atoms.calc = calc
  atoms.set_calculator(calculator)

2025-07-12 13:20:32,744 - WARNING - /home/cchen/Hiccup/core/PesExploration/tools/energy_structure_filter.py:97: DeprecationWarning: Please use atoms.calc = calc
  atoms.set_calculator(calculator)

2025-07-12 13:20:32,771 - WARNING - /home/cchen/Hiccup/core/PesExploration/tools/energy_structure_filter.py:97: DeprecationWarning: Please use atoms.calc = calc
  atoms.set_calculator(calculator)

2025-07-12 13:20:32,797 - WARNING - /home/cchen/Hiccup/core/PesExploration/tools/energy_structure_filter.py:97: DeprecationWarning: Please use atoms.calc = calc
  atoms.set_calculator(calculator)

2025-07-12 13:20:32,825 - WARNING - /home/cchen/Hiccup/core/PesExploration/tools/energy_structure_filter.py:97: DeprecationWarning: Please use atoms.calc = calc
  atoms.set_calculator(calculator)

2025-07-12 13:20:32,853 - WARNING - /home/cchen/Hiccup/core/PesExploration/tools/energy_structure_filter.py:97: DeprecationWarning: Please use atoms.calc = calc
  atoms.set_calculator(calculator)

2025-07-12 13:20:32,892 - WARNING - /home/cchen/Hiccup/core/PesExploration/tools/energy_structure_filter.py:97: DeprecationWarning: Please use atoms.calc = calc
  atoms.set_calculator(calculator)

2025-07-12 13:20:32,930 - WARNING - /home/cchen/Hiccup/core/PesExploration/tools/energy_structure_filter.py:97: DeprecationWarning: Please use atoms.calc = calc
  atoms.set_calculator(calculator)

2025-07-12 13:20:32,971 - WARNING - /home/cchen/Hiccup/core/PesExploration/tools/energy_structure_filter.py:97: DeprecationWarning: Please use atoms.calc = calc
  atoms.set_calculator(calculator)

2025-07-12 13:20:33,010 - WARNING - /home/cchen/Hiccup/core/PesExploration/tools/energy_structure_filter.py:97: DeprecationWarning: Please use atoms.calc = calc
  atoms.set_calculator(calculator)

2025-07-12 13:20:33,051 - WARNING - /home/cchen/Hiccup/core/PesExploration/tools/energy_structure_filter.py:97: DeprecationWarning: Please use atoms.calc = calc
  atoms.set_calculator(calculator)

2025-07-12 13:20:33,090 - WARNING - /home/cchen/Hiccup/core/PesExploration/tools/energy_structure_filter.py:97: DeprecationWarning: Please use atoms.calc = calc
  atoms.set_calculator(calculator)

2025-07-12 13:20:33,128 - WARNING - /home/cchen/Hiccup/core/PesExploration/tools/energy_structure_filter.py:97: DeprecationWarning: Please use atoms.calc = calc
  atoms.set_calculator(calculator)

2025-07-12 13:20:33,166 - WARNING - /home/cchen/Hiccup/core/PesExploration/tools/energy_structure_filter.py:97: DeprecationWarning: Please use atoms.calc = calc
  atoms.set_calculator(calculator)

2025-07-12 13:20:33,205 - WARNING - /home/cchen/Hiccup/core/PesExploration/tools/energy_structure_filter.py:97: DeprecationWarning: Please use atoms.calc = calc
  atoms.set_calculator(calculator)

2025-07-12 13:20:33,244 - WARNING - /home/cchen/Hiccup/core/PesExploration/tools/energy_structure_filter.py:97: DeprecationWarning: Please use atoms.calc = calc
  atoms.set_calculator(calculator)

2025-07-12 13:20:33,281 - WARNING - /home/cchen/Hiccup/core/PesExploration/tools/energy_structure_filter.py:97: DeprecationWarning: Please use atoms.calc = calc
  atoms.set_calculator(calculator)

2025-07-12 13:20:33,307 - WARNING - /home/cchen/Hiccup/core/PesExploration/tools/energy_structure_filter.py:97: DeprecationWarning: Please use atoms.calc = calc
  atoms.set_calculator(calculator)

2025-07-12 13:20:33,340 - WARNING - /home/cchen/Hiccup/core/PesExploration/tools/energy_structure_filter.py:97: DeprecationWarning: Please use atoms.calc = calc
  atoms.set_calculator(calculator)

2025-07-12 13:20:33,376 - WARNING - /home/cchen/Hiccup/core/PesExploration/tools/energy_structure_filter.py:97: DeprecationWarning: Please use atoms.calc = calc
  atoms.set_calculator(calculator)

2025-07-12 13:20:33,417 - WARNING - /home/cchen/Hiccup/core/PesExploration/tools/energy_structure_filter.py:97: DeprecationWarning: Please use atoms.calc = calc
  atoms.set_calculator(calculator)

2025-07-12 13:20:33,443 - WARNING - /home/cchen/Hiccup/core/PesExploration/tools/energy_structure_filter.py:97: DeprecationWarning: Please use atoms.calc = calc
  atoms.set_calculator(calculator)

2025-07-12 13:20:33,479 - WARNING - /home/cchen/Hiccup/core/PesExploration/tools/energy_structure_filter.py:97: DeprecationWarning: Please use atoms.calc = calc
  atoms.set_calculator(calculator)

2025-07-12 13:20:33,513 - WARNING - /home/cchen/Hiccup/core/PesExploration/tools/energy_structure_filter.py:97: DeprecationWarning: Please use atoms.calc = calc
  atoms.set_calculator(calculator)

2025-07-12 13:20:33,539 - WARNING - /home/cchen/Hiccup/core/PesExploration/tools/energy_structure_filter.py:97: DeprecationWarning: Please use atoms.calc = calc
  atoms.set_calculator(calculator)

2025-07-12 13:20:33,566 - WARNING - /home/cchen/Hiccup/core/PesExploration/tools/energy_structure_filter.py:97: DeprecationWarning: Please use atoms.calc = calc
  atoms.set_calculator(calculator)

2025-07-12 13:20:33,592 - WARNING - /home/cchen/Hiccup/core/PesExploration/tools/energy_structure_filter.py:97: DeprecationWarning: Please use atoms.calc = calc
  atoms.set_calculator(calculator)

2025-07-12 13:20:33,624 - WARNING - /home/cchen/Hiccup/core/PesExploration/tools/energy_structure_filter.py:97: DeprecationWarning: Please use atoms.calc = calc
  atoms.set_calculator(calculator)

2025-07-12 13:20:33,650 - WARNING - /home/cchen/Hiccup/core/PesExploration/tools/energy_structure_filter.py:97: DeprecationWarning: Please use atoms.calc = calc
  atoms.set_calculator(calculator)

2025-07-12 13:20:33,681 - WARNING - /home/cchen/Hiccup/core/PesExploration/tools/energy_structure_filter.py:97: DeprecationWarning: Please use atoms.calc = calc
  atoms.set_calculator(calculator)

2025-07-12 13:20:33,707 - WARNING - /home/cchen/Hiccup/core/PesExploration/tools/energy_structure_filter.py:97: DeprecationWarning: Please use atoms.calc = calc
  atoms.set_calculator(calculator)

2025-07-12 13:20:33,746 - WARNING - /home/cchen/Hiccup/core/PesExploration/tools/energy_structure_filter.py:97: DeprecationWarning: Please use atoms.calc = calc
  atoms.set_calculator(calculator)

2025-07-12 13:20:33,785 - WARNING - /home/cchen/Hiccup/core/PesExploration/tools/energy_structure_filter.py:97: DeprecationWarning: Please use atoms.calc = calc
  atoms.set_calculator(calculator)

2025-07-12 13:20:33,812 - WARNING - /home/cchen/Hiccup/core/PesExploration/tools/energy_structure_filter.py:97: DeprecationWarning: Please use atoms.calc = calc
  atoms.set_calculator(calculator)

2025-07-12 13:20:33,839 - WARNING - /home/cchen/Hiccup/core/PesExploration/tools/energy_structure_filter.py:97: DeprecationWarning: Please use atoms.calc = calc
  atoms.set_calculator(calculator)

2025-07-12 13:20:33,866 - WARNING - /home/cchen/Hiccup/core/PesExploration/tools/energy_structure_filter.py:97: DeprecationWarning: Please use atoms.calc = calc
  atoms.set_calculator(calculator)

2025-07-12 13:20:33,906 - WARNING - /home/cchen/Hiccup/core/PesExploration/tools/energy_structure_filter.py:97: DeprecationWarning: Please use atoms.calc = calc
  atoms.set_calculator(calculator)

2025-07-12 13:20:33,946 - WARNING - /home/cchen/Hiccup/core/PesExploration/tools/energy_structure_filter.py:97: DeprecationWarning: Please use atoms.calc = calc
  atoms.set_calculator(calculator)

2025-07-12 13:20:33,985 - WARNING - /home/cchen/Hiccup/core/PesExploration/tools/energy_structure_filter.py:97: DeprecationWarning: Please use atoms.calc = calc
  atoms.set_calculator(calculator)

2025-07-12 13:20:34,026 - WARNING - /home/cchen/Hiccup/core/PesExploration/tools/energy_structure_filter.py:97: DeprecationWarning: Please use atoms.calc = calc
  atoms.set_calculator(calculator)

2025-07-12 13:20:34,064 - WARNING - /home/cchen/Hiccup/core/PesExploration/tools/energy_structure_filter.py:97: DeprecationWarning: Please use atoms.calc = calc
  atoms.set_calculator(calculator)

2025-07-12 13:20:34,091 - WARNING - /home/cchen/Hiccup/core/PesExploration/tools/energy_structure_filter.py:97: DeprecationWarning: Please use atoms.calc = calc
  atoms.set_calculator(calculator)

2025-07-12 13:20:34,130 - WARNING - /home/cchen/Hiccup/core/PesExploration/tools/energy_structure_filter.py:97: DeprecationWarning: Please use atoms.calc = calc
  atoms.set_calculator(calculator)

2025-07-12 13:20:34,169 - WARNING - /home/cchen/Hiccup/core/PesExploration/tools/energy_structure_filter.py:97: DeprecationWarning: Please use atoms.calc = calc
  atoms.set_calculator(calculator)

2025-07-12 13:20:34,207 - WARNING - /home/cchen/Hiccup/core/PesExploration/tools/energy_structure_filter.py:97: DeprecationWarning: Please use atoms.calc = calc
  atoms.set_calculator(calculator)

2025-07-12 13:20:34,247 - WARNING - /home/cchen/Hiccup/core/PesExploration/tools/energy_structure_filter.py:97: DeprecationWarning: Please use atoms.calc = calc
  atoms.set_calculator(calculator)

2025-07-12 13:20:34,286 - WARNING - /home/cchen/Hiccup/core/PesExploration/tools/energy_structure_filter.py:97: DeprecationWarning: Please use atoms.calc = calc
  atoms.set_calculator(calculator)

2025-07-12 13:20:34,326 - WARNING - /home/cchen/Hiccup/core/PesExploration/tools/energy_structure_filter.py:97: DeprecationWarning: Please use atoms.calc = calc
  atoms.set_calculator(calculator)

2025-07-12 13:20:34,365 - WARNING - /home/cchen/Hiccup/core/PesExploration/tools/energy_structure_filter.py:97: DeprecationWarning: Please use atoms.calc = calc
  atoms.set_calculator(calculator)

2025-07-12 13:20:34,404 - WARNING - /home/cchen/Hiccup/core/PesExploration/tools/energy_structure_filter.py:97: DeprecationWarning: Please use atoms.calc = calc
  atoms.set_calculator(calculator)

2025-07-12 13:20:34,443 - WARNING - /home/cchen/Hiccup/core/PesExploration/tools/energy_structure_filter.py:97: DeprecationWarning: Please use atoms.calc = calc
  atoms.set_calculator(calculator)

2025-07-12 13:20:34,470 - WARNING - /home/cchen/Hiccup/core/PesExploration/tools/energy_structure_filter.py:97: DeprecationWarning: Please use atoms.calc = calc
  atoms.set_calculator(calculator)

2025-07-12 13:20:34,510 - WARNING - /home/cchen/Hiccup/core/PesExploration/tools/energy_structure_filter.py:97: DeprecationWarning: Please use atoms.calc = calc
  atoms.set_calculator(calculator)

2025-07-12 13:20:34,545 - WARNING - /home/cchen/Hiccup/core/PesExploration/tools/energy_structure_filter.py:97: DeprecationWarning: Please use atoms.calc = calc
  atoms.set_calculator(calculator)

2025-07-12 13:20:34,582 - WARNING - /home/cchen/Hiccup/core/PesExploration/tools/energy_structure_filter.py:97: DeprecationWarning: Please use atoms.calc = calc
  atoms.set_calculator(calculator)

2025-07-12 13:20:34,613 - WARNING - /home/cchen/Hiccup/core/PesExploration/tools/energy_structure_filter.py:97: DeprecationWarning: Please use atoms.calc = calc
  atoms.set_calculator(calculator)

2025-07-12 13:20:34,641 - WARNING - /home/cchen/Hiccup/core/PesExploration/tools/energy_structure_filter.py:97: DeprecationWarning: Please use atoms.calc = calc
  atoms.set_calculator(calculator)

2025-07-12 13:20:34,667 - WARNING - /home/cchen/Hiccup/core/PesExploration/tools/energy_structure_filter.py:97: DeprecationWarning: Please use atoms.calc = calc
  atoms.set_calculator(calculator)

2025-07-12 13:20:34,699 - WARNING - /home/cchen/Hiccup/core/PesExploration/tools/energy_structure_filter.py:97: DeprecationWarning: Please use atoms.calc = calc
  atoms.set_calculator(calculator)

2025-07-12 13:20:34,737 - WARNING - /home/cchen/Hiccup/core/PesExploration/tools/energy_structure_filter.py:97: DeprecationWarning: Please use atoms.calc = calc
  atoms.set_calculator(calculator)

2025-07-12 13:20:34,778 - WARNING - /home/cchen/Hiccup/core/PesExploration/tools/energy_structure_filter.py:97: DeprecationWarning: Please use atoms.calc = calc
  atoms.set_calculator(calculator)

2025-07-12 13:20:34,815 - WARNING - /home/cchen/Hiccup/core/PesExploration/tools/energy_structure_filter.py:97: DeprecationWarning: Please use atoms.calc = calc
  atoms.set_calculator(calculator)

2025-07-12 13:20:34,840 - WARNING - /home/cchen/Hiccup/core/PesExploration/tools/energy_structure_filter.py:97: DeprecationWarning: Please use atoms.calc = calc
  atoms.set_calculator(calculator)

2025-07-12 13:20:34,881 - WARNING - /home/cchen/Hiccup/core/PesExploration/tools/energy_structure_filter.py:97: DeprecationWarning: Please use atoms.calc = calc
  atoms.set_calculator(calculator)

2025-07-12 13:20:34,908 - WARNING - /home/cchen/Hiccup/core/PesExploration/tools/energy_structure_filter.py:97: DeprecationWarning: Please use atoms.calc = calc
  atoms.set_calculator(calculator)

2025-07-12 13:20:34,945 - WARNING - /home/cchen/Hiccup/core/PesExploration/tools/energy_structure_filter.py:97: DeprecationWarning: Please use atoms.calc = calc
  atoms.set_calculator(calculator)

2025-07-12 13:20:34,975 - WARNING - /home/cchen/Hiccup/core/PesExploration/tools/energy_structure_filter.py:97: DeprecationWarning: Please use atoms.calc = calc
  atoms.set_calculator(calculator)

2025-07-12 13:20:35,013 - WARNING - /home/cchen/Hiccup/core/PesExploration/tools/energy_structure_filter.py:97: DeprecationWarning: Please use atoms.calc = calc
  atoms.set_calculator(calculator)

2025-07-12 13:20:35,039 - WARNING - /home/cchen/Hiccup/core/PesExploration/tools/energy_structure_filter.py:97: DeprecationWarning: Please use atoms.calc = calc
  atoms.set_calculator(calculator)

2025-07-12 13:20:35,073 - WARNING - /home/cchen/Hiccup/core/PesExploration/tools/energy_structure_filter.py:97: DeprecationWarning: Please use atoms.calc = calc
  atoms.set_calculator(calculator)

2025-07-12 13:20:35,100 - WARNING - /home/cchen/Hiccup/core/PesExploration/tools/energy_structure_filter.py:97: DeprecationWarning: Please use atoms.calc = calc
  atoms.set_calculator(calculator)

2025-07-12 13:20:35,132 - WARNING - /home/cchen/Hiccup/core/PesExploration/tools/energy_structure_filter.py:97: DeprecationWarning: Please use atoms.calc = calc
  atoms.set_calculator(calculator)

2025-07-12 13:20:35,167 - WARNING - /home/cchen/Hiccup/core/PesExploration/tools/energy_structure_filter.py:97: DeprecationWarning: Please use atoms.calc = calc
  atoms.set_calculator(calculator)

2025-07-12 13:20:35,200 - WARNING - /home/cchen/Hiccup/core/PesExploration/tools/energy_structure_filter.py:97: DeprecationWarning: Please use atoms.calc = calc
  atoms.set_calculator(calculator)

2025-07-12 13:20:35,230 - WARNING - /home/cchen/Hiccup/core/PesExploration/tools/energy_structure_filter.py:97: DeprecationWarning: Please use atoms.calc = calc
  atoms.set_calculator(calculator)

2025-07-12 13:20:35,268 - WARNING - /home/cchen/Hiccup/core/PesExploration/tools/energy_structure_filter.py:97: DeprecationWarning: Please use atoms.calc = calc
  atoms.set_calculator(calculator)

2025-07-12 13:20:35,304 - WARNING - /home/cchen/Hiccup/core/PesExploration/tools/energy_structure_filter.py:97: DeprecationWarning: Please use atoms.calc = calc
  atoms.set_calculator(calculator)

2025-07-12 13:20:35,331 - WARNING - /home/cchen/Hiccup/core/PesExploration/tools/energy_structure_filter.py:97: DeprecationWarning: Please use atoms.calc = calc
  atoms.set_calculator(calculator)

2025-07-12 13:20:35,358 - WARNING - /home/cchen/Hiccup/core/PesExploration/tools/energy_structure_filter.py:97: DeprecationWarning: Please use atoms.calc = calc
  atoms.set_calculator(calculator)

2025-07-12 13:20:35,385 - WARNING - /home/cchen/Hiccup/core/PesExploration/tools/energy_structure_filter.py:97: DeprecationWarning: Please use atoms.calc = calc
  atoms.set_calculator(calculator)

2025-07-12 13:20:35,410 - WARNING - /home/cchen/Hiccup/core/PesExploration/tools/energy_structure_filter.py:97: DeprecationWarning: Please use atoms.calc = calc
  atoms.set_calculator(calculator)

2025-07-12 13:20:35,438 - WARNING - /home/cchen/Hiccup/core/PesExploration/tools/energy_structure_filter.py:97: DeprecationWarning: Please use atoms.calc = calc
  atoms.set_calculator(calculator)

2025-07-12 13:20:35,465 - WARNING - /home/cchen/Hiccup/core/PesExploration/tools/energy_structure_filter.py:97: DeprecationWarning: Please use atoms.calc = calc
  atoms.set_calculator(calculator)

2025-07-12 13:20:35,499 - WARNING - /home/cchen/Hiccup/core/PesExploration/tools/energy_structure_filter.py:97: DeprecationWarning: Please use atoms.calc = calc
  atoms.set_calculator(calculator)

2025-07-12 13:20:35,525 - WARNING - /home/cchen/Hiccup/core/PesExploration/tools/energy_structure_filter.py:97: DeprecationWarning: Please use atoms.calc = calc
  atoms.set_calculator(calculator)

2025-07-12 13:20:35,553 - WARNING - /home/cchen/Hiccup/core/PesExploration/tools/energy_structure_filter.py:97: DeprecationWarning: Please use atoms.calc = calc
  atoms.set_calculator(calculator)

2025-07-12 13:20:35,582 - WARNING - /home/cchen/Hiccup/core/PesExploration/tools/energy_structure_filter.py:97: DeprecationWarning: Please use atoms.calc = calc
  atoms.set_calculator(calculator)

2025-07-12 13:20:35,613 - WARNING - /home/cchen/Hiccup/core/PesExploration/tools/energy_structure_filter.py:97: DeprecationWarning: Please use atoms.calc = calc
  atoms.set_calculator(calculator)

2025-07-12 13:20:35,655 - WARNING - /home/cchen/Hiccup/core/PesExploration/tools/energy_structure_filter.py:97: DeprecationWarning: Please use atoms.calc = calc
  atoms.set_calculator(calculator)

2025-07-12 13:20:35,695 - WARNING - /home/cchen/Hiccup/core/PesExploration/tools/energy_structure_filter.py:97: DeprecationWarning: Please use atoms.calc = calc
  atoms.set_calculator(calculator)

2025-07-12 13:20:35,736 - WARNING - /home/cchen/Hiccup/core/PesExploration/tools/energy_structure_filter.py:97: DeprecationWarning: Please use atoms.calc = calc
  atoms.set_calculator(calculator)

2025-07-12 13:20:35,771 - WARNING - /home/cchen/Hiccup/core/PesExploration/tools/energy_structure_filter.py:97: DeprecationWarning: Please use atoms.calc = calc
  atoms.set_calculator(calculator)

2025-07-12 13:20:35,797 - WARNING - /home/cchen/Hiccup/core/PesExploration/tools/energy_structure_filter.py:97: DeprecationWarning: Please use atoms.calc = calc
  atoms.set_calculator(calculator)

2025-07-12 13:20:35,835 - WARNING - /home/cchen/Hiccup/core/PesExploration/tools/energy_structure_filter.py:97: DeprecationWarning: Please use atoms.calc = calc
  atoms.set_calculator(calculator)

2025-07-12 13:20:35,866 - WARNING - /home/cchen/Hiccup/core/PesExploration/tools/energy_structure_filter.py:97: DeprecationWarning: Please use atoms.calc = calc
  atoms.set_calculator(calculator)

2025-07-12 13:20:35,894 - WARNING - /home/cchen/Hiccup/core/PesExploration/tools/energy_structure_filter.py:97: DeprecationWarning: Please use atoms.calc = calc
  atoms.set_calculator(calculator)

2025-07-12 13:20:35,935 - WARNING - /home/cchen/Hiccup/core/PesExploration/tools/energy_structure_filter.py:97: DeprecationWarning: Please use atoms.calc = calc
  atoms.set_calculator(calculator)

2025-07-12 13:20:35,966 - WARNING - /home/cchen/Hiccup/core/PesExploration/tools/energy_structure_filter.py:97: DeprecationWarning: Please use atoms.calc = calc
  atoms.set_calculator(calculator)

2025-07-12 13:20:35,999 - WARNING - /home/cchen/Hiccup/core/PesExploration/tools/energy_structure_filter.py:97: DeprecationWarning: Please use atoms.calc = calc
  atoms.set_calculator(calculator)

2025-07-12 13:20:36,039 - WARNING - /home/cchen/Hiccup/core/PesExploration/tools/energy_structure_filter.py:97: DeprecationWarning: Please use atoms.calc = calc
  atoms.set_calculator(calculator)

2025-07-12 13:20:36,066 - WARNING - /home/cchen/Hiccup/core/PesExploration/tools/energy_structure_filter.py:97: DeprecationWarning: Please use atoms.calc = calc
  atoms.set_calculator(calculator)

2025-07-12 13:20:36,104 - WARNING - /home/cchen/Hiccup/core/PesExploration/tools/energy_structure_filter.py:97: DeprecationWarning: Please use atoms.calc = calc
  atoms.set_calculator(calculator)

2025-07-12 13:20:36,137 - WARNING - /home/cchen/Hiccup/core/PesExploration/tools/energy_structure_filter.py:97: DeprecationWarning: Please use atoms.calc = calc
  atoms.set_calculator(calculator)

2025-07-12 13:20:36,165 - WARNING - /home/cchen/Hiccup/core/PesExploration/tools/energy_structure_filter.py:97: DeprecationWarning: Please use atoms.calc = calc
  atoms.set_calculator(calculator)

2025-07-12 13:20:36,193 - WARNING - /home/cchen/Hiccup/core/PesExploration/tools/energy_structure_filter.py:97: DeprecationWarning: Please use atoms.calc = calc
  atoms.set_calculator(calculator)

2025-07-12 13:20:36,221 - WARNING - /home/cchen/Hiccup/core/PesExploration/tools/energy_structure_filter.py:97: DeprecationWarning: Please use atoms.calc = calc
  atoms.set_calculator(calculator)

2025-07-12 13:20:36,260 - WARNING - /home/cchen/Hiccup/core/PesExploration/tools/energy_structure_filter.py:97: DeprecationWarning: Please use atoms.calc = calc
  atoms.set_calculator(calculator)

2025-07-12 13:20:36,288 - WARNING - /home/cchen/Hiccup/core/PesExploration/tools/energy_structure_filter.py:97: DeprecationWarning: Please use atoms.calc = calc
  atoms.set_calculator(calculator)

2025-07-12 13:20:36,314 - WARNING - /home/cchen/Hiccup/core/PesExploration/tools/energy_structure_filter.py:97: DeprecationWarning: Please use atoms.calc = calc
  atoms.set_calculator(calculator)

2025-07-12 13:20:36,340 - WARNING - /home/cchen/Hiccup/core/PesExploration/tools/energy_structure_filter.py:97: DeprecationWarning: Please use atoms.calc = calc
  atoms.set_calculator(calculator)

2025-07-12 13:20:36,367 - WARNING - /home/cchen/Hiccup/core/PesExploration/tools/energy_structure_filter.py:97: DeprecationWarning: Please use atoms.calc = calc
  atoms.set_calculator(calculator)

2025-07-12 13:20:36,394 - WARNING - /home/cchen/Hiccup/core/PesExploration/tools/energy_structure_filter.py:97: DeprecationWarning: Please use atoms.calc = calc
  atoms.set_calculator(calculator)

2025-07-12 13:20:36,421 - WARNING - /home/cchen/Hiccup/core/PesExploration/tools/energy_structure_filter.py:97: DeprecationWarning: Please use atoms.calc = calc
  atoms.set_calculator(calculator)

2025-07-12 13:20:36,448 - WARNING - /home/cchen/Hiccup/core/PesExploration/tools/energy_structure_filter.py:97: DeprecationWarning: Please use atoms.calc = calc
  atoms.set_calculator(calculator)

2025-07-12 13:20:36,475 - WARNING - /home/cchen/Hiccup/core/PesExploration/tools/energy_structure_filter.py:97: DeprecationWarning: Please use atoms.calc = calc
  atoms.set_calculator(calculator)

2025-07-12 13:20:36,501 - WARNING - /home/cchen/Hiccup/core/PesExploration/tools/energy_structure_filter.py:97: DeprecationWarning: Please use atoms.calc = calc
  atoms.set_calculator(calculator)

2025-07-12 13:20:36,537 - WARNING - /home/cchen/Hiccup/core/PesExploration/tools/energy_structure_filter.py:97: DeprecationWarning: Please use atoms.calc = calc
  atoms.set_calculator(calculator)

2025-07-12 13:20:36,569 - WARNING - /home/cchen/Hiccup/core/PesExploration/tools/energy_structure_filter.py:97: DeprecationWarning: Please use atoms.calc = calc
  atoms.set_calculator(calculator)

2025-07-12 13:20:36,603 - WARNING - /home/cchen/Hiccup/core/PesExploration/tools/energy_structure_filter.py:97: DeprecationWarning: Please use atoms.calc = calc
  atoms.set_calculator(calculator)

2025-07-12 13:20:36,630 - WARNING - /home/cchen/Hiccup/core/PesExploration/tools/energy_structure_filter.py:97: DeprecationWarning: Please use atoms.calc = calc
  atoms.set_calculator(calculator)

2025-07-12 13:20:36,658 - WARNING - /home/cchen/Hiccup/core/PesExploration/tools/energy_structure_filter.py:97: DeprecationWarning: Please use atoms.calc = calc
  atoms.set_calculator(calculator)

2025-07-12 13:20:36,685 - WARNING - /home/cchen/Hiccup/core/PesExploration/tools/energy_structure_filter.py:97: DeprecationWarning: Please use atoms.calc = calc
  atoms.set_calculator(calculator)

2025-07-12 13:20:36,720 - WARNING - /home/cchen/Hiccup/core/PesExploration/tools/energy_structure_filter.py:97: DeprecationWarning: Please use atoms.calc = calc
  atoms.set_calculator(calculator)

2025-07-12 13:20:36,758 - WARNING - /home/cchen/Hiccup/core/PesExploration/tools/energy_structure_filter.py:97: DeprecationWarning: Please use atoms.calc = calc
  atoms.set_calculator(calculator)

2025-07-12 13:20:36,796 - WARNING - /home/cchen/Hiccup/core/PesExploration/tools/energy_structure_filter.py:97: DeprecationWarning: Please use atoms.calc = calc
  atoms.set_calculator(calculator)

2025-07-12 13:20:36,824 - WARNING - /home/cchen/Hiccup/core/PesExploration/tools/energy_structure_filter.py:97: DeprecationWarning: Please use atoms.calc = calc
  atoms.set_calculator(calculator)

2025-07-12 13:20:36,850 - WARNING - /home/cchen/Hiccup/core/PesExploration/tools/energy_structure_filter.py:97: DeprecationWarning: Please use atoms.calc = calc
  atoms.set_calculator(calculator)

2025-07-12 13:20:36,888 - WARNING - /home/cchen/Hiccup/core/PesExploration/tools/energy_structure_filter.py:97: DeprecationWarning: Please use atoms.calc = calc
  atoms.set_calculator(calculator)

2025-07-12 13:20:36,915 - WARNING - /home/cchen/Hiccup/core/PesExploration/tools/energy_structure_filter.py:97: DeprecationWarning: Please use atoms.calc = calc
  atoms.set_calculator(calculator)

2025-07-12 13:20:36,953 - WARNING - /home/cchen/Hiccup/core/PesExploration/tools/energy_structure_filter.py:97: DeprecationWarning: Please use atoms.calc = calc
  atoms.set_calculator(calculator)

2025-07-12 13:20:36,981 - WARNING - /home/cchen/Hiccup/core/PesExploration/tools/energy_structure_filter.py:97: DeprecationWarning: Please use atoms.calc = calc
  atoms.set_calculator(calculator)

2025-07-12 13:20:37,016 - WARNING - /home/cchen/Hiccup/core/PesExploration/tools/energy_structure_filter.py:97: DeprecationWarning: Please use atoms.calc = calc
  atoms.set_calculator(calculator)

2025-07-12 13:20:37,042 - WARNING - /home/cchen/Hiccup/core/PesExploration/tools/energy_structure_filter.py:97: DeprecationWarning: Please use atoms.calc = calc
  atoms.set_calculator(calculator)

2025-07-12 13:20:37,067 - WARNING - /home/cchen/Hiccup/core/PesExploration/tools/energy_structure_filter.py:97: DeprecationWarning: Please use atoms.calc = calc
  atoms.set_calculator(calculator)

2025-07-12 13:20:37,094 - WARNING - /home/cchen/Hiccup/core/PesExploration/tools/energy_structure_filter.py:97: DeprecationWarning: Please use atoms.calc = calc
  atoms.set_calculator(calculator)

2025-07-12 13:20:37,121 - WARNING - /home/cchen/Hiccup/core/PesExploration/tools/energy_structure_filter.py:97: DeprecationWarning: Please use atoms.calc = calc
  atoms.set_calculator(calculator)

2025-07-12 13:20:37,151 - WARNING - /home/cchen/Hiccup/core/PesExploration/tools/energy_structure_filter.py:97: DeprecationWarning: Please use atoms.calc = calc
  atoms.set_calculator(calculator)

2025-07-12 13:20:37,190 - WARNING - /home/cchen/Hiccup/core/PesExploration/tools/energy_structure_filter.py:97: DeprecationWarning: Please use atoms.calc = calc
  atoms.set_calculator(calculator)

2025-07-12 13:20:37,228 - WARNING - /home/cchen/Hiccup/core/PesExploration/tools/energy_structure_filter.py:97: DeprecationWarning: Please use atoms.calc = calc
  atoms.set_calculator(calculator)

2025-07-12 13:20:37,268 - WARNING - /home/cchen/Hiccup/core/PesExploration/tools/energy_structure_filter.py:97: DeprecationWarning: Please use atoms.calc = calc
  atoms.set_calculator(calculator)

2025-07-12 13:20:37,307 - WARNING - /home/cchen/Hiccup/core/PesExploration/tools/energy_structure_filter.py:97: DeprecationWarning: Please use atoms.calc = calc
  atoms.set_calculator(calculator)

2025-07-12 13:20:37,345 - WARNING - /home/cchen/Hiccup/core/PesExploration/tools/energy_structure_filter.py:97: DeprecationWarning: Please use atoms.calc = calc
  atoms.set_calculator(calculator)

2025-07-12 13:20:37,385 - WARNING - /home/cchen/Hiccup/core/PesExploration/tools/energy_structure_filter.py:97: DeprecationWarning: Please use atoms.calc = calc
  atoms.set_calculator(calculator)

2025-07-12 13:20:37,424 - WARNING - /home/cchen/Hiccup/core/PesExploration/tools/energy_structure_filter.py:97: DeprecationWarning: Please use atoms.calc = calc
  atoms.set_calculator(calculator)

2025-07-12 13:20:37,464 - WARNING - /home/cchen/Hiccup/core/PesExploration/tools/energy_structure_filter.py:97: DeprecationWarning: Please use atoms.calc = calc
  atoms.set_calculator(calculator)

2025-07-12 13:20:37,503 - WARNING - /home/cchen/Hiccup/core/PesExploration/tools/energy_structure_filter.py:97: DeprecationWarning: Please use atoms.calc = calc
  atoms.set_calculator(calculator)

2025-07-12 13:20:37,542 - WARNING - /home/cchen/Hiccup/core/PesExploration/tools/energy_structure_filter.py:97: DeprecationWarning: Please use atoms.calc = calc
  atoms.set_calculator(calculator)

2025-07-12 13:20:37,580 - WARNING - /home/cchen/Hiccup/core/PesExploration/tools/energy_structure_filter.py:97: DeprecationWarning: Please use atoms.calc = calc
  atoms.set_calculator(calculator)

2025-07-12 13:20:37,619 - WARNING - /home/cchen/Hiccup/core/PesExploration/tools/energy_structure_filter.py:97: DeprecationWarning: Please use atoms.calc = calc
  atoms.set_calculator(calculator)

2025-07-12 13:20:37,658 - WARNING - /home/cchen/Hiccup/core/PesExploration/tools/energy_structure_filter.py:97: DeprecationWarning: Please use atoms.calc = calc
  atoms.set_calculator(calculator)

2025-07-12 13:20:37,693 - WARNING - /home/cchen/Hiccup/core/PesExploration/tools/energy_structure_filter.py:97: DeprecationWarning: Please use atoms.calc = calc
  atoms.set_calculator(calculator)

2025-07-12 13:20:37,720 - WARNING - /home/cchen/Hiccup/core/PesExploration/tools/energy_structure_filter.py:97: DeprecationWarning: Please use atoms.calc = calc
  atoms.set_calculator(calculator)

2025-07-12 13:20:37,758 - WARNING - /home/cchen/Hiccup/core/PesExploration/tools/energy_structure_filter.py:97: DeprecationWarning: Please use atoms.calc = calc
  atoms.set_calculator(calculator)

2025-07-12 13:20:37,790 - WARNING - /home/cchen/Hiccup/core/PesExploration/tools/energy_structure_filter.py:97: DeprecationWarning: Please use atoms.calc = calc
  atoms.set_calculator(calculator)

2025-07-12 13:20:37,819 - WARNING - /home/cchen/Hiccup/core/PesExploration/tools/energy_structure_filter.py:97: DeprecationWarning: Please use atoms.calc = calc
  atoms.set_calculator(calculator)

2025-07-12 13:20:37,849 - WARNING - /home/cchen/Hiccup/core/PesExploration/tools/energy_structure_filter.py:97: DeprecationWarning: Please use atoms.calc = calc
  atoms.set_calculator(calculator)

2025-07-12 13:20:37,889 - WARNING - /home/cchen/Hiccup/core/PesExploration/tools/energy_structure_filter.py:97: DeprecationWarning: Please use atoms.calc = calc
  atoms.set_calculator(calculator)

2025-07-12 13:20:37,928 - WARNING - /home/cchen/Hiccup/core/PesExploration/tools/energy_structure_filter.py:97: DeprecationWarning: Please use atoms.calc = calc
  atoms.set_calculator(calculator)

2025-07-12 13:20:37,966 - WARNING - /home/cchen/Hiccup/core/PesExploration/tools/energy_structure_filter.py:97: DeprecationWarning: Please use atoms.calc = calc
  atoms.set_calculator(calculator)

2025-07-12 13:20:38,006 - WARNING - /home/cchen/Hiccup/core/PesExploration/tools/energy_structure_filter.py:97: DeprecationWarning: Please use atoms.calc = calc
  atoms.set_calculator(calculator)

2025-07-12 13:20:38,045 - WARNING - /home/cchen/Hiccup/core/PesExploration/tools/energy_structure_filter.py:97: DeprecationWarning: Please use atoms.calc = calc
  atoms.set_calculator(calculator)

2025-07-12 13:20:38,075 - WARNING - /home/cchen/Hiccup/core/PesExploration/tools/energy_structure_filter.py:97: DeprecationWarning: Please use atoms.calc = calc
  atoms.set_calculator(calculator)

2025-07-12 13:20:38,115 - WARNING - /home/cchen/Hiccup/core/PesExploration/tools/energy_structure_filter.py:97: DeprecationWarning: Please use atoms.calc = calc
  atoms.set_calculator(calculator)

2025-07-12 13:20:38,153 - WARNING - /home/cchen/Hiccup/core/PesExploration/tools/energy_structure_filter.py:97: DeprecationWarning: Please use atoms.calc = calc
  atoms.set_calculator(calculator)

2025-07-12 13:20:38,191 - WARNING - /home/cchen/Hiccup/core/PesExploration/tools/energy_structure_filter.py:97: DeprecationWarning: Please use atoms.calc = calc
  atoms.set_calculator(calculator)

2025-07-12 13:20:38,233 - WARNING - /home/cchen/Hiccup/core/PesExploration/tools/energy_structure_filter.py:97: DeprecationWarning: Please use atoms.calc = calc
  atoms.set_calculator(calculator)

2025-07-12 13:20:38,275 - WARNING - /home/cchen/Hiccup/core/PesExploration/tools/energy_structure_filter.py:97: DeprecationWarning: Please use atoms.calc = calc
  atoms.set_calculator(calculator)

2025-07-12 13:20:38,315 - WARNING - /home/cchen/Hiccup/core/PesExploration/tools/energy_structure_filter.py:97: DeprecationWarning: Please use atoms.calc = calc
  atoms.set_calculator(calculator)

2025-07-12 13:20:38,353 - WARNING - /home/cchen/Hiccup/core/PesExploration/tools/energy_structure_filter.py:97: DeprecationWarning: Please use atoms.calc = calc
  atoms.set_calculator(calculator)

2025-07-12 13:20:38,385 - WARNING - /home/cchen/Hiccup/core/PesExploration/tools/energy_structure_filter.py:97: DeprecationWarning: Please use atoms.calc = calc
  atoms.set_calculator(calculator)

2025-07-12 13:20:38,424 - WARNING - /home/cchen/Hiccup/core/PesExploration/tools/energy_structure_filter.py:97: DeprecationWarning: Please use atoms.calc = calc
  atoms.set_calculator(calculator)

2025-07-12 13:20:38,452 - WARNING - /home/cchen/Hiccup/core/PesExploration/tools/energy_structure_filter.py:97: DeprecationWarning: Please use atoms.calc = calc
  atoms.set_calculator(calculator)

2025-07-12 13:20:38,479 - WARNING - /home/cchen/Hiccup/core/PesExploration/tools/energy_structure_filter.py:97: DeprecationWarning: Please use atoms.calc = calc
  atoms.set_calculator(calculator)

2025-07-12 13:20:38,506 - WARNING - /home/cchen/Hiccup/core/PesExploration/tools/energy_structure_filter.py:97: DeprecationWarning: Please use atoms.calc = calc
  atoms.set_calculator(calculator)

2025-07-12 13:20:38,545 - WARNING - /home/cchen/Hiccup/core/PesExploration/tools/energy_structure_filter.py:97: DeprecationWarning: Please use atoms.calc = calc
  atoms.set_calculator(calculator)

2025-07-12 13:20:38,585 - WARNING - /home/cchen/Hiccup/core/PesExploration/tools/energy_structure_filter.py:97: DeprecationWarning: Please use atoms.calc = calc
  atoms.set_calculator(calculator)

2025-07-12 13:20:38,625 - WARNING - /home/cchen/Hiccup/core/PesExploration/tools/energy_structure_filter.py:97: DeprecationWarning: Please use atoms.calc = calc
  atoms.set_calculator(calculator)

2025-07-12 13:20:38,665 - WARNING - /home/cchen/Hiccup/core/PesExploration/tools/energy_structure_filter.py:97: DeprecationWarning: Please use atoms.calc = calc
  atoms.set_calculator(calculator)

2025-07-12 13:20:38,697 - WARNING - /home/cchen/Hiccup/core/PesExploration/tools/energy_structure_filter.py:97: DeprecationWarning: Please use atoms.calc = calc
  atoms.set_calculator(calculator)

2025-07-12 13:20:38,726 - WARNING - /home/cchen/Hiccup/core/PesExploration/tools/energy_structure_filter.py:97: DeprecationWarning: Please use atoms.calc = calc
  atoms.set_calculator(calculator)

2025-07-12 13:20:38,768 - WARNING - /home/cchen/Hiccup/core/PesExploration/tools/energy_structure_filter.py:97: DeprecationWarning: Please use atoms.calc = calc
  atoms.set_calculator(calculator)

2025-07-12 13:20:38,799 - WARNING - /home/cchen/Hiccup/core/PesExploration/tools/energy_structure_filter.py:97: DeprecationWarning: Please use atoms.calc = calc
  atoms.set_calculator(calculator)

2025-07-12 13:20:38,831 - WARNING - /home/cchen/Hiccup/core/PesExploration/tools/energy_structure_filter.py:97: DeprecationWarning: Please use atoms.calc = calc
  atoms.set_calculator(calculator)

2025-07-12 13:20:38,870 - WARNING - /home/cchen/Hiccup/core/PesExploration/tools/energy_structure_filter.py:97: DeprecationWarning: Please use atoms.calc = calc
  atoms.set_calculator(calculator)

2025-07-12 13:20:38,911 - WARNING - /home/cchen/Hiccup/core/PesExploration/tools/energy_structure_filter.py:97: DeprecationWarning: Please use atoms.calc = calc
  atoms.set_calculator(calculator)

2025-07-12 13:20:38,950 - WARNING - /home/cchen/Hiccup/core/PesExploration/tools/energy_structure_filter.py:97: DeprecationWarning: Please use atoms.calc = calc
  atoms.set_calculator(calculator)

2025-07-12 13:20:38,982 - WARNING - /home/cchen/Hiccup/core/PesExploration/tools/energy_structure_filter.py:97: DeprecationWarning: Please use atoms.calc = calc
  atoms.set_calculator(calculator)

2025-07-12 13:20:39,009 - WARNING - /home/cchen/Hiccup/core/PesExploration/tools/energy_structure_filter.py:97: DeprecationWarning: Please use atoms.calc = calc
  atoms.set_calculator(calculator)

2025-07-12 13:20:39,036 - WARNING - /home/cchen/Hiccup/core/PesExploration/tools/energy_structure_filter.py:97: DeprecationWarning: Please use atoms.calc = calc
  atoms.set_calculator(calculator)

2025-07-12 13:20:39,062 - WARNING - /home/cchen/Hiccup/core/PesExploration/tools/energy_structure_filter.py:97: DeprecationWarning: Please use atoms.calc = calc
  atoms.set_calculator(calculator)

2025-07-12 13:20:39,099 - WARNING - /home/cchen/Hiccup/core/PesExploration/tools/energy_structure_filter.py:97: DeprecationWarning: Please use atoms.calc = calc
  atoms.set_calculator(calculator)

2025-07-12 13:20:39,128 - WARNING - /home/cchen/Hiccup/core/PesExploration/tools/energy_structure_filter.py:97: DeprecationWarning: Please use atoms.calc = calc
  atoms.set_calculator(calculator)

2025-07-12 13:20:39,154 - WARNING - /home/cchen/Hiccup/core/PesExploration/tools/energy_structure_filter.py:97: DeprecationWarning: Please use atoms.calc = calc
  atoms.set_calculator(calculator)

2025-07-12 13:20:39,181 - WARNING - /home/cchen/Hiccup/core/PesExploration/tools/energy_structure_filter.py:97: DeprecationWarning: Please use atoms.calc = calc
  atoms.set_calculator(calculator)

2025-07-12 13:20:39,208 - WARNING - /home/cchen/Hiccup/core/PesExploration/tools/energy_structure_filter.py:97: DeprecationWarning: Please use atoms.calc = calc
  atoms.set_calculator(calculator)

2025-07-12 13:20:39,238 - WARNING - /home/cchen/Hiccup/core/PesExploration/tools/energy_structure_filter.py:97: DeprecationWarning: Please use atoms.calc = calc
  atoms.set_calculator(calculator)

2025-07-12 13:20:39,266 - WARNING - /home/cchen/Hiccup/core/PesExploration/tools/energy_structure_filter.py:97: DeprecationWarning: Please use atoms.calc = calc
  atoms.set_calculator(calculator)

2025-07-12 13:20:39,292 - WARNING - /home/cchen/Hiccup/core/PesExploration/tools/energy_structure_filter.py:97: DeprecationWarning: Please use atoms.calc = calc
  atoms.set_calculator(calculator)

2025-07-12 13:20:39,319 - WARNING - /home/cchen/Hiccup/core/PesExploration/tools/energy_structure_filter.py:97: DeprecationWarning: Please use atoms.calc = calc
  atoms.set_calculator(calculator)

2025-07-12 13:20:39,346 - WARNING - /home/cchen/Hiccup/core/PesExploration/tools/energy_structure_filter.py:97: DeprecationWarning: Please use atoms.calc = calc
  atoms.set_calculator(calculator)

2025-07-12 13:20:39,385 - WARNING - /home/cchen/Hiccup/core/PesExploration/tools/energy_structure_filter.py:97: DeprecationWarning: Please use atoms.calc = calc
  atoms.set_calculator(calculator)

2025-07-12 13:20:39,412 - WARNING - /home/cchen/Hiccup/core/PesExploration/tools/energy_structure_filter.py:97: DeprecationWarning: Please use atoms.calc = calc
  atoms.set_calculator(calculator)

2025-07-12 13:20:39,439 - WARNING - /home/cchen/Hiccup/core/PesExploration/tools/energy_structure_filter.py:97: DeprecationWarning: Please use atoms.calc = calc
  atoms.set_calculator(calculator)

2025-07-12 13:20:39,467 - WARNING - /home/cchen/Hiccup/core/PesExploration/tools/energy_structure_filter.py:97: DeprecationWarning: Please use atoms.calc = calc
  atoms.set_calculator(calculator)

2025-07-12 13:20:39,507 - WARNING - /home/cchen/Hiccup/core/PesExploration/tools/energy_structure_filter.py:97: DeprecationWarning: Please use atoms.calc = calc
  atoms.set_calculator(calculator)

2025-07-12 13:20:39,535 - WARNING - /home/cchen/Hiccup/core/PesExploration/tools/energy_structure_filter.py:97: DeprecationWarning: Please use atoms.calc = calc
  atoms.set_calculator(calculator)

2025-07-12 13:20:39,563 - WARNING - /home/cchen/Hiccup/core/PesExploration/tools/energy_structure_filter.py:97: DeprecationWarning: Please use atoms.calc = calc
  atoms.set_calculator(calculator)

2025-07-12 13:20:39,592 - WARNING - /home/cchen/Hiccup/core/PesExploration/tools/energy_structure_filter.py:97: DeprecationWarning: Please use atoms.calc = calc
  atoms.set_calculator(calculator)

2025-07-12 13:20:39,619 - WARNING - /home/cchen/Hiccup/core/PesExploration/tools/energy_structure_filter.py:97: DeprecationWarning: Please use atoms.calc = calc
  atoms.set_calculator(calculator)

2025-07-12 13:20:39,650 - WARNING - /home/cchen/Hiccup/core/PesExploration/tools/energy_structure_filter.py:97: DeprecationWarning: Please use atoms.calc = calc
  atoms.set_calculator(calculator)

2025-07-12 13:20:39,681 - WARNING - /home/cchen/Hiccup/core/PesExploration/tools/energy_structure_filter.py:97: DeprecationWarning: Please use atoms.calc = calc
  atoms.set_calculator(calculator)

2025-07-12 13:20:39,707 - WARNING - /home/cchen/Hiccup/core/PesExploration/tools/energy_structure_filter.py:97: DeprecationWarning: Please use atoms.calc = calc
  atoms.set_calculator(calculator)

2025-07-12 13:20:39,735 - WARNING - /home/cchen/Hiccup/core/PesExploration/tools/energy_structure_filter.py:97: DeprecationWarning: Please use atoms.calc = calc
  atoms.set_calculator(calculator)

2025-07-12 13:20:39,770 - WARNING - /home/cchen/Hiccup/core/PesExploration/tools/energy_structure_filter.py:97: DeprecationWarning: Please use atoms.calc = calc
  atoms.set_calculator(calculator)

2025-07-12 13:20:39,798 - WARNING - /home/cchen/Hiccup/core/PesExploration/tools/energy_structure_filter.py:97: DeprecationWarning: Please use atoms.calc = calc
  atoms.set_calculator(calculator)

2025-07-12 13:20:39,825 - WARNING - /home/cchen/Hiccup/core/PesExploration/tools/energy_structure_filter.py:97: DeprecationWarning: Please use atoms.calc = calc
  atoms.set_calculator(calculator)

2025-07-12 13:20:39,866 - WARNING - /home/cchen/Hiccup/core/PesExploration/tools/energy_structure_filter.py:97: DeprecationWarning: Please use atoms.calc = calc
  atoms.set_calculator(calculator)

2025-07-12 13:20:39,901 - WARNING - /home/cchen/Hiccup/core/PesExploration/tools/energy_structure_filter.py:97: DeprecationWarning: Please use atoms.calc = calc
  atoms.set_calculator(calculator)

2025-07-12 13:20:39,939 - WARNING - /home/cchen/Hiccup/core/PesExploration/tools/energy_structure_filter.py:97: DeprecationWarning: Please use atoms.calc = calc
  atoms.set_calculator(calculator)

2025-07-12 13:20:39,968 - WARNING - /home/cchen/Hiccup/core/PesExploration/tools/energy_structure_filter.py:97: DeprecationWarning: Please use atoms.calc = calc
  atoms.set_calculator(calculator)

2025-07-12 13:20:39,997 - WARNING - /home/cchen/Hiccup/core/PesExploration/tools/energy_structure_filter.py:97: DeprecationWarning: Please use atoms.calc = calc
  atoms.set_calculator(calculator)

2025-07-12 13:20:40,045 - WARNING - /home/cchen/Hiccup/core/PesExploration/tools/energy_structure_filter.py:97: DeprecationWarning: Please use atoms.calc = calc
  atoms.set_calculator(calculator)

2025-07-12 13:20:40,076 - WARNING - /home/cchen/Hiccup/core/PesExploration/tools/energy_structure_filter.py:97: DeprecationWarning: Please use atoms.calc = calc
  atoms.set_calculator(calculator)

2025-07-12 13:20:40,105 - WARNING - /home/cchen/Hiccup/core/PesExploration/tools/energy_structure_filter.py:97: DeprecationWarning: Please use atoms.calc = calc
  atoms.set_calculator(calculator)

2025-07-12 13:20:40,134 - WARNING - /home/cchen/Hiccup/core/PesExploration/tools/energy_structure_filter.py:97: DeprecationWarning: Please use atoms.calc = calc
  atoms.set_calculator(calculator)

2025-07-12 13:20:40,176 - WARNING - /home/cchen/Hiccup/core/PesExploration/tools/energy_structure_filter.py:97: DeprecationWarning: Please use atoms.calc = calc
  atoms.set_calculator(calculator)

2025-07-12 13:20:40,204 - WARNING - /home/cchen/Hiccup/core/PesExploration/tools/energy_structure_filter.py:97: DeprecationWarning: Please use atoms.calc = calc
  atoms.set_calculator(calculator)

2025-07-12 13:20:40,231 - WARNING - /home/cchen/Hiccup/core/PesExploration/tools/energy_structure_filter.py:97: DeprecationWarning: Please use atoms.calc = calc
  atoms.set_calculator(calculator)

2025-07-12 13:20:40,258 - WARNING - /home/cchen/Hiccup/core/PesExploration/tools/energy_structure_filter.py:97: DeprecationWarning: Please use atoms.calc = calc
  atoms.set_calculator(calculator)

2025-07-12 13:20:40,286 - WARNING - /home/cchen/Hiccup/core/PesExploration/tools/energy_structure_filter.py:97: DeprecationWarning: Please use atoms.calc = calc
  atoms.set_calculator(calculator)

2025-07-12 13:20:40,314 - WARNING - /home/cchen/Hiccup/core/PesExploration/tools/energy_structure_filter.py:97: DeprecationWarning: Please use atoms.calc = calc
  atoms.set_calculator(calculator)

2025-07-12 13:20:40,344 - WARNING - /home/cchen/Hiccup/core/PesExploration/tools/energy_structure_filter.py:97: DeprecationWarning: Please use atoms.calc = calc
  atoms.set_calculator(calculator)

2025-07-12 13:20:40,372 - WARNING - /home/cchen/Hiccup/core/PesExploration/tools/energy_structure_filter.py:97: DeprecationWarning: Please use atoms.calc = calc
  atoms.set_calculator(calculator)

2025-07-12 13:20:40,402 - WARNING - /home/cchen/Hiccup/core/PesExploration/tools/energy_structure_filter.py:97: DeprecationWarning: Please use atoms.calc = calc
  atoms.set_calculator(calculator)

2025-07-12 13:20:40,456 - WARNING - /home/cchen/Hiccup/core/PesExploration/tools/energy_structure_filter.py:97: DeprecationWarning: Please use atoms.calc = calc
  atoms.set_calculator(calculator)

2025-07-12 13:20:40,489 - WARNING - /home/cchen/Hiccup/core/PesExploration/tools/energy_structure_filter.py:97: DeprecationWarning: Please use atoms.calc = calc
  atoms.set_calculator(calculator)

2025-07-12 13:20:40,529 - WARNING - /home/cchen/Hiccup/core/PesExploration/tools/energy_structure_filter.py:97: DeprecationWarning: Please use atoms.calc = calc
  atoms.set_calculator(calculator)

2025-07-12 13:20:40,565 - WARNING - /home/cchen/Hiccup/core/PesExploration/tools/energy_structure_filter.py:97: DeprecationWarning: Please use atoms.calc = calc
  atoms.set_calculator(calculator)

2025-07-12 13:20:40,597 - WARNING - /home/cchen/Hiccup/core/PesExploration/tools/energy_structure_filter.py:97: DeprecationWarning: Please use atoms.calc = calc
  atoms.set_calculator(calculator)

2025-07-12 13:20:40,626 - WARNING - /home/cchen/Hiccup/core/PesExploration/tools/energy_structure_filter.py:97: DeprecationWarning: Please use atoms.calc = calc
  atoms.set_calculator(calculator)

2025-07-12 13:20:40,655 - WARNING - /home/cchen/Hiccup/core/PesExploration/tools/energy_structure_filter.py:97: DeprecationWarning: Please use atoms.calc = calc
  atoms.set_calculator(calculator)

2025-07-12 13:20:40,686 - WARNING - /home/cchen/Hiccup/core/PesExploration/tools/energy_structure_filter.py:97: DeprecationWarning: Please use atoms.calc = calc
  atoms.set_calculator(calculator)

2025-07-12 13:20:40,717 - WARNING - /home/cchen/Hiccup/core/PesExploration/tools/energy_structure_filter.py:97: DeprecationWarning: Please use atoms.calc = calc
  atoms.set_calculator(calculator)

2025-07-12 13:20:40,748 - WARNING - /home/cchen/Hiccup/core/PesExploration/tools/energy_structure_filter.py:97: DeprecationWarning: Please use atoms.calc = calc
  atoms.set_calculator(calculator)

2025-07-12 13:20:40,777 - WARNING - /home/cchen/Hiccup/core/PesExploration/tools/energy_structure_filter.py:97: DeprecationWarning: Please use atoms.calc = calc
  atoms.set_calculator(calculator)

2025-07-12 13:20:40,806 - WARNING - /home/cchen/Hiccup/core/PesExploration/tools/energy_structure_filter.py:97: DeprecationWarning: Please use atoms.calc = calc
  atoms.set_calculator(calculator)

2025-07-12 13:20:40,836 - WARNING - /home/cchen/Hiccup/core/PesExploration/tools/energy_structure_filter.py:97: DeprecationWarning: Please use atoms.calc = calc
  atoms.set_calculator(calculator)

2025-07-12 13:20:40,874 - WARNING - /home/cchen/Hiccup/core/PesExploration/tools/energy_structure_filter.py:97: DeprecationWarning: Please use atoms.calc = calc
  atoms.set_calculator(calculator)

2025-07-12 13:20:40,903 - WARNING - /home/cchen/Hiccup/core/PesExploration/tools/energy_structure_filter.py:97: DeprecationWarning: Please use atoms.calc = calc
  atoms.set_calculator(calculator)

2025-07-12 13:20:40,934 - WARNING - /home/cchen/Hiccup/core/PesExploration/tools/energy_structure_filter.py:97: DeprecationWarning: Please use atoms.calc = calc
  atoms.set_calculator(calculator)

2025-07-12 13:20:40,963 - WARNING - /home/cchen/Hiccup/core/PesExploration/tools/energy_structure_filter.py:97: DeprecationWarning: Please use atoms.calc = calc
  atoms.set_calculator(calculator)

2025-07-12 13:20:41,007 - WARNING - /home/cchen/Hiccup/core/PesExploration/tools/energy_structure_filter.py:97: DeprecationWarning: Please use atoms.calc = calc
  atoms.set_calculator(calculator)

2025-07-12 13:20:41,038 - WARNING - /home/cchen/Hiccup/core/PesExploration/tools/energy_structure_filter.py:97: DeprecationWarning: Please use atoms.calc = calc
  atoms.set_calculator(calculator)

2025-07-12 13:20:41,068 - WARNING - /home/cchen/Hiccup/core/PesExploration/tools/energy_structure_filter.py:97: DeprecationWarning: Please use atoms.calc = calc
  atoms.set_calculator(calculator)

2025-07-12 13:20:41,097 - WARNING - /home/cchen/Hiccup/core/PesExploration/tools/energy_structure_filter.py:97: DeprecationWarning: Please use atoms.calc = calc
  atoms.set_calculator(calculator)

2025-07-12 13:20:41,127 - WARNING - /home/cchen/Hiccup/core/PesExploration/tools/energy_structure_filter.py:97: DeprecationWarning: Please use atoms.calc = calc
  atoms.set_calculator(calculator)

2025-07-12 13:20:41,157 - WARNING - /home/cchen/Hiccup/core/PesExploration/tools/energy_structure_filter.py:97: DeprecationWarning: Please use atoms.calc = calc
  atoms.set_calculator(calculator)

2025-07-12 13:20:41,189 - WARNING - /home/cchen/Hiccup/core/PesExploration/tools/energy_structure_filter.py:97: DeprecationWarning: Please use atoms.calc = calc
  atoms.set_calculator(calculator)

2025-07-12 13:20:41,231 - WARNING - /home/cchen/Hiccup/core/PesExploration/tools/energy_structure_filter.py:97: DeprecationWarning: Please use atoms.calc = calc
  atoms.set_calculator(calculator)

2025-07-12 13:20:41,273 - WARNING - /home/cchen/Hiccup/core/PesExploration/tools/energy_structure_filter.py:97: DeprecationWarning: Please use atoms.calc = calc
  atoms.set_calculator(calculator)

2025-07-12 13:20:41,307 - WARNING - /home/cchen/Hiccup/core/PesExploration/tools/energy_structure_filter.py:97: DeprecationWarning: Please use atoms.calc = calc
  atoms.set_calculator(calculator)

2025-07-12 13:20:41,336 - WARNING - /home/cchen/Hiccup/core/PesExploration/tools/energy_structure_filter.py:97: DeprecationWarning: Please use atoms.calc = calc
  atoms.set_calculator(calculator)

2025-07-12 13:20:41,365 - WARNING - /home/cchen/Hiccup/core/PesExploration/tools/energy_structure_filter.py:97: DeprecationWarning: Please use atoms.calc = calc
  atoms.set_calculator(calculator)

2025-07-12 13:20:41,411 - WARNING - /home/cchen/Hiccup/core/PesExploration/tools/energy_structure_filter.py:97: DeprecationWarning: Please use atoms.calc = calc
  atoms.set_calculator(calculator)

2025-07-12 13:20:41,443 - WARNING - /home/cchen/Hiccup/core/PesExploration/tools/energy_structure_filter.py:97: DeprecationWarning: Please use atoms.calc = calc
  atoms.set_calculator(calculator)

2025-07-12 13:20:41,472 - WARNING - /home/cchen/Hiccup/core/PesExploration/tools/energy_structure_filter.py:97: DeprecationWarning: Please use atoms.calc = calc
  atoms.set_calculator(calculator)

2025-07-12 13:20:41,502 - WARNING - /home/cchen/Hiccup/core/PesExploration/tools/energy_structure_filter.py:97: DeprecationWarning: Please use atoms.calc = calc
  atoms.set_calculator(calculator)

2025-07-12 13:20:41,532 - WARNING - /home/cchen/Hiccup/core/PesExploration/tools/energy_structure_filter.py:97: DeprecationWarning: Please use atoms.calc = calc
  atoms.set_calculator(calculator)

2025-07-12 13:20:41,573 - WARNING - /home/cchen/Hiccup/core/PesExploration/tools/energy_structure_filter.py:97: DeprecationWarning: Please use atoms.calc = calc
  atoms.set_calculator(calculator)

2025-07-12 13:20:41,604 - WARNING - /home/cchen/Hiccup/core/PesExploration/tools/energy_structure_filter.py:97: DeprecationWarning: Please use atoms.calc = calc
  atoms.set_calculator(calculator)

2025-07-12 13:20:41,649 - WARNING - /home/cchen/Hiccup/core/PesExploration/tools/energy_structure_filter.py:97: DeprecationWarning: Please use atoms.calc = calc
  atoms.set_calculator(calculator)

2025-07-12 13:20:41,682 - WARNING - /home/cchen/Hiccup/core/PesExploration/tools/energy_structure_filter.py:97: DeprecationWarning: Please use atoms.calc = calc
  atoms.set_calculator(calculator)

2025-07-12 13:20:41,714 - WARNING - /home/cchen/Hiccup/core/PesExploration/tools/energy_structure_filter.py:97: DeprecationWarning: Please use atoms.calc = calc
  atoms.set_calculator(calculator)

2025-07-12 13:20:41,756 - WARNING - /home/cchen/Hiccup/core/PesExploration/tools/energy_structure_filter.py:97: DeprecationWarning: Please use atoms.calc = calc
  atoms.set_calculator(calculator)

2025-07-12 13:20:41,796 - WARNING - /home/cchen/Hiccup/core/PesExploration/tools/energy_structure_filter.py:97: DeprecationWarning: Please use atoms.calc = calc
  atoms.set_calculator(calculator)

2025-07-12 13:20:41,836 - WARNING - /home/cchen/Hiccup/core/PesExploration/tools/energy_structure_filter.py:97: DeprecationWarning: Please use atoms.calc = calc
  atoms.set_calculator(calculator)

2025-07-12 13:20:41,864 - WARNING - /home/cchen/Hiccup/core/PesExploration/tools/energy_structure_filter.py:97: DeprecationWarning: Please use atoms.calc = calc
  atoms.set_calculator(calculator)

2025-07-12 13:20:41,900 - WARNING - /home/cchen/Hiccup/core/PesExploration/tools/energy_structure_filter.py:97: DeprecationWarning: Please use atoms.calc = calc
  atoms.set_calculator(calculator)

2025-07-12 13:20:41,936 - WARNING - /home/cchen/Hiccup/core/PesExploration/tools/energy_structure_filter.py:97: DeprecationWarning: Please use atoms.calc = calc
  atoms.set_calculator(calculator)

2025-07-12 13:20:41,965 - WARNING - /home/cchen/Hiccup/core/PesExploration/tools/energy_structure_filter.py:97: DeprecationWarning: Please use atoms.calc = calc
  atoms.set_calculator(calculator)

2025-07-12 13:20:42,004 - WARNING - /home/cchen/Hiccup/core/PesExploration/tools/energy_structure_filter.py:97: DeprecationWarning: Please use atoms.calc = calc
  atoms.set_calculator(calculator)

2025-07-12 13:20:42,044 - WARNING - /home/cchen/Hiccup/core/PesExploration/tools/energy_structure_filter.py:97: DeprecationWarning: Please use atoms.calc = calc
  atoms.set_calculator(calculator)

2025-07-12 13:20:42,071 - WARNING - /home/cchen/Hiccup/core/PesExploration/tools/energy_structure_filter.py:97: DeprecationWarning: Please use atoms.calc = calc
  atoms.set_calculator(calculator)

2025-07-12 13:20:42,110 - WARNING - /home/cchen/Hiccup/core/PesExploration/tools/energy_structure_filter.py:97: DeprecationWarning: Please use atoms.calc = calc
  atoms.set_calculator(calculator)

2025-07-12 13:20:42,149 - WARNING - /home/cchen/Hiccup/core/PesExploration/tools/energy_structure_filter.py:97: DeprecationWarning: Please use atoms.calc = calc
  atoms.set_calculator(calculator)

2025-07-12 13:20:42,189 - WARNING - /home/cchen/Hiccup/core/PesExploration/tools/energy_structure_filter.py:97: DeprecationWarning: Please use atoms.calc = calc
  atoms.set_calculator(calculator)

2025-07-12 13:20:42,220 - WARNING - /home/cchen/Hiccup/core/PesExploration/tools/energy_structure_filter.py:97: DeprecationWarning: Please use atoms.calc = calc
  atoms.set_calculator(calculator)

2025-07-12 13:20:42,258 - WARNING - /home/cchen/Hiccup/core/PesExploration/tools/energy_structure_filter.py:97: DeprecationWarning: Please use atoms.calc = calc
  atoms.set_calculator(calculator)

2025-07-12 13:20:42,297 - WARNING - /home/cchen/Hiccup/core/PesExploration/tools/energy_structure_filter.py:97: DeprecationWarning: Please use atoms.calc = calc
  atoms.set_calculator(calculator)

2025-07-12 13:20:42,324 - WARNING - /home/cchen/Hiccup/core/PesExploration/tools/energy_structure_filter.py:97: DeprecationWarning: Please use atoms.calc = calc
  atoms.set_calculator(calculator)

2025-07-12 13:20:42,363 - WARNING - /home/cchen/Hiccup/core/PesExploration/tools/energy_structure_filter.py:97: DeprecationWarning: Please use atoms.calc = calc
  atoms.set_calculator(calculator)

2025-07-12 13:20:42,392 - WARNING - /home/cchen/Hiccup/core/PesExploration/tools/energy_structure_filter.py:97: DeprecationWarning: Please use atoms.calc = calc
  atoms.set_calculator(calculator)

2025-07-12 13:20:42,430 - WARNING - /home/cchen/Hiccup/core/PesExploration/tools/energy_structure_filter.py:97: DeprecationWarning: Please use atoms.calc = calc
  atoms.set_calculator(calculator)

2025-07-12 13:20:42,469 - WARNING - /home/cchen/Hiccup/core/PesExploration/tools/energy_structure_filter.py:97: DeprecationWarning: Please use atoms.calc = calc
  atoms.set_calculator(calculator)

2025-07-12 13:20:42,504 - WARNING - /home/cchen/Hiccup/core/PesExploration/tools/energy_structure_filter.py:97: DeprecationWarning: Please use atoms.calc = calc
  atoms.set_calculator(calculator)

2025-07-12 13:20:42,533 - WARNING - /home/cchen/Hiccup/core/PesExploration/tools/energy_structure_filter.py:97: DeprecationWarning: Please use atoms.calc = calc
  atoms.set_calculator(calculator)

2025-07-12 13:20:42,560 - WARNING - /home/cchen/Hiccup/core/PesExploration/tools/energy_structure_filter.py:97: DeprecationWarning: Please use atoms.calc = calc
  atoms.set_calculator(calculator)

2025-07-12 13:20:42,586 - WARNING - /home/cchen/Hiccup/core/PesExploration/tools/energy_structure_filter.py:97: DeprecationWarning: Please use atoms.calc = calc
  atoms.set_calculator(calculator)

2025-07-12 13:20:42,624 - WARNING - /home/cchen/Hiccup/core/PesExploration/tools/energy_structure_filter.py:97: DeprecationWarning: Please use atoms.calc = calc
  atoms.set_calculator(calculator)

2025-07-12 13:20:42,669 - WARNING - /home/cchen/Hiccup/core/PesExploration/tools/energy_structure_filter.py:97: DeprecationWarning: Please use atoms.calc = calc
  atoms.set_calculator(calculator)

2025-07-12 13:20:42,696 - WARNING - /home/cchen/Hiccup/core/PesExploration/tools/energy_structure_filter.py:97: DeprecationWarning: Please use atoms.calc = calc
  atoms.set_calculator(calculator)

2025-07-12 13:20:42,734 - WARNING - /home/cchen/Hiccup/core/PesExploration/tools/energy_structure_filter.py:97: DeprecationWarning: Please use atoms.calc = calc
  atoms.set_calculator(calculator)

2025-07-12 13:20:42,774 - WARNING - /home/cchen/Hiccup/core/PesExploration/tools/energy_structure_filter.py:97: DeprecationWarning: Please use atoms.calc = calc
  atoms.set_calculator(calculator)

2025-07-12 13:20:42,814 - WARNING - /home/cchen/Hiccup/core/PesExploration/tools/energy_structure_filter.py:97: DeprecationWarning: Please use atoms.calc = calc
  atoms.set_calculator(calculator)

2025-07-12 13:20:42,841 - WARNING - /home/cchen/Hiccup/core/PesExploration/tools/energy_structure_filter.py:97: DeprecationWarning: Please use atoms.calc = calc
  atoms.set_calculator(calculator)

2025-07-12 13:20:42,879 - WARNING - /home/cchen/Hiccup/core/PesExploration/tools/energy_structure_filter.py:97: DeprecationWarning: Please use atoms.calc = calc
  atoms.set_calculator(calculator)

2025-07-12 13:20:42,912 - WARNING - /home/cchen/Hiccup/core/PesExploration/tools/energy_structure_filter.py:97: DeprecationWarning: Please use atoms.calc = calc
  atoms.set_calculator(calculator)

2025-07-12 13:20:42,947 - WARNING - /home/cchen/Hiccup/core/PesExploration/tools/energy_structure_filter.py:97: DeprecationWarning: Please use atoms.calc = calc
  atoms.set_calculator(calculator)

2025-07-12 13:20:42,975 - WARNING - /home/cchen/Hiccup/core/PesExploration/tools/energy_structure_filter.py:97: DeprecationWarning: Please use atoms.calc = calc
  atoms.set_calculator(calculator)

2025-07-12 13:20:43,010 - WARNING - /home/cchen/Hiccup/core/PesExploration/tools/energy_structure_filter.py:97: DeprecationWarning: Please use atoms.calc = calc
  atoms.set_calculator(calculator)

2025-07-12 13:20:43,049 - WARNING - /home/cchen/Hiccup/core/PesExploration/tools/energy_structure_filter.py:97: DeprecationWarning: Please use atoms.calc = calc
  atoms.set_calculator(calculator)

2025-07-12 13:20:43,088 - WARNING - /home/cchen/Hiccup/core/PesExploration/tools/energy_structure_filter.py:97: DeprecationWarning: Please use atoms.calc = calc
  atoms.set_calculator(calculator)

2025-07-12 13:20:43,115 - WARNING - /home/cchen/Hiccup/core/PesExploration/tools/energy_structure_filter.py:97: DeprecationWarning: Please use atoms.calc = calc
  atoms.set_calculator(calculator)

2025-07-12 13:20:43,154 - WARNING - /home/cchen/Hiccup/core/PesExploration/tools/energy_structure_filter.py:97: DeprecationWarning: Please use atoms.calc = calc
  atoms.set_calculator(calculator)

2025-07-12 13:20:43,193 - WARNING - /home/cchen/Hiccup/core/PesExploration/tools/energy_structure_filter.py:97: DeprecationWarning: Please use atoms.calc = calc
  atoms.set_calculator(calculator)

2025-07-12 13:20:43,234 - WARNING - /home/cchen/Hiccup/core/PesExploration/tools/energy_structure_filter.py:97: DeprecationWarning: Please use atoms.calc = calc
  atoms.set_calculator(calculator)

2025-07-12 13:20:43,273 - WARNING - /home/cchen/Hiccup/core/PesExploration/tools/energy_structure_filter.py:97: DeprecationWarning: Please use atoms.calc = calc
  atoms.set_calculator(calculator)

2025-07-12 13:20:43,313 - WARNING - /home/cchen/Hiccup/core/PesExploration/tools/energy_structure_filter.py:97: DeprecationWarning: Please use atoms.calc = calc
  atoms.set_calculator(calculator)

2025-07-12 13:20:43,352 - WARNING - /home/cchen/Hiccup/core/PesExploration/tools/energy_structure_filter.py:97: DeprecationWarning: Please use atoms.calc = calc
  atoms.set_calculator(calculator)

2025-07-12 13:20:43,392 - WARNING - /home/cchen/Hiccup/core/PesExploration/tools/energy_structure_filter.py:97: DeprecationWarning: Please use atoms.calc = calc
  atoms.set_calculator(calculator)

2025-07-12 13:20:43,432 - WARNING - /home/cchen/Hiccup/core/PesExploration/tools/energy_structure_filter.py:97: DeprecationWarning: Please use atoms.calc = calc
  atoms.set_calculator(calculator)

2025-07-12 13:20:43,471 - WARNING - /home/cchen/Hiccup/core/PesExploration/tools/energy_structure_filter.py:97: DeprecationWarning: Please use atoms.calc = calc
  atoms.set_calculator(calculator)

2025-07-12 13:20:43,514 - WARNING - /home/cchen/Hiccup/core/PesExploration/tools/energy_structure_filter.py:97: DeprecationWarning: Please use atoms.calc = calc
  atoms.set_calculator(calculator)

2025-07-12 13:20:43,552 - WARNING - /home/cchen/Hiccup/core/PesExploration/tools/energy_structure_filter.py:97: DeprecationWarning: Please use atoms.calc = calc
  atoms.set_calculator(calculator)

2025-07-12 13:20:43,581 - WARNING - /home/cchen/Hiccup/core/PesExploration/tools/energy_structure_filter.py:97: DeprecationWarning: Please use atoms.calc = calc
  atoms.set_calculator(calculator)

2025-07-12 13:20:43,612 - WARNING - /home/cchen/Hiccup/core/PesExploration/tools/energy_structure_filter.py:97: DeprecationWarning: Please use atoms.calc = calc
  atoms.set_calculator(calculator)

2025-07-12 13:20:43,652 - WARNING - /home/cchen/Hiccup/core/PesExploration/tools/energy_structure_filter.py:97: DeprecationWarning: Please use atoms.calc = calc
  atoms.set_calculator(calculator)

2025-07-12 13:20:43,691 - WARNING - /home/cchen/Hiccup/core/PesExploration/tools/energy_structure_filter.py:97: DeprecationWarning: Please use atoms.calc = calc
  atoms.set_calculator(calculator)

2025-07-12 13:20:43,730 - WARNING - /home/cchen/Hiccup/core/PesExploration/tools/energy_structure_filter.py:97: DeprecationWarning: Please use atoms.calc = calc
  atoms.set_calculator(calculator)

2025-07-12 13:20:43,770 - WARNING - /home/cchen/Hiccup/core/PesExploration/tools/energy_structure_filter.py:97: DeprecationWarning: Please use atoms.calc = calc
  atoms.set_calculator(calculator)

2025-07-12 13:20:43,805 - WARNING - /home/cchen/Hiccup/core/PesExploration/tools/energy_structure_filter.py:97: DeprecationWarning: Please use atoms.calc = calc
  atoms.set_calculator(calculator)

2025-07-12 13:20:43,832 - WARNING - /home/cchen/Hiccup/core/PesExploration/tools/energy_structure_filter.py:97: DeprecationWarning: Please use atoms.calc = calc
  atoms.set_calculator(calculator)

2025-07-12 13:20:43,858 - WARNING - /home/cchen/Hiccup/core/PesExploration/tools/energy_structure_filter.py:97: DeprecationWarning: Please use atoms.calc = calc
  atoms.set_calculator(calculator)

2025-07-12 13:20:43,896 - WARNING - /home/cchen/Hiccup/core/PesExploration/tools/energy_structure_filter.py:97: DeprecationWarning: Please use atoms.calc = calc
  atoms.set_calculator(calculator)

2025-07-12 13:20:43,931 - WARNING - /home/cchen/Hiccup/core/PesExploration/tools/energy_structure_filter.py:97: DeprecationWarning: Please use atoms.calc = calc
  atoms.set_calculator(calculator)

2025-07-12 13:20:43,957 - WARNING - /home/cchen/Hiccup/core/PesExploration/tools/energy_structure_filter.py:97: DeprecationWarning: Please use atoms.calc = calc
  atoms.set_calculator(calculator)

2025-07-12 13:20:43,984 - WARNING - /home/cchen/Hiccup/core/PesExploration/tools/energy_structure_filter.py:97: DeprecationWarning: Please use atoms.calc = calc
  atoms.set_calculator(calculator)

2025-07-12 13:20:44,011 - WARNING - /home/cchen/Hiccup/core/PesExploration/tools/energy_structure_filter.py:97: DeprecationWarning: Please use atoms.calc = calc
  atoms.set_calculator(calculator)

2025-07-12 13:20:44,050 - WARNING - /home/cchen/Hiccup/core/PesExploration/tools/energy_structure_filter.py:97: DeprecationWarning: Please use atoms.calc = calc
  atoms.set_calculator(calculator)

2025-07-12 13:20:44,089 - WARNING - /home/cchen/Hiccup/core/PesExploration/tools/energy_structure_filter.py:97: DeprecationWarning: Please use atoms.calc = calc
  atoms.set_calculator(calculator)

2025-07-12 13:20:44,128 - WARNING - /home/cchen/Hiccup/core/PesExploration/tools/energy_structure_filter.py:97: DeprecationWarning: Please use atoms.calc = calc
  atoms.set_calculator(calculator)

2025-07-12 13:20:44,166 - WARNING - /home/cchen/Hiccup/core/PesExploration/tools/energy_structure_filter.py:97: DeprecationWarning: Please use atoms.calc = calc
  atoms.set_calculator(calculator)

2025-07-12 13:20:44,205 - WARNING - /home/cchen/Hiccup/core/PesExploration/tools/energy_structure_filter.py:97: DeprecationWarning: Please use atoms.calc = calc
  atoms.set_calculator(calculator)

2025-07-12 13:20:44,237 - WARNING - /home/cchen/Hiccup/core/PesExploration/tools/energy_structure_filter.py:97: DeprecationWarning: Please use atoms.calc = calc
  atoms.set_calculator(calculator)

2025-07-12 13:20:44,263 - WARNING - /home/cchen/Hiccup/core/PesExploration/tools/energy_structure_filter.py:97: DeprecationWarning: Please use atoms.calc = calc
  atoms.set_calculator(calculator)

2025-07-12 13:20:44,289 - WARNING - /home/cchen/Hiccup/core/PesExploration/tools/energy_structure_filter.py:97: DeprecationWarning: Please use atoms.calc = calc
  atoms.set_calculator(calculator)

2025-07-12 13:20:44,325 - WARNING - /home/cchen/Hiccup/core/PesExploration/tools/energy_structure_filter.py:97: DeprecationWarning: Please use atoms.calc = calc
  atoms.set_calculator(calculator)

2025-07-12 13:20:44,354 - WARNING - /home/cchen/Hiccup/core/PesExploration/tools/energy_structure_filter.py:97: DeprecationWarning: Please use atoms.calc = calc
  atoms.set_calculator(calculator)

2025-07-12 13:20:44,382 - WARNING - /home/cchen/Hiccup/core/PesExploration/tools/energy_structure_filter.py:97: DeprecationWarning: Please use atoms.calc = calc
  atoms.set_calculator(calculator)

2025-07-12 13:20:44,408 - WARNING - /home/cchen/Hiccup/core/PesExploration/tools/energy_structure_filter.py:97: DeprecationWarning: Please use atoms.calc = calc
  atoms.set_calculator(calculator)

2025-07-12 13:20:44,447 - WARNING - /home/cchen/Hiccup/core/PesExploration/tools/energy_structure_filter.py:97: DeprecationWarning: Please use atoms.calc = calc
  atoms.set_calculator(calculator)

2025-07-12 13:20:44,493 - WARNING - /home/cchen/Hiccup/core/PesExploration/tools/energy_structure_filter.py:97: DeprecationWarning: Please use atoms.calc = calc
  atoms.set_calculator(calculator)

2025-07-12 13:20:44,531 - WARNING - /home/cchen/Hiccup/core/PesExploration/tools/energy_structure_filter.py:97: DeprecationWarning: Please use atoms.calc = calc
  atoms.set_calculator(calculator)

2025-07-12 13:20:44,569 - WARNING - /home/cchen/Hiccup/core/PesExploration/tools/energy_structure_filter.py:97: DeprecationWarning: Please use atoms.calc = calc
  atoms.set_calculator(calculator)

2025-07-12 13:20:44,609 - WARNING - /home/cchen/Hiccup/core/PesExploration/tools/energy_structure_filter.py:97: DeprecationWarning: Please use atoms.calc = calc
  atoms.set_calculator(calculator)

2025-07-12 13:20:44,651 - WARNING - /home/cchen/Hiccup/core/PesExploration/tools/energy_structure_filter.py:97: DeprecationWarning: Please use atoms.calc = calc
  atoms.set_calculator(calculator)

2025-07-12 13:20:44,696 - WARNING - /home/cchen/Hiccup/core/PesExploration/tools/energy_structure_filter.py:97: DeprecationWarning: Please use atoms.calc = calc
  atoms.set_calculator(calculator)

2025-07-12 13:20:44,741 - WARNING - /home/cchen/Hiccup/core/PesExploration/tools/energy_structure_filter.py:97: DeprecationWarning: Please use atoms.calc = calc
  atoms.set_calculator(calculator)

2025-07-12 13:20:44,780 - WARNING - /home/cchen/Hiccup/core/PesExploration/tools/energy_structure_filter.py:97: DeprecationWarning: Please use atoms.calc = calc
  atoms.set_calculator(calculator)

2025-07-12 13:20:44,819 - WARNING - /home/cchen/Hiccup/core/PesExploration/tools/energy_structure_filter.py:97: DeprecationWarning: Please use atoms.calc = calc
  atoms.set_calculator(calculator)

2025-07-12 13:20:44,859 - WARNING - /home/cchen/Hiccup/core/PesExploration/tools/energy_structure_filter.py:97: DeprecationWarning: Please use atoms.calc = calc
  atoms.set_calculator(calculator)

2025-07-12 13:20:44,889 - WARNING - /home/cchen/Hiccup/core/PesExploration/tools/energy_structure_filter.py:97: DeprecationWarning: Please use atoms.calc = calc
  atoms.set_calculator(calculator)

2025-07-12 13:20:44,916 - WARNING - /home/cchen/Hiccup/core/PesExploration/tools/energy_structure_filter.py:97: DeprecationWarning: Please use atoms.calc = calc
  atoms.set_calculator(calculator)

2025-07-12 13:20:44,943 - WARNING - /home/cchen/Hiccup/core/PesExploration/tools/energy_structure_filter.py:97: DeprecationWarning: Please use atoms.calc = calc
  atoms.set_calculator(calculator)

2025-07-12 13:20:44,970 - WARNING - /home/cchen/Hiccup/core/PesExploration/tools/energy_structure_filter.py:97: DeprecationWarning: Please use atoms.calc = calc
  atoms.set_calculator(calculator)

2025-07-12 13:20:44,997 - WARNING - /home/cchen/Hiccup/core/PesExploration/tools/energy_structure_filter.py:97: DeprecationWarning: Please use atoms.calc = calc
  atoms.set_calculator(calculator)

2025-07-12 13:20:45,036 - WARNING - /home/cchen/Hiccup/core/PesExploration/tools/energy_structure_filter.py:97: DeprecationWarning: Please use atoms.calc = calc
  atoms.set_calculator(calculator)

2025-07-12 13:20:45,078 - WARNING - /home/cchen/Hiccup/core/PesExploration/tools/energy_structure_filter.py:97: DeprecationWarning: Please use atoms.calc = calc
  atoms.set_calculator(calculator)

2025-07-12 13:20:45,116 - WARNING - /home/cchen/Hiccup/core/PesExploration/tools/energy_structure_filter.py:97: DeprecationWarning: Please use atoms.calc = calc
  atoms.set_calculator(calculator)

2025-07-12 13:20:45,157 - WARNING - /home/cchen/Hiccup/core/PesExploration/tools/energy_structure_filter.py:97: DeprecationWarning: Please use atoms.calc = calc
  atoms.set_calculator(calculator)

2025-07-12 13:20:45,196 - WARNING - /home/cchen/Hiccup/core/PesExploration/tools/energy_structure_filter.py:97: DeprecationWarning: Please use atoms.calc = calc
  atoms.set_calculator(calculator)

2025-07-12 13:20:45,236 - WARNING - /home/cchen/Hiccup/core/PesExploration/tools/energy_structure_filter.py:97: DeprecationWarning: Please use atoms.calc = calc
  atoms.set_calculator(calculator)

2025-07-12 13:20:45,275 - WARNING - /home/cchen/Hiccup/core/PesExploration/tools/energy_structure_filter.py:97: DeprecationWarning: Please use atoms.calc = calc
  atoms.set_calculator(calculator)

2025-07-12 13:20:45,316 - WARNING - /home/cchen/Hiccup/core/PesExploration/tools/energy_structure_filter.py:97: DeprecationWarning: Please use atoms.calc = calc
  atoms.set_calculator(calculator)

2025-07-12 13:20:45,346 - WARNING - /home/cchen/Hiccup/core/PesExploration/tools/energy_structure_filter.py:97: DeprecationWarning: Please use atoms.calc = calc
  atoms.set_calculator(calculator)

2025-07-12 13:20:45,385 - WARNING - /home/cchen/Hiccup/core/PesExploration/tools/energy_structure_filter.py:97: DeprecationWarning: Please use atoms.calc = calc
  atoms.set_calculator(calculator)

2025-07-12 13:20:45,412 - WARNING - /home/cchen/Hiccup/core/PesExploration/tools/energy_structure_filter.py:97: DeprecationWarning: Please use atoms.calc = calc
  atoms.set_calculator(calculator)

2025-07-12 13:20:45,440 - WARNING - /home/cchen/Hiccup/core/PesExploration/tools/energy_structure_filter.py:97: DeprecationWarning: Please use atoms.calc = calc
  atoms.set_calculator(calculator)

2025-07-12 13:20:45,469 - WARNING - /home/cchen/Hiccup/core/PesExploration/tools/energy_structure_filter.py:97: DeprecationWarning: Please use atoms.calc = calc
  atoms.set_calculator(calculator)

2025-07-12 13:20:45,496 - WARNING - /home/cchen/Hiccup/core/PesExploration/tools/energy_structure_filter.py:97: DeprecationWarning: Please use atoms.calc = calc
  atoms.set_calculator(calculator)

2025-07-12 13:20:45,533 - WARNING - /home/cchen/Hiccup/core/PesExploration/tools/energy_structure_filter.py:97: DeprecationWarning: Please use atoms.calc = calc
  atoms.set_calculator(calculator)

2025-07-12 13:20:45,567 - WARNING - /home/cchen/Hiccup/core/PesExploration/tools/energy_structure_filter.py:97: DeprecationWarning: Please use atoms.calc = calc
  atoms.set_calculator(calculator)

2025-07-12 13:20:45,596 - WARNING - /home/cchen/Hiccup/core/PesExploration/tools/energy_structure_filter.py:97: DeprecationWarning: Please use atoms.calc = calc
  atoms.set_calculator(calculator)

2025-07-12 13:20:45,635 - WARNING - /home/cchen/Hiccup/core/PesExploration/tools/energy_structure_filter.py:97: DeprecationWarning: Please use atoms.calc = calc
  atoms.set_calculator(calculator)

2025-07-12 13:20:45,668 - WARNING - /home/cchen/Hiccup/core/PesExploration/tools/energy_structure_filter.py:97: DeprecationWarning: Please use atoms.calc = calc
  atoms.set_calculator(calculator)

2025-07-12 13:20:45,698 - WARNING - /home/cchen/Hiccup/core/PesExploration/tools/energy_structure_filter.py:97: DeprecationWarning: Please use atoms.calc = calc
  atoms.set_calculator(calculator)

2025-07-12 13:20:45,732 - WARNING - /home/cchen/Hiccup/core/PesExploration/tools/energy_structure_filter.py:97: DeprecationWarning: Please use atoms.calc = calc
  atoms.set_calculator(calculator)

2025-07-12 13:20:45,773 - WARNING - /home/cchen/Hiccup/core/PesExploration/tools/energy_structure_filter.py:97: DeprecationWarning: Please use atoms.calc = calc
  atoms.set_calculator(calculator)

2025-07-12 13:20:45,811 - WARNING - /home/cchen/Hiccup/core/PesExploration/tools/energy_structure_filter.py:97: DeprecationWarning: Please use atoms.calc = calc
  atoms.set_calculator(calculator)

2025-07-12 13:20:45,850 - WARNING - /home/cchen/Hiccup/core/PesExploration/tools/energy_structure_filter.py:97: DeprecationWarning: Please use atoms.calc = calc
  atoms.set_calculator(calculator)

2025-07-12 13:20:45,890 - WARNING - /home/cchen/Hiccup/core/PesExploration/tools/energy_structure_filter.py:97: DeprecationWarning: Please use atoms.calc = calc
  atoms.set_calculator(calculator)

2025-07-12 13:20:45,929 - WARNING - /home/cchen/Hiccup/core/PesExploration/tools/energy_structure_filter.py:97: DeprecationWarning: Please use atoms.calc = calc
  atoms.set_calculator(calculator)

2025-07-12 13:20:45,957 - WARNING - /home/cchen/Hiccup/core/PesExploration/tools/energy_structure_filter.py:97: DeprecationWarning: Please use atoms.calc = calc
  atoms.set_calculator(calculator)

2025-07-12 13:20:45,983 - WARNING - /home/cchen/Hiccup/core/PesExploration/tools/energy_structure_filter.py:97: DeprecationWarning: Please use atoms.calc = calc
  atoms.set_calculator(calculator)

2025-07-12 13:20:46,010 - WARNING - /home/cchen/Hiccup/core/PesExploration/tools/energy_structure_filter.py:97: DeprecationWarning: Please use atoms.calc = calc
  atoms.set_calculator(calculator)

2025-07-12 13:20:46,039 - WARNING - /home/cchen/Hiccup/core/PesExploration/tools/energy_structure_filter.py:97: DeprecationWarning: Please use atoms.calc = calc
  atoms.set_calculator(calculator)

2025-07-12 13:20:46,076 - WARNING - /home/cchen/Hiccup/core/PesExploration/tools/energy_structure_filter.py:97: DeprecationWarning: Please use atoms.calc = calc
  atoms.set_calculator(calculator)

2025-07-12 13:20:46,102 - WARNING - /home/cchen/Hiccup/core/PesExploration/tools/energy_structure_filter.py:97: DeprecationWarning: Please use atoms.calc = calc
  atoms.set_calculator(calculator)

2025-07-12 13:20:46,128 - WARNING - /home/cchen/Hiccup/core/PesExploration/tools/energy_structure_filter.py:97: DeprecationWarning: Please use atoms.calc = calc
  atoms.set_calculator(calculator)

2025-07-12 13:20:46,154 - WARNING - /home/cchen/Hiccup/core/PesExploration/tools/energy_structure_filter.py:97: DeprecationWarning: Please use atoms.calc = calc
  atoms.set_calculator(calculator)

2025-07-12 13:20:46,181 - WARNING - /home/cchen/Hiccup/core/PesExploration/tools/energy_structure_filter.py:97: DeprecationWarning: Please use atoms.calc = calc
  atoms.set_calculator(calculator)

2025-07-12 13:20:46,217 - WARNING - /home/cchen/Hiccup/core/PesExploration/tools/energy_structure_filter.py:97: DeprecationWarning: Please use atoms.calc = calc
  atoms.set_calculator(calculator)

2025-07-12 13:20:46,257 - WARNING - /home/cchen/Hiccup/core/PesExploration/tools/energy_structure_filter.py:97: DeprecationWarning: Please use atoms.calc = calc
  atoms.set_calculator(calculator)

2025-07-12 13:20:46,292 - WARNING - /home/cchen/Hiccup/core/PesExploration/tools/energy_structure_filter.py:97: DeprecationWarning: Please use atoms.calc = calc
  atoms.set_calculator(calculator)

2025-07-12 13:20:46,320 - WARNING - /home/cchen/Hiccup/core/PesExploration/tools/energy_structure_filter.py:97: DeprecationWarning: Please use atoms.calc = calc
  atoms.set_calculator(calculator)

2025-07-12 13:20:46,351 - WARNING - /home/cchen/Hiccup/core/PesExploration/tools/energy_structure_filter.py:97: DeprecationWarning: Please use atoms.calc = calc
  atoms.set_calculator(calculator)

2025-07-12 13:20:46,378 - WARNING - /home/cchen/Hiccup/core/PesExploration/tools/energy_structure_filter.py:97: DeprecationWarning: Please use atoms.calc = calc
  atoms.set_calculator(calculator)

2025-07-12 13:20:46,404 - WARNING - /home/cchen/Hiccup/core/PesExploration/tools/energy_structure_filter.py:97: DeprecationWarning: Please use atoms.calc = calc
  atoms.set_calculator(calculator)

2025-07-12 13:20:46,431 - WARNING - /home/cchen/Hiccup/core/PesExploration/tools/energy_structure_filter.py:97: DeprecationWarning: Please use atoms.calc = calc
  atoms.set_calculator(calculator)

2025-07-12 13:20:46,459 - WARNING - /home/cchen/Hiccup/core/PesExploration/tools/energy_structure_filter.py:97: DeprecationWarning: Please use atoms.calc = calc
  atoms.set_calculator(calculator)

2025-07-12 13:20:46,485 - WARNING - /home/cchen/Hiccup/core/PesExploration/tools/energy_structure_filter.py:97: DeprecationWarning: Please use atoms.calc = calc
  atoms.set_calculator(calculator)

2025-07-12 13:20:46,511 - WARNING - /home/cchen/Hiccup/core/PesExploration/tools/energy_structure_filter.py:97: DeprecationWarning: Please use atoms.calc = calc
  atoms.set_calculator(calculator)

2025-07-12 13:20:46,550 - WARNING - /home/cchen/Hiccup/core/PesExploration/tools/energy_structure_filter.py:97: DeprecationWarning: Please use atoms.calc = calc
  atoms.set_calculator(calculator)

2025-07-12 13:20:46,590 - WARNING - /home/cchen/Hiccup/core/PesExploration/tools/energy_structure_filter.py:97: DeprecationWarning: Please use atoms.calc = calc
  atoms.set_calculator(calculator)

2025-07-12 13:20:46,626 - WARNING - /home/cchen/Hiccup/core/PesExploration/tools/energy_structure_filter.py:97: DeprecationWarning: Please use atoms.calc = calc
  atoms.set_calculator(calculator)

2025-07-12 13:20:46,657 - WARNING - /home/cchen/Hiccup/core/PesExploration/tools/energy_structure_filter.py:97: DeprecationWarning: Please use atoms.calc = calc
  atoms.set_calculator(calculator)

2025-07-12 13:20:46,684 - WARNING - /home/cchen/Hiccup/core/PesExploration/tools/energy_structure_filter.py:97: DeprecationWarning: Please use atoms.calc = calc
  atoms.set_calculator(calculator)

2025-07-12 13:20:46,711 - WARNING - /home/cchen/Hiccup/core/PesExploration/tools/energy_structure_filter.py:97: DeprecationWarning: Please use atoms.calc = calc
  atoms.set_calculator(calculator)

2025-07-12 13:20:46,739 - WARNING - /home/cchen/Hiccup/core/PesExploration/tools/energy_structure_filter.py:97: DeprecationWarning: Please use atoms.calc = calc
  atoms.set_calculator(calculator)

2025-07-12 13:20:46,778 - WARNING - /home/cchen/Hiccup/core/PesExploration/tools/energy_structure_filter.py:97: DeprecationWarning: Please use atoms.calc = calc
  atoms.set_calculator(calculator)

2025-07-12 13:20:46,817 - WARNING - /home/cchen/Hiccup/core/PesExploration/tools/energy_structure_filter.py:97: DeprecationWarning: Please use atoms.calc = calc
  atoms.set_calculator(calculator)

2025-07-12 13:20:46,852 - WARNING - /home/cchen/Hiccup/core/PesExploration/tools/energy_structure_filter.py:97: DeprecationWarning: Please use atoms.calc = calc
  atoms.set_calculator(calculator)

2025-07-12 13:20:46,881 - WARNING - /home/cchen/Hiccup/core/PesExploration/tools/energy_structure_filter.py:97: DeprecationWarning: Please use atoms.calc = calc
  atoms.set_calculator(calculator)

2025-07-12 13:20:46,908 - WARNING - /home/cchen/Hiccup/core/PesExploration/tools/energy_structure_filter.py:97: DeprecationWarning: Please use atoms.calc = calc
  atoms.set_calculator(calculator)

2025-07-12 13:20:46,934 - WARNING - /home/cchen/Hiccup/core/PesExploration/tools/energy_structure_filter.py:97: DeprecationWarning: Please use atoms.calc = calc
  atoms.set_calculator(calculator)

2025-07-12 13:20:46,973 - WARNING - /home/cchen/Hiccup/core/PesExploration/tools/energy_structure_filter.py:97: DeprecationWarning: Please use atoms.calc = calc
  atoms.set_calculator(calculator)

2025-07-12 13:20:47,012 - WARNING - /home/cchen/Hiccup/core/PesExploration/tools/energy_structure_filter.py:97: DeprecationWarning: Please use atoms.calc = calc
  atoms.set_calculator(calculator)

2025-07-12 13:20:47,050 - WARNING - /home/cchen/Hiccup/core/PesExploration/tools/energy_structure_filter.py:97: DeprecationWarning: Please use atoms.calc = calc
  atoms.set_calculator(calculator)

2025-07-12 13:20:47,088 - WARNING - /home/cchen/Hiccup/core/PesExploration/tools/energy_structure_filter.py:97: DeprecationWarning: Please use atoms.calc = calc
  atoms.set_calculator(calculator)

2025-07-12 13:20:47,126 - WARNING - /home/cchen/Hiccup/core/PesExploration/tools/energy_structure_filter.py:97: DeprecationWarning: Please use atoms.calc = calc
  atoms.set_calculator(calculator)

2025-07-12 13:20:47,165 - WARNING - /home/cchen/Hiccup/core/PesExploration/tools/energy_structure_filter.py:97: DeprecationWarning: Please use atoms.calc = calc
  atoms.set_calculator(calculator)

2025-07-12 13:20:47,204 - WARNING - /home/cchen/Hiccup/core/PesExploration/tools/energy_structure_filter.py:97: DeprecationWarning: Please use atoms.calc = calc
  atoms.set_calculator(calculator)

2025-07-12 13:20:47,237 - WARNING - /home/cchen/Hiccup/core/PesExploration/tools/energy_structure_filter.py:97: DeprecationWarning: Please use atoms.calc = calc
  atoms.set_calculator(calculator)

2025-07-12 13:20:47,267 - WARNING - /home/cchen/Hiccup/core/PesExploration/tools/energy_structure_filter.py:97: DeprecationWarning: Please use atoms.calc = calc
  atoms.set_calculator(calculator)

2025-07-12 13:20:47,297 - WARNING - /home/cchen/Hiccup/core/PesExploration/tools/energy_structure_filter.py:97: DeprecationWarning: Please use atoms.calc = calc
  atoms.set_calculator(calculator)

2025-07-12 13:20:47,330 - WARNING - /home/cchen/Hiccup/core/PesExploration/tools/energy_structure_filter.py:97: DeprecationWarning: Please use atoms.calc = calc
  atoms.set_calculator(calculator)

2025-07-12 13:20:47,360 - WARNING - /home/cchen/Hiccup/core/PesExploration/tools/energy_structure_filter.py:97: DeprecationWarning: Please use atoms.calc = calc
  atoms.set_calculator(calculator)

2025-07-12 13:20:47,390 - WARNING - /home/cchen/Hiccup/core/PesExploration/tools/energy_structure_filter.py:97: DeprecationWarning: Please use atoms.calc = calc
  atoms.set_calculator(calculator)

2025-07-12 13:20:47,431 - WARNING - /home/cchen/Hiccup/core/PesExploration/tools/energy_structure_filter.py:97: DeprecationWarning: Please use atoms.calc = calc
  atoms.set_calculator(calculator)

2025-07-12 13:20:47,462 - WARNING - /home/cchen/Hiccup/core/PesExploration/tools/energy_structure_filter.py:97: DeprecationWarning: Please use atoms.calc = calc
  atoms.set_calculator(calculator)

2025-07-12 13:20:47,500 - WARNING - /home/cchen/Hiccup/core/PesExploration/tools/energy_structure_filter.py:97: DeprecationWarning: Please use atoms.calc = calc
  atoms.set_calculator(calculator)

2025-07-12 13:20:47,540 - WARNING - /home/cchen/Hiccup/core/PesExploration/tools/energy_structure_filter.py:97: DeprecationWarning: Please use atoms.calc = calc
  atoms.set_calculator(calculator)

2025-07-12 13:20:47,580 - WARNING - /home/cchen/Hiccup/core/PesExploration/tools/energy_structure_filter.py:97: DeprecationWarning: Please use atoms.calc = calc
  atoms.set_calculator(calculator)

2025-07-12 13:20:47,611 - WARNING - /home/cchen/Hiccup/core/PesExploration/tools/energy_structure_filter.py:97: DeprecationWarning: Please use atoms.calc = calc
  atoms.set_calculator(calculator)

2025-07-12 13:20:47,647 - WARNING - /home/cchen/Hiccup/core/PesExploration/tools/energy_structure_filter.py:97: DeprecationWarning: Please use atoms.calc = calc
  atoms.set_calculator(calculator)

2025-07-12 13:20:47,673 - WARNING - /home/cchen/Hiccup/core/PesExploration/tools/energy_structure_filter.py:97: DeprecationWarning: Please use atoms.calc = calc
  atoms.set_calculator(calculator)

2025-07-12 13:20:47,700 - WARNING - /home/cchen/Hiccup/core/PesExploration/tools/energy_structure_filter.py:97: DeprecationWarning: Please use atoms.calc = calc
  atoms.set_calculator(calculator)

2025-07-12 13:20:47,739 - WARNING - /home/cchen/Hiccup/core/PesExploration/tools/energy_structure_filter.py:97: DeprecationWarning: Please use atoms.calc = calc
  atoms.set_calculator(calculator)

2025-07-12 13:20:47,765 - WARNING - /home/cchen/Hiccup/core/PesExploration/tools/energy_structure_filter.py:97: DeprecationWarning: Please use atoms.calc = calc
  atoms.set_calculator(calculator)

2025-07-12 13:20:47,804 - WARNING - /home/cchen/Hiccup/core/PesExploration/tools/energy_structure_filter.py:97: DeprecationWarning: Please use atoms.calc = calc
  atoms.set_calculator(calculator)

2025-07-12 13:20:47,831 - WARNING - /home/cchen/Hiccup/core/PesExploration/tools/energy_structure_filter.py:97: DeprecationWarning: Please use atoms.calc = calc
  atoms.set_calculator(calculator)

2025-07-12 13:20:47,870 - WARNING - /home/cchen/Hiccup/core/PesExploration/tools/energy_structure_filter.py:97: DeprecationWarning: Please use atoms.calc = calc
  atoms.set_calculator(calculator)

2025-07-12 13:20:47,909 - WARNING - /home/cchen/Hiccup/core/PesExploration/tools/energy_structure_filter.py:97: DeprecationWarning: Please use atoms.calc = calc
  atoms.set_calculator(calculator)

2025-07-12 13:20:47,949 - WARNING - /home/cchen/Hiccup/core/PesExploration/tools/energy_structure_filter.py:97: DeprecationWarning: Please use atoms.calc = calc
  atoms.set_calculator(calculator)

2025-07-12 13:20:47,992 - WARNING - /home/cchen/Hiccup/core/PesExploration/tools/energy_structure_filter.py:97: DeprecationWarning: Please use atoms.calc = calc
  atoms.set_calculator(calculator)

2025-07-12 13:20:48,031 - WARNING - /home/cchen/Hiccup/core/PesExploration/tools/energy_structure_filter.py:97: DeprecationWarning: Please use atoms.calc = calc
  atoms.set_calculator(calculator)

2025-07-12 13:20:48,070 - WARNING - /home/cchen/Hiccup/core/PesExploration/tools/energy_structure_filter.py:97: DeprecationWarning: Please use atoms.calc = calc
  atoms.set_calculator(calculator)

2025-07-12 13:20:48,109 - WARNING - /home/cchen/Hiccup/core/PesExploration/tools/energy_structure_filter.py:97: DeprecationWarning: Please use atoms.calc = calc
  atoms.set_calculator(calculator)

2025-07-12 13:20:48,149 - WARNING - /home/cchen/Hiccup/core/PesExploration/tools/energy_structure_filter.py:97: DeprecationWarning: Please use atoms.calc = calc
  atoms.set_calculator(calculator)

2025-07-12 13:20:48,189 - WARNING - /home/cchen/Hiccup/core/PesExploration/tools/energy_structure_filter.py:97: DeprecationWarning: Please use atoms.calc = calc
  atoms.set_calculator(calculator)

2025-07-12 13:20:48,229 - WARNING - /home/cchen/Hiccup/core/PesExploration/tools/energy_structure_filter.py:97: DeprecationWarning: Please use atoms.calc = calc
  atoms.set_calculator(calculator)

2025-07-12 13:20:48,268 - WARNING - /home/cchen/Hiccup/core/PesExploration/tools/energy_structure_filter.py:97: DeprecationWarning: Please use atoms.calc = calc
  atoms.set_calculator(calculator)

2025-07-12 13:20:48,306 - WARNING - /home/cchen/Hiccup/core/PesExploration/tools/energy_structure_filter.py:97: DeprecationWarning: Please use atoms.calc = calc
  atoms.set_calculator(calculator)

2025-07-12 13:20:48,333 - WARNING - /home/cchen/Hiccup/core/PesExploration/tools/energy_structure_filter.py:97: DeprecationWarning: Please use atoms.calc = calc
  atoms.set_calculator(calculator)

2025-07-12 13:20:48,372 - WARNING - /home/cchen/Hiccup/core/PesExploration/tools/energy_structure_filter.py:97: DeprecationWarning: Please use atoms.calc = calc
  atoms.set_calculator(calculator)

2025-07-12 13:20:48,412 - WARNING - /home/cchen/Hiccup/core/PesExploration/tools/energy_structure_filter.py:97: DeprecationWarning: Please use atoms.calc = calc
  atoms.set_calculator(calculator)

2025-07-12 13:20:48,450 - WARNING - /home/cchen/Hiccup/core/PesExploration/tools/energy_structure_filter.py:97: DeprecationWarning: Please use atoms.calc = calc
  atoms.set_calculator(calculator)

2025-07-12 13:20:48,490 - WARNING - /home/cchen/Hiccup/core/PesExploration/tools/energy_structure_filter.py:97: DeprecationWarning: Please use atoms.calc = calc
  atoms.set_calculator(calculator)

2025-07-12 13:20:48,533 - WARNING - /home/cchen/Hiccup/core/PesExploration/tools/energy_structure_filter.py:97: DeprecationWarning: Please use atoms.calc = calc
  atoms.set_calculator(calculator)

2025-07-12 13:20:48,572 - WARNING - /home/cchen/Hiccup/core/PesExploration/tools/energy_structure_filter.py:97: DeprecationWarning: Please use atoms.calc = calc
  atoms.set_calculator(calculator)

2025-07-12 13:20:48,612 - WARNING - /home/cchen/Hiccup/core/PesExploration/tools/energy_structure_filter.py:97: DeprecationWarning: Please use atoms.calc = calc
  atoms.set_calculator(calculator)

2025-07-12 13:20:48,651 - WARNING - /home/cchen/Hiccup/core/PesExploration/tools/energy_structure_filter.py:97: DeprecationWarning: Please use atoms.calc = calc
  atoms.set_calculator(calculator)

2025-07-12 13:20:48,691 - WARNING - /home/cchen/Hiccup/core/PesExploration/tools/energy_structure_filter.py:97: DeprecationWarning: Please use atoms.calc = calc
  atoms.set_calculator(calculator)

2025-07-12 13:20:48,728 - WARNING - /home/cchen/Hiccup/core/PesExploration/tools/energy_structure_filter.py:97: DeprecationWarning: Please use atoms.calc = calc
  atoms.set_calculator(calculator)

2025-07-12 13:20:48,767 - WARNING - /home/cchen/Hiccup/core/PesExploration/tools/energy_structure_filter.py:97: DeprecationWarning: Please use atoms.calc = calc
  atoms.set_calculator(calculator)

2025-07-12 13:20:48,811 - WARNING - /home/cchen/Hiccup/core/PesExploration/tools/energy_structure_filter.py:97: DeprecationWarning: Please use atoms.calc = calc
  atoms.set_calculator(calculator)

2025-07-12 13:20:48,849 - WARNING - /home/cchen/Hiccup/core/PesExploration/tools/energy_structure_filter.py:97: DeprecationWarning: Please use atoms.calc = calc
  atoms.set_calculator(calculator)

2025-07-12 13:20:48,888 - WARNING - /home/cchen/Hiccup/core/PesExploration/tools/energy_structure_filter.py:97: DeprecationWarning: Please use atoms.calc = calc
  atoms.set_calculator(calculator)

2025-07-12 13:20:48,927 - WARNING - /home/cchen/Hiccup/core/PesExploration/tools/energy_structure_filter.py:97: DeprecationWarning: Please use atoms.calc = calc
  atoms.set_calculator(calculator)

2025-07-12 13:20:48,968 - WARNING - /home/cchen/Hiccup/core/PesExploration/tools/energy_structure_filter.py:97: DeprecationWarning: Please use atoms.calc = calc
  atoms.set_calculator(calculator)

2025-07-12 13:20:49,007 - WARNING - /home/cchen/Hiccup/core/PesExploration/tools/energy_structure_filter.py:97: DeprecationWarning: Please use atoms.calc = calc
  atoms.set_calculator(calculator)

2025-07-12 13:20:49,047 - WARNING - /home/cchen/Hiccup/core/PesExploration/tools/energy_structure_filter.py:97: DeprecationWarning: Please use atoms.calc = calc
  atoms.set_calculator(calculator)

2025-07-12 13:20:49,087 - WARNING - /home/cchen/Hiccup/core/PesExploration/tools/energy_structure_filter.py:97: DeprecationWarning: Please use atoms.calc = calc
  atoms.set_calculator(calculator)

2025-07-12 13:20:49,115 - WARNING - /home/cchen/Hiccup/core/PesExploration/tools/energy_structure_filter.py:97: DeprecationWarning: Please use atoms.calc = calc
  atoms.set_calculator(calculator)

2025-07-12 13:20:49,150 - WARNING - /home/cchen/Hiccup/core/PesExploration/tools/energy_structure_filter.py:97: DeprecationWarning: Please use atoms.calc = calc
  atoms.set_calculator(calculator)

2025-07-12 13:20:49,176 - WARNING - /home/cchen/Hiccup/core/PesExploration/tools/energy_structure_filter.py:97: DeprecationWarning: Please use atoms.calc = calc
  atoms.set_calculator(calculator)

2025-07-12 13:20:49,203 - WARNING - /home/cchen/Hiccup/core/PesExploration/tools/energy_structure_filter.py:97: DeprecationWarning: Please use atoms.calc = calc
  atoms.set_calculator(calculator)

2025-07-12 13:20:49,232 - WARNING - /home/cchen/Hiccup/core/PesExploration/tools/energy_structure_filter.py:97: DeprecationWarning: Please use atoms.calc = calc
  atoms.set_calculator(calculator)

2025-07-12 13:20:49,260 - WARNING - /home/cchen/Hiccup/core/PesExploration/tools/energy_structure_filter.py:97: DeprecationWarning: Please use atoms.calc = calc
  atoms.set_calculator(calculator)

2025-07-12 13:20:49,286 - WARNING - /home/cchen/Hiccup/core/PesExploration/tools/energy_structure_filter.py:97: DeprecationWarning: Please use atoms.calc = calc
  atoms.set_calculator(calculator)

2025-07-12 13:20:49,313 - WARNING - /home/cchen/Hiccup/core/PesExploration/tools/energy_structure_filter.py:97: DeprecationWarning: Please use atoms.calc = calc
  atoms.set_calculator(calculator)

2025-07-12 13:20:49,339 - WARNING - /home/cchen/Hiccup/core/PesExploration/tools/energy_structure_filter.py:97: DeprecationWarning: Please use atoms.calc = calc
  atoms.set_calculator(calculator)

2025-07-12 13:20:49,366 - WARNING - /home/cchen/Hiccup/core/PesExploration/tools/energy_structure_filter.py:97: DeprecationWarning: Please use atoms.calc = calc
  atoms.set_calculator(calculator)

2025-07-12 13:20:49,401 - WARNING - /home/cchen/Hiccup/core/PesExploration/tools/energy_structure_filter.py:97: DeprecationWarning: Please use atoms.calc = calc
  atoms.set_calculator(calculator)

2025-07-12 13:20:49,434 - WARNING - /home/cchen/Hiccup/core/PesExploration/tools/energy_structure_filter.py:97: DeprecationWarning: Please use atoms.calc = calc
  atoms.set_calculator(calculator)

2025-07-12 13:20:49,463 - WARNING - /home/cchen/Hiccup/core/PesExploration/tools/energy_structure_filter.py:97: DeprecationWarning: Please use atoms.calc = calc
  atoms.set_calculator(calculator)

2025-07-12 13:20:49,490 - WARNING - /home/cchen/Hiccup/core/PesExploration/tools/energy_structure_filter.py:97: DeprecationWarning: Please use atoms.calc = calc
  atoms.set_calculator(calculator)

2025-07-12 13:20:49,529 - WARNING - /home/cchen/Hiccup/core/PesExploration/tools/energy_structure_filter.py:97: DeprecationWarning: Please use atoms.calc = calc
  atoms.set_calculator(calculator)

2025-07-12 13:20:49,568 - WARNING - /home/cchen/Hiccup/core/PesExploration/tools/energy_structure_filter.py:97: DeprecationWarning: Please use atoms.calc = calc
  atoms.set_calculator(calculator)

2025-07-12 13:20:49,606 - WARNING - /home/cchen/Hiccup/core/PesExploration/tools/energy_structure_filter.py:97: DeprecationWarning: Please use atoms.calc = calc
  atoms.set_calculator(calculator)

2025-07-12 13:20:49,634 - WARNING - /home/cchen/Hiccup/core/PesExploration/tools/energy_structure_filter.py:97: DeprecationWarning: Please use atoms.calc = calc
  atoms.set_calculator(calculator)

2025-07-12 13:20:49,678 - WARNING - /home/cchen/Hiccup/core/PesExploration/tools/energy_structure_filter.py:97: DeprecationWarning: Please use atoms.calc = calc
  atoms.set_calculator(calculator)

2025-07-12 13:20:49,705 - WARNING - /home/cchen/Hiccup/core/PesExploration/tools/energy_structure_filter.py:97: DeprecationWarning: Please use atoms.calc = calc
  atoms.set_calculator(calculator)

2025-07-12 13:20:49,732 - WARNING - /home/cchen/Hiccup/core/PesExploration/tools/energy_structure_filter.py:97: DeprecationWarning: Please use atoms.calc = calc
  atoms.set_calculator(calculator)

2025-07-12 13:20:49,760 - WARNING - /home/cchen/Hiccup/core/PesExploration/tools/energy_structure_filter.py:97: DeprecationWarning: Please use atoms.calc = calc
  atoms.set_calculator(calculator)

2025-07-12 13:20:49,793 - WARNING - /home/cchen/Hiccup/core/PesExploration/tools/energy_structure_filter.py:97: DeprecationWarning: Please use atoms.calc = calc
  atoms.set_calculator(calculator)

2025-07-12 13:20:49,820 - WARNING - /home/cchen/Hiccup/core/PesExploration/tools/energy_structure_filter.py:97: DeprecationWarning: Please use atoms.calc = calc
  atoms.set_calculator(calculator)

2025-07-12 13:20:49,857 - WARNING - /home/cchen/Hiccup/core/PesExploration/tools/energy_structure_filter.py:97: DeprecationWarning: Please use atoms.calc = calc
  atoms.set_calculator(calculator)

2025-07-12 13:20:49,896 - WARNING - /home/cchen/Hiccup/core/PesExploration/tools/energy_structure_filter.py:97: DeprecationWarning: Please use atoms.calc = calc
  atoms.set_calculator(calculator)

2025-07-12 13:20:49,938 - WARNING - /home/cchen/Hiccup/core/PesExploration/tools/energy_structure_filter.py:97: DeprecationWarning: Please use atoms.calc = calc
  atoms.set_calculator(calculator)

2025-07-12 13:20:49,978 - WARNING - /home/cchen/Hiccup/core/PesExploration/tools/energy_structure_filter.py:97: DeprecationWarning: Please use atoms.calc = calc
  atoms.set_calculator(calculator)

2025-07-12 13:20:50,019 - WARNING - /home/cchen/Hiccup/core/PesExploration/tools/energy_structure_filter.py:97: DeprecationWarning: Please use atoms.calc = calc
  atoms.set_calculator(calculator)

2025-07-12 13:20:50,047 - WARNING - /home/cchen/Hiccup/core/PesExploration/tools/energy_structure_filter.py:97: DeprecationWarning: Please use atoms.calc = calc
  atoms.set_calculator(calculator)

2025-07-12 13:20:50,084 - WARNING - /home/cchen/Hiccup/core/PesExploration/tools/energy_structure_filter.py:97: DeprecationWarning: Please use atoms.calc = calc
  atoms.set_calculator(calculator)

2025-07-12 13:20:50,123 - WARNING - /home/cchen/Hiccup/core/PesExploration/tools/energy_structure_filter.py:97: DeprecationWarning: Please use atoms.calc = calc
  atoms.set_calculator(calculator)

2025-07-12 13:20:50,159 - WARNING - /home/cchen/Hiccup/core/PesExploration/tools/energy_structure_filter.py:97: DeprecationWarning: Please use atoms.calc = calc
  atoms.set_calculator(calculator)

2025-07-12 13:20:50,195 - WARNING - /home/cchen/Hiccup/core/PesExploration/tools/energy_structure_filter.py:97: DeprecationWarning: Please use atoms.calc = calc
  atoms.set_calculator(calculator)

2025-07-12 13:20:50,237 - WARNING - /home/cchen/Hiccup/core/PesExploration/tools/energy_structure_filter.py:97: DeprecationWarning: Please use atoms.calc = calc
  atoms.set_calculator(calculator)

2025-07-12 13:20:50,264 - WARNING - /home/cchen/Hiccup/core/PesExploration/tools/energy_structure_filter.py:97: DeprecationWarning: Please use atoms.calc = calc
  atoms.set_calculator(calculator)

2025-07-12 13:20:50,300 - WARNING - /home/cchen/Hiccup/core/PesExploration/tools/energy_structure_filter.py:97: DeprecationWarning: Please use atoms.calc = calc
  atoms.set_calculator(calculator)

2025-07-12 13:20:50,327 - WARNING - /home/cchen/Hiccup/core/PesExploration/tools/energy_structure_filter.py:97: DeprecationWarning: Please use atoms.calc = calc
  atoms.set_calculator(calculator)

2025-07-12 13:20:50,354 - WARNING - /home/cchen/Hiccup/core/PesExploration/tools/energy_structure_filter.py:97: DeprecationWarning: Please use atoms.calc = calc
  atoms.set_calculator(calculator)

2025-07-12 13:20:50,380 - WARNING - /home/cchen/Hiccup/core/PesExploration/tools/energy_structure_filter.py:97: DeprecationWarning: Please use atoms.calc = calc
  atoms.set_calculator(calculator)

2025-07-12 13:20:50,407 - WARNING - /home/cchen/Hiccup/core/PesExploration/tools/energy_structure_filter.py:97: DeprecationWarning: Please use atoms.calc = calc
  atoms.set_calculator(calculator)

2025-07-12 13:20:50,446 - WARNING - /home/cchen/Hiccup/core/PesExploration/tools/energy_structure_filter.py:97: DeprecationWarning: Please use atoms.calc = calc
  atoms.set_calculator(calculator)

2025-07-12 13:20:50,486 - WARNING - /home/cchen/Hiccup/core/PesExploration/tools/energy_structure_filter.py:97: DeprecationWarning: Please use atoms.calc = calc
  atoms.set_calculator(calculator)

2025-07-12 13:20:50,527 - WARNING - /home/cchen/Hiccup/core/PesExploration/tools/energy_structure_filter.py:97: DeprecationWarning: Please use atoms.calc = calc
  atoms.set_calculator(calculator)

2025-07-12 13:20:50,557 - WARNING - /home/cchen/Hiccup/core/PesExploration/tools/energy_structure_filter.py:97: DeprecationWarning: Please use atoms.calc = calc
  atoms.set_calculator(calculator)

2025-07-12 13:20:50,584 - WARNING - /home/cchen/Hiccup/core/PesExploration/tools/energy_structure_filter.py:97: DeprecationWarning: Please use atoms.calc = calc
  atoms.set_calculator(calculator)

2025-07-12 13:20:50,617 - WARNING - /home/cchen/Hiccup/core/PesExploration/tools/energy_structure_filter.py:97: DeprecationWarning: Please use atoms.calc = calc
  atoms.set_calculator(calculator)

2025-07-12 13:20:50,656 - WARNING - /home/cchen/Hiccup/core/PesExploration/tools/energy_structure_filter.py:97: DeprecationWarning: Please use atoms.calc = calc
  atoms.set_calculator(calculator)

2025-07-12 13:20:50,694 - WARNING - /home/cchen/Hiccup/core/PesExploration/tools/energy_structure_filter.py:97: DeprecationWarning: Please use atoms.calc = calc
  atoms.set_calculator(calculator)

2025-07-12 13:20:50,736 - WARNING - /home/cchen/Hiccup/core/PesExploration/tools/energy_structure_filter.py:97: DeprecationWarning: Please use atoms.calc = calc
  atoms.set_calculator(calculator)

2025-07-12 13:20:50,770 - WARNING - /home/cchen/Hiccup/core/PesExploration/tools/energy_structure_filter.py:97: DeprecationWarning: Please use atoms.calc = calc
  atoms.set_calculator(calculator)

2025-07-12 13:20:50,799 - WARNING - /home/cchen/Hiccup/core/PesExploration/tools/energy_structure_filter.py:97: DeprecationWarning: Please use atoms.calc = calc
  atoms.set_calculator(calculator)

2025-07-12 13:20:50,826 - WARNING - /home/cchen/Hiccup/core/PesExploration/tools/energy_structure_filter.py:97: DeprecationWarning: Please use atoms.calc = calc
  atoms.set_calculator(calculator)

2025-07-12 13:20:50,853 - WARNING - /home/cchen/Hiccup/core/PesExploration/tools/energy_structure_filter.py:97: DeprecationWarning: Please use atoms.calc = calc
  atoms.set_calculator(calculator)

2025-07-12 13:20:50,880 - WARNING - /home/cchen/Hiccup/core/PesExploration/tools/energy_structure_filter.py:97: DeprecationWarning: Please use atoms.calc = calc
  atoms.set_calculator(calculator)

2025-07-12 13:20:50,921 - WARNING - /home/cchen/Hiccup/core/PesExploration/tools/energy_structure_filter.py:97: DeprecationWarning: Please use atoms.calc = calc
  atoms.set_calculator(calculator)

2025-07-12 13:20:50,953 - WARNING - /home/cchen/Hiccup/core/PesExploration/tools/energy_structure_filter.py:97: DeprecationWarning: Please use atoms.calc = calc
  atoms.set_calculator(calculator)

2025-07-12 13:20:50,980 - WARNING - /home/cchen/Hiccup/core/PesExploration/tools/energy_structure_filter.py:97: DeprecationWarning: Please use atoms.calc = calc
  atoms.set_calculator(calculator)

2025-07-12 13:20:51,006 - WARNING - /home/cchen/Hiccup/core/PesExploration/tools/energy_structure_filter.py:97: DeprecationWarning: Please use atoms.calc = calc
  atoms.set_calculator(calculator)

2025-07-12 13:20:51,046 - WARNING - /home/cchen/Hiccup/core/PesExploration/tools/energy_structure_filter.py:97: DeprecationWarning: Please use atoms.calc = calc
  atoms.set_calculator(calculator)

2025-07-12 13:20:51,087 - WARNING - /home/cchen/Hiccup/core/PesExploration/tools/energy_structure_filter.py:97: DeprecationWarning: Please use atoms.calc = calc
  atoms.set_calculator(calculator)

2025-07-12 13:20:51,126 - WARNING - /home/cchen/Hiccup/core/PesExploration/tools/energy_structure_filter.py:97: DeprecationWarning: Please use atoms.calc = calc
  atoms.set_calculator(calculator)

2025-07-12 13:20:51,165 - WARNING - /home/cchen/Hiccup/core/PesExploration/tools/energy_structure_filter.py:97: DeprecationWarning: Please use atoms.calc = calc
  atoms.set_calculator(calculator)

2025-07-12 13:20:51,206 - WARNING - /home/cchen/Hiccup/core/PesExploration/tools/energy_structure_filter.py:97: DeprecationWarning: Please use atoms.calc = calc
  atoms.set_calculator(calculator)

2025-07-12 13:20:51,240 - WARNING - /home/cchen/Hiccup/core/PesExploration/tools/energy_structure_filter.py:97: DeprecationWarning: Please use atoms.calc = calc
  atoms.set_calculator(calculator)

2025-07-12 13:20:51,275 - WARNING - /home/cchen/Hiccup/core/PesExploration/tools/energy_structure_filter.py:97: DeprecationWarning: Please use atoms.calc = calc
  atoms.set_calculator(calculator)

2025-07-12 13:20:51,306 - WARNING - /home/cchen/Hiccup/core/PesExploration/tools/energy_structure_filter.py:97: DeprecationWarning: Please use atoms.calc = calc
  atoms.set_calculator(calculator)

2025-07-12 13:20:51,352 - WARNING - /home/cchen/Hiccup/core/PesExploration/tools/energy_structure_filter.py:97: DeprecationWarning: Please use atoms.calc = calc
  atoms.set_calculator(calculator)

2025-07-12 13:20:51,383 - WARNING - /home/cchen/Hiccup/core/PesExploration/tools/energy_structure_filter.py:97: DeprecationWarning: Please use atoms.calc = calc
  atoms.set_calculator(calculator)

2025-07-12 13:20:51,413 - WARNING - /home/cchen/Hiccup/core/PesExploration/tools/energy_structure_filter.py:97: DeprecationWarning: Please use atoms.calc = calc
  atoms.set_calculator(calculator)

2025-07-12 13:20:51,444 - WARNING - /home/cchen/Hiccup/core/PesExploration/tools/energy_structure_filter.py:97: DeprecationWarning: Please use atoms.calc = calc
  atoms.set_calculator(calculator)

2025-07-12 13:20:51,490 - WARNING - /home/cchen/Hiccup/core/PesExploration/tools/energy_structure_filter.py:97: DeprecationWarning: Please use atoms.calc = calc
  atoms.set_calculator(calculator)

2025-07-12 13:20:51,521 - WARNING - /home/cchen/Hiccup/core/PesExploration/tools/energy_structure_filter.py:97: DeprecationWarning: Please use atoms.calc = calc
  atoms.set_calculator(calculator)

2025-07-12 13:20:51,552 - WARNING - /home/cchen/Hiccup/core/PesExploration/tools/energy_structure_filter.py:97: DeprecationWarning: Please use atoms.calc = calc
  atoms.set_calculator(calculator)

2025-07-12 13:20:51,581 - WARNING - /home/cchen/Hiccup/core/PesExploration/tools/energy_structure_filter.py:97: DeprecationWarning: Please use atoms.calc = calc
  atoms.set_calculator(calculator)

2025-07-12 13:20:51,622 - WARNING - /home/cchen/Hiccup/core/PesExploration/tools/energy_structure_filter.py:97: DeprecationWarning: Please use atoms.calc = calc
  atoms.set_calculator(calculator)

2025-07-12 13:20:51,661 - WARNING - /home/cchen/Hiccup/core/PesExploration/tools/energy_structure_filter.py:97: DeprecationWarning: Please use atoms.calc = calc
  atoms.set_calculator(calculator)

2025-07-12 13:20:51,700 - WARNING - /home/cchen/Hiccup/core/PesExploration/tools/energy_structure_filter.py:97: DeprecationWarning: Please use atoms.calc = calc
  atoms.set_calculator(calculator)

2025-07-12 13:20:51,739 - WARNING - /home/cchen/Hiccup/core/PesExploration/tools/energy_structure_filter.py:97: DeprecationWarning: Please use atoms.calc = calc
  atoms.set_calculator(calculator)

2025-07-12 13:20:51,780 - WARNING - /home/cchen/Hiccup/core/PesExploration/tools/energy_structure_filter.py:97: DeprecationWarning: Please use atoms.calc = calc
  atoms.set_calculator(calculator)

2025-07-12 13:20:51,818 - WARNING - /home/cchen/Hiccup/core/PesExploration/tools/energy_structure_filter.py:97: DeprecationWarning: Please use atoms.calc = calc
  atoms.set_calculator(calculator)

2025-07-12 13:20:51,858 - WARNING - /home/cchen/Hiccup/core/PesExploration/tools/energy_structure_filter.py:97: DeprecationWarning: Please use atoms.calc = calc
  atoms.set_calculator(calculator)

2025-07-12 13:20:51,896 - WARNING - /home/cchen/Hiccup/core/PesExploration/tools/energy_structure_filter.py:97: DeprecationWarning: Please use atoms.calc = calc
  atoms.set_calculator(calculator)

2025-07-12 13:20:51,932 - WARNING - /home/cchen/Hiccup/core/PesExploration/tools/energy_structure_filter.py:97: DeprecationWarning: Please use atoms.calc = calc
  atoms.set_calculator(calculator)

2025-07-12 13:20:51,965 - WARNING - /home/cchen/Hiccup/core/PesExploration/tools/energy_structure_filter.py:97: DeprecationWarning: Please use atoms.calc = calc
  atoms.set_calculator(calculator)

2025-07-12 13:20:51,992 - WARNING - /home/cchen/Hiccup/core/PesExploration/tools/energy_structure_filter.py:97: DeprecationWarning: Please use atoms.calc = calc
  atoms.set_calculator(calculator)

2025-07-12 13:20:52,031 - WARNING - /home/cchen/Hiccup/core/PesExploration/tools/energy_structure_filter.py:97: DeprecationWarning: Please use atoms.calc = calc
  atoms.set_calculator(calculator)

2025-07-12 13:20:52,061 - WARNING - /home/cchen/Hiccup/core/PesExploration/tools/energy_structure_filter.py:97: DeprecationWarning: Please use atoms.calc = calc
  atoms.set_calculator(calculator)

2025-07-12 13:20:52,092 - WARNING - /home/cchen/Hiccup/core/PesExploration/tools/energy_structure_filter.py:97: DeprecationWarning: Please use atoms.calc = calc
  atoms.set_calculator(calculator)

2025-07-12 13:20:52,118 - WARNING - /home/cchen/Hiccup/core/PesExploration/tools/energy_structure_filter.py:97: DeprecationWarning: Please use atoms.calc = calc
  atoms.set_calculator(calculator)

2025-07-12 13:20:52,145 - WARNING - /home/cchen/Hiccup/core/PesExploration/tools/energy_structure_filter.py:97: DeprecationWarning: Please use atoms.calc = calc
  atoms.set_calculator(calculator)

2025-07-12 13:20:52,174 - WARNING - /home/cchen/Hiccup/core/PesExploration/tools/energy_structure_filter.py:97: DeprecationWarning: Please use atoms.calc = calc
  atoms.set_calculator(calculator)

2025-07-12 13:20:52,202 - WARNING - /home/cchen/Hiccup/core/PesExploration/tools/energy_structure_filter.py:97: DeprecationWarning: Please use atoms.calc = calc
  atoms.set_calculator(calculator)

2025-07-12 13:20:52,235 - WARNING - /home/cchen/Hiccup/core/PesExploration/tools/energy_structure_filter.py:97: DeprecationWarning: Please use atoms.calc = calc
  atoms.set_calculator(calculator)

2025-07-12 13:20:52,261 - WARNING - /home/cchen/Hiccup/core/PesExploration/tools/energy_structure_filter.py:97: DeprecationWarning: Please use atoms.calc = calc
  atoms.set_calculator(calculator)

2025-07-12 13:20:52,300 - WARNING - /home/cchen/Hiccup/core/PesExploration/tools/energy_structure_filter.py:97: DeprecationWarning: Please use atoms.calc = calc
  atoms.set_calculator(calculator)

2025-07-12 13:20:52,340 - WARNING - /home/cchen/Hiccup/core/PesExploration/tools/energy_structure_filter.py:97: DeprecationWarning: Please use atoms.calc = calc
  atoms.set_calculator(calculator)

2025-07-12 13:20:52,380 - WARNING - /home/cchen/Hiccup/core/PesExploration/tools/energy_structure_filter.py:97: DeprecationWarning: Please use atoms.calc = calc
  atoms.set_calculator(calculator)

2025-07-12 13:20:52,417 - WARNING - /home/cchen/Hiccup/core/PesExploration/tools/energy_structure_filter.py:97: DeprecationWarning: Please use atoms.calc = calc
  atoms.set_calculator(calculator)

2025-07-12 13:20:52,456 - WARNING - /home/cchen/Hiccup/core/PesExploration/tools/energy_structure_filter.py:97: DeprecationWarning: Please use atoms.calc = calc
  atoms.set_calculator(calculator)

2025-07-12 13:20:52,495 - WARNING - /home/cchen/Hiccup/core/PesExploration/tools/energy_structure_filter.py:97: DeprecationWarning: Please use atoms.calc = calc
  atoms.set_calculator(calculator)

2025-07-12 13:20:52,525 - WARNING - /home/cchen/Hiccup/core/PesExploration/tools/energy_structure_filter.py:97: DeprecationWarning: Please use atoms.calc = calc
  atoms.set_calculator(calculator)

2025-07-12 13:20:52,551 - WARNING - /home/cchen/Hiccup/core/PesExploration/tools/energy_structure_filter.py:97: DeprecationWarning: Please use atoms.calc = calc
  atoms.set_calculator(calculator)

2025-07-12 13:20:52,589 - WARNING - /home/cchen/Hiccup/core/PesExploration/tools/energy_structure_filter.py:97: DeprecationWarning: Please use atoms.calc = calc
  atoms.set_calculator(calculator)

2025-07-12 13:20:52,627 - WARNING - /home/cchen/Hiccup/core/PesExploration/tools/energy_structure_filter.py:97: DeprecationWarning: Please use atoms.calc = calc
  atoms.set_calculator(calculator)

2025-07-12 13:20:52,666 - WARNING - /home/cchen/Hiccup/core/PesExploration/tools/energy_structure_filter.py:97: DeprecationWarning: Please use atoms.calc = calc
  atoms.set_calculator(calculator)

2025-07-12 13:20:52,705 - WARNING - /home/cchen/Hiccup/core/PesExploration/tools/energy_structure_filter.py:97: DeprecationWarning: Please use atoms.calc = calc
  atoms.set_calculator(calculator)

2025-07-12 13:20:52,747 - WARNING - /home/cchen/Hiccup/core/PesExploration/tools/energy_structure_filter.py:97: DeprecationWarning: Please use atoms.calc = calc
  atoms.set_calculator(calculator)

2025-07-12 13:20:52,774 - WARNING - /home/cchen/Hiccup/core/PesExploration/tools/energy_structure_filter.py:97: DeprecationWarning: Please use atoms.calc = calc
  atoms.set_calculator(calculator)

2025-07-12 13:20:52,811 - WARNING - /home/cchen/Hiccup/core/PesExploration/tools/energy_structure_filter.py:97: DeprecationWarning: Please use atoms.calc = calc
  atoms.set_calculator(calculator)

2025-07-12 13:20:52,848 - WARNING - /home/cchen/Hiccup/core/PesExploration/tools/energy_structure_filter.py:97: DeprecationWarning: Please use atoms.calc = calc
  atoms.set_calculator(calculator)

2025-07-12 13:20:52,875 - WARNING - /home/cchen/Hiccup/core/PesExploration/tools/energy_structure_filter.py:97: DeprecationWarning: Please use atoms.calc = calc
  atoms.set_calculator(calculator)

2025-07-12 13:20:52,902 - WARNING - /home/cchen/Hiccup/core/PesExploration/tools/energy_structure_filter.py:97: DeprecationWarning: Please use atoms.calc = calc
  atoms.set_calculator(calculator)

2025-07-12 13:20:52,929 - WARNING - /home/cchen/Hiccup/core/PesExploration/tools/energy_structure_filter.py:97: DeprecationWarning: Please use atoms.calc = calc
  atoms.set_calculator(calculator)

2025-07-12 13:20:52,963 - WARNING - /home/cchen/Hiccup/core/PesExploration/tools/energy_structure_filter.py:97: DeprecationWarning: Please use atoms.calc = calc
  atoms.set_calculator(calculator)

2025-07-12 13:20:52,992 - WARNING - /home/cchen/Hiccup/core/PesExploration/tools/energy_structure_filter.py:97: DeprecationWarning: Please use atoms.calc = calc
  atoms.set_calculator(calculator)

2025-07-12 13:20:53,023 - WARNING - /home/cchen/Hiccup/core/PesExploration/tools/energy_structure_filter.py:97: DeprecationWarning: Please use atoms.calc = calc
  atoms.set_calculator(calculator)

2025-07-12 13:20:53,056 - WARNING - /home/cchen/Hiccup/core/PesExploration/tools/energy_structure_filter.py:97: DeprecationWarning: Please use atoms.calc = calc
  atoms.set_calculator(calculator)

2025-07-12 13:20:53,083 - WARNING - /home/cchen/Hiccup/core/PesExploration/tools/energy_structure_filter.py:97: DeprecationWarning: Please use atoms.calc = calc
  atoms.set_calculator(calculator)

2025-07-12 13:20:53,116 - WARNING - /home/cchen/Hiccup/core/PesExploration/tools/energy_structure_filter.py:97: DeprecationWarning: Please use atoms.calc = calc
  atoms.set_calculator(calculator)

2025-07-12 13:20:53,143 - WARNING - /home/cchen/Hiccup/core/PesExploration/tools/energy_structure_filter.py:97: DeprecationWarning: Please use atoms.calc = calc
  atoms.set_calculator(calculator)

2025-07-12 13:20:53,170 - WARNING - /home/cchen/Hiccup/core/PesExploration/tools/energy_structure_filter.py:97: DeprecationWarning: Please use atoms.calc = calc
  atoms.set_calculator(calculator)

2025-07-12 13:20:53,208 - WARNING - /home/cchen/Hiccup/core/PesExploration/tools/energy_structure_filter.py:97: DeprecationWarning: Please use atoms.calc = calc
  atoms.set_calculator(calculator)

2025-07-12 13:20:53,246 - WARNING - /home/cchen/Hiccup/core/PesExploration/tools/energy_structure_filter.py:97: DeprecationWarning: Please use atoms.calc = calc
  atoms.set_calculator(calculator)

2025-07-12 13:20:53,285 - WARNING - /home/cchen/Hiccup/core/PesExploration/tools/energy_structure_filter.py:97: DeprecationWarning: Please use atoms.calc = calc
  atoms.set_calculator(calculator)

2025-07-12 13:20:53,315 - WARNING - /home/cchen/Hiccup/core/PesExploration/tools/energy_structure_filter.py:97: DeprecationWarning: Please use atoms.calc = calc
  atoms.set_calculator(calculator)

2025-07-12 13:20:53,348 - WARNING - /home/cchen/Hiccup/core/PesExploration/tools/energy_structure_filter.py:97: DeprecationWarning: Please use atoms.calc = calc
  atoms.set_calculator(calculator)

2025-07-12 13:20:53,376 - WARNING - /home/cchen/Hiccup/core/PesExploration/tools/energy_structure_filter.py:97: DeprecationWarning: Please use atoms.calc = calc
  atoms.set_calculator(calculator)

2025-07-12 13:20:53,416 - WARNING - /home/cchen/Hiccup/core/PesExploration/tools/energy_structure_filter.py:97: DeprecationWarning: Please use atoms.calc = calc
  atoms.set_calculator(calculator)

2025-07-12 13:20:53,454 - WARNING - /home/cchen/Hiccup/core/PesExploration/tools/energy_structure_filter.py:97: DeprecationWarning: Please use atoms.calc = calc
  atoms.set_calculator(calculator)

2025-07-12 13:20:53,486 - WARNING - /home/cchen/Hiccup/core/PesExploration/tools/energy_structure_filter.py:97: DeprecationWarning: Please use atoms.calc = calc
  atoms.set_calculator(calculator)

2025-07-12 13:20:53,516 - WARNING - /home/cchen/Hiccup/core/PesExploration/tools/energy_structure_filter.py:97: DeprecationWarning: Please use atoms.calc = calc
  atoms.set_calculator(calculator)

2025-07-12 13:20:53,554 - WARNING - /home/cchen/Hiccup/core/PesExploration/tools/energy_structure_filter.py:97: DeprecationWarning: Please use atoms.calc = calc
  atoms.set_calculator(calculator)

2025-07-12 13:20:53,591 - WARNING - /home/cchen/Hiccup/core/PesExploration/tools/energy_structure_filter.py:97: DeprecationWarning: Please use atoms.calc = calc
  atoms.set_calculator(calculator)

2025-07-12 13:20:53,617 - WARNING - /home/cchen/Hiccup/core/PesExploration/tools/energy_structure_filter.py:97: DeprecationWarning: Please use atoms.calc = calc
  atoms.set_calculator(calculator)

2025-07-12 13:20:53,658 - WARNING - /home/cchen/Hiccup/core/PesExploration/tools/energy_structure_filter.py:97: DeprecationWarning: Please use atoms.calc = calc
  atoms.set_calculator(calculator)

2025-07-12 13:20:53,687 - WARNING - /home/cchen/Hiccup/core/PesExploration/tools/energy_structure_filter.py:97: DeprecationWarning: Please use atoms.calc = calc
  atoms.set_calculator(calculator)

2025-07-12 13:20:53,713 - WARNING - /home/cchen/Hiccup/core/PesExploration/tools/energy_structure_filter.py:97: DeprecationWarning: Please use atoms.calc = calc
  atoms.set_calculator(calculator)

2025-07-12 13:20:53,739 - WARNING - /home/cchen/Hiccup/core/PesExploration/tools/energy_structure_filter.py:97: DeprecationWarning: Please use atoms.calc = calc
  atoms.set_calculator(calculator)

2025-07-12 13:20:53,766 - WARNING - /home/cchen/Hiccup/core/PesExploration/tools/energy_structure_filter.py:97: DeprecationWarning: Please use atoms.calc = calc
  atoms.set_calculator(calculator)

2025-07-12 13:20:53,801 - WARNING - /home/cchen/Hiccup/core/PesExploration/tools/energy_structure_filter.py:97: DeprecationWarning: Please use atoms.calc = calc
  atoms.set_calculator(calculator)

2025-07-12 13:20:53,830 - WARNING - /home/cchen/Hiccup/core/PesExploration/tools/energy_structure_filter.py:97: DeprecationWarning: Please use atoms.calc = calc
  atoms.set_calculator(calculator)

2025-07-12 13:20:53,866 - WARNING - /home/cchen/Hiccup/core/PesExploration/tools/energy_structure_filter.py:97: DeprecationWarning: Please use atoms.calc = calc
  atoms.set_calculator(calculator)

2025-07-12 13:20:53,905 - WARNING - /home/cchen/Hiccup/core/PesExploration/tools/energy_structure_filter.py:97: DeprecationWarning: Please use atoms.calc = calc
  atoms.set_calculator(calculator)

2025-07-12 13:20:53,945 - WARNING - /home/cchen/Hiccup/core/PesExploration/tools/energy_structure_filter.py:97: DeprecationWarning: Please use atoms.calc = calc
  atoms.set_calculator(calculator)

2025-07-12 13:20:53,985 - WARNING - /home/cchen/Hiccup/core/PesExploration/tools/energy_structure_filter.py:97: DeprecationWarning: Please use atoms.calc = calc
  atoms.set_calculator(calculator)

2025-07-12 13:20:54,023 - WARNING - /home/cchen/Hiccup/core/PesExploration/tools/energy_structure_filter.py:97: DeprecationWarning: Please use atoms.calc = calc
  atoms.set_calculator(calculator)

2025-07-12 13:20:54,054 - WARNING - /home/cchen/Hiccup/core/PesExploration/tools/energy_structure_filter.py:97: DeprecationWarning: Please use atoms.calc = calc
  atoms.set_calculator(calculator)

2025-07-12 13:20:54,081 - WARNING - /home/cchen/Hiccup/core/PesExploration/tools/energy_structure_filter.py:97: DeprecationWarning: Please use atoms.calc = calc
  atoms.set_calculator(calculator)

2025-07-12 13:20:54,108 - WARNING - /home/cchen/Hiccup/core/PesExploration/tools/energy_structure_filter.py:97: DeprecationWarning: Please use atoms.calc = calc
  atoms.set_calculator(calculator)

2025-07-12 13:20:54,135 - WARNING - /home/cchen/Hiccup/core/PesExploration/tools/energy_structure_filter.py:97: DeprecationWarning: Please use atoms.calc = calc
  atoms.set_calculator(calculator)

2025-07-12 13:20:54,162 - WARNING - /home/cchen/Hiccup/core/PesExploration/tools/energy_structure_filter.py:97: DeprecationWarning: Please use atoms.calc = calc
  atoms.set_calculator(calculator)

2025-07-12 13:20:54,197 - WARNING - /home/cchen/Hiccup/core/PesExploration/tools/energy_structure_filter.py:97: DeprecationWarning: Please use atoms.calc = calc
  atoms.set_calculator(calculator)

2025-07-12 13:20:54,229 - WARNING - /home/cchen/Hiccup/core/PesExploration/tools/energy_structure_filter.py:97: DeprecationWarning: Please use atoms.calc = calc
  atoms.set_calculator(calculator)

2025-07-12 13:20:54,256 - WARNING - /home/cchen/Hiccup/core/PesExploration/tools/energy_structure_filter.py:97: DeprecationWarning: Please use atoms.calc = calc
  atoms.set_calculator(calculator)

2025-07-12 13:20:54,282 - WARNING - /home/cchen/Hiccup/core/PesExploration/tools/energy_structure_filter.py:97: DeprecationWarning: Please use atoms.calc = calc
  atoms.set_calculator(calculator)

2025-07-12 13:20:54,317 - WARNING - /home/cchen/Hiccup/core/PesExploration/tools/energy_structure_filter.py:97: DeprecationWarning: Please use atoms.calc = calc
  atoms.set_calculator(calculator)

2025-07-12 13:20:54,355 - WARNING - /home/cchen/Hiccup/core/PesExploration/tools/energy_structure_filter.py:97: DeprecationWarning: Please use atoms.calc = calc
  atoms.set_calculator(calculator)

2025-07-12 13:20:54,390 - WARNING - /home/cchen/Hiccup/core/PesExploration/tools/energy_structure_filter.py:97: DeprecationWarning: Please use atoms.calc = calc
  atoms.set_calculator(calculator)

2025-07-12 13:20:54,417 - WARNING - /home/cchen/Hiccup/core/PesExploration/tools/energy_structure_filter.py:97: DeprecationWarning: Please use atoms.calc = calc
  atoms.set_calculator(calculator)

2025-07-12 13:20:54,456 - WARNING - /home/cchen/Hiccup/core/PesExploration/tools/energy_structure_filter.py:97: DeprecationWarning: Please use atoms.calc = calc
  atoms.set_calculator(calculator)

2025-07-12 13:20:54,495 - WARNING - /home/cchen/Hiccup/core/PesExploration/tools/energy_structure_filter.py:97: DeprecationWarning: Please use atoms.calc = calc
  atoms.set_calculator(calculator)

2025-07-12 13:20:54,533 - WARNING - /home/cchen/Hiccup/core/PesExploration/tools/energy_structure_filter.py:97: DeprecationWarning: Please use atoms.calc = calc
  atoms.set_calculator(calculator)

2025-07-12 13:20:54,573 - WARNING - /home/cchen/Hiccup/core/PesExploration/tools/energy_structure_filter.py:97: DeprecationWarning: Please use atoms.calc = calc
  atoms.set_calculator(calculator)

2025-07-12 13:20:54,613 - WARNING - /home/cchen/Hiccup/core/PesExploration/tools/energy_structure_filter.py:97: DeprecationWarning: Please use atoms.calc = calc
  atoms.set_calculator(calculator)

2025-07-12 13:20:54,646 - WARNING - /home/cchen/Hiccup/core/PesExploration/tools/energy_structure_filter.py:97: DeprecationWarning: Please use atoms.calc = calc
  atoms.set_calculator(calculator)

2025-07-12 13:20:54,675 - WARNING - /home/cchen/Hiccup/core/PesExploration/tools/energy_structure_filter.py:97: DeprecationWarning: Please use atoms.calc = calc
  atoms.set_calculator(calculator)

2025-07-12 13:20:54,714 - WARNING - /home/cchen/Hiccup/core/PesExploration/tools/energy_structure_filter.py:97: DeprecationWarning: Please use atoms.calc = calc
  atoms.set_calculator(calculator)

2025-07-12 13:20:54,744 - WARNING - /home/cchen/Hiccup/core/PesExploration/tools/energy_structure_filter.py:97: DeprecationWarning: Please use atoms.calc = calc
  atoms.set_calculator(calculator)

2025-07-12 13:20:54,778 - WARNING - /home/cchen/Hiccup/core/PesExploration/tools/energy_structure_filter.py:97: DeprecationWarning: Please use atoms.calc = calc
  atoms.set_calculator(calculator)

2025-07-12 13:20:54,816 - WARNING - /home/cchen/Hiccup/core/PesExploration/tools/energy_structure_filter.py:97: DeprecationWarning: Please use atoms.calc = calc
  atoms.set_calculator(calculator)

2025-07-12 13:20:54,843 - WARNING - /home/cchen/Hiccup/core/PesExploration/tools/energy_structure_filter.py:97: DeprecationWarning: Please use atoms.calc = calc
  atoms.set_calculator(calculator)

2025-07-12 13:20:54,879 - WARNING - /home/cchen/Hiccup/core/PesExploration/tools/energy_structure_filter.py:97: DeprecationWarning: Please use atoms.calc = calc
  atoms.set_calculator(calculator)

2025-07-12 13:20:54,906 - WARNING - /home/cchen/Hiccup/core/PesExploration/tools/energy_structure_filter.py:97: DeprecationWarning: Please use atoms.calc = calc
  atoms.set_calculator(calculator)

2025-07-12 13:20:54,945 - WARNING - /home/cchen/Hiccup/core/PesExploration/tools/energy_structure_filter.py:97: DeprecationWarning: Please use atoms.calc = calc
  atoms.set_calculator(calculator)

2025-07-12 13:20:54,986 - WARNING - /home/cchen/Hiccup/core/PesExploration/tools/energy_structure_filter.py:97: DeprecationWarning: Please use atoms.calc = calc
  atoms.set_calculator(calculator)

2025-07-12 13:20:55,020 - WARNING - /home/cchen/Hiccup/core/PesExploration/tools/energy_structure_filter.py:97: DeprecationWarning: Please use atoms.calc = calc
  atoms.set_calculator(calculator)

2025-07-12 13:20:55,059 - WARNING - /home/cchen/Hiccup/core/PesExploration/tools/energy_structure_filter.py:97: DeprecationWarning: Please use atoms.calc = calc
  atoms.set_calculator(calculator)

2025-07-12 13:20:55,097 - WARNING - /home/cchen/Hiccup/core/PesExploration/tools/energy_structure_filter.py:97: DeprecationWarning: Please use atoms.calc = calc
  atoms.set_calculator(calculator)

2025-07-12 13:20:55,138 - WARNING - /home/cchen/Hiccup/core/PesExploration/tools/energy_structure_filter.py:97: DeprecationWarning: Please use atoms.calc = calc
  atoms.set_calculator(calculator)

2025-07-12 13:20:55,178 - WARNING - /home/cchen/Hiccup/core/PesExploration/tools/energy_structure_filter.py:97: DeprecationWarning: Please use atoms.calc = calc
  atoms.set_calculator(calculator)

2025-07-12 13:20:55,217 - WARNING - /home/cchen/Hiccup/core/PesExploration/tools/energy_structure_filter.py:97: DeprecationWarning: Please use atoms.calc = calc
  atoms.set_calculator(calculator)

2025-07-12 13:20:55,256 - WARNING - /home/cchen/Hiccup/core/PesExploration/tools/energy_structure_filter.py:97: DeprecationWarning: Please use atoms.calc = calc
  atoms.set_calculator(calculator)

2025-07-12 13:20:55,295 - WARNING - /home/cchen/Hiccup/core/PesExploration/tools/energy_structure_filter.py:97: DeprecationWarning: Please use atoms.calc = calc
  atoms.set_calculator(calculator)

2025-07-12 13:20:55,333 - WARNING - /home/cchen/Hiccup/core/PesExploration/tools/energy_structure_filter.py:97: DeprecationWarning: Please use atoms.calc = calc
  atoms.set_calculator(calculator)

2025-07-12 13:20:55,372 - WARNING - /home/cchen/Hiccup/core/PesExploration/tools/energy_structure_filter.py:97: DeprecationWarning: Please use atoms.calc = calc
  atoms.set_calculator(calculator)

2025-07-12 13:20:55,411 - WARNING - /home/cchen/Hiccup/core/PesExploration/tools/energy_structure_filter.py:97: DeprecationWarning: Please use atoms.calc = calc
  atoms.set_calculator(calculator)

2025-07-12 13:20:55,450 - WARNING - /home/cchen/Hiccup/core/PesExploration/tools/energy_structure_filter.py:97: DeprecationWarning: Please use atoms.calc = calc
  atoms.set_calculator(calculator)

2025-07-12 13:20:55,490 - WARNING - /home/cchen/Hiccup/core/PesExploration/tools/energy_structure_filter.py:97: DeprecationWarning: Please use atoms.calc = calc
  atoms.set_calculator(calculator)

2025-07-12 13:20:55,529 - WARNING - /home/cchen/Hiccup/core/PesExploration/tools/energy_structure_filter.py:97: DeprecationWarning: Please use atoms.calc = calc
  atoms.set_calculator(calculator)

2025-07-12 13:20:55,568 - WARNING - /home/cchen/Hiccup/core/PesExploration/tools/energy_structure_filter.py:97: DeprecationWarning: Please use atoms.calc = calc
  atoms.set_calculator(calculator)

2025-07-12 13:20:55,608 - WARNING - /home/cchen/Hiccup/core/PesExploration/tools/energy_structure_filter.py:97: DeprecationWarning: Please use atoms.calc = calc
  atoms.set_calculator(calculator)

2025-07-12 13:20:55,647 - WARNING - /home/cchen/Hiccup/core/PesExploration/tools/energy_structure_filter.py:97: DeprecationWarning: Please use atoms.calc = calc
  atoms.set_calculator(calculator)

2025-07-12 13:20:55,687 - WARNING - /home/cchen/Hiccup/core/PesExploration/tools/energy_structure_filter.py:97: DeprecationWarning: Please use atoms.calc = calc
  atoms.set_calculator(calculator)

2025-07-12 13:20:55,725 - WARNING - /home/cchen/Hiccup/core/PesExploration/tools/energy_structure_filter.py:97: DeprecationWarning: Please use atoms.calc = calc
  atoms.set_calculator(calculator)

2025-07-12 13:20:55,752 - WARNING - /home/cchen/Hiccup/core/PesExploration/tools/energy_structure_filter.py:97: DeprecationWarning: Please use atoms.calc = calc
  atoms.set_calculator(calculator)

2025-07-12 13:20:55,785 - WARNING - /home/cchen/Hiccup/core/PesExploration/tools/energy_structure_filter.py:97: DeprecationWarning: Please use atoms.calc = calc
  atoms.set_calculator(calculator)

2025-07-12 13:20:55,812 - WARNING - /home/cchen/Hiccup/core/PesExploration/tools/energy_structure_filter.py:97: DeprecationWarning: Please use atoms.calc = calc
  atoms.set_calculator(calculator)

2025-07-12 13:20:55,840 - WARNING - /home/cchen/Hiccup/core/PesExploration/tools/energy_structure_filter.py:97: DeprecationWarning: Please use atoms.calc = calc
  atoms.set_calculator(calculator)

2025-07-12 13:20:55,873 - WARNING - /home/cchen/Hiccup/core/PesExploration/tools/energy_structure_filter.py:97: DeprecationWarning: Please use atoms.calc = calc
  atoms.set_calculator(calculator)

2025-07-12 13:20:55,902 - WARNING - /home/cchen/Hiccup/core/PesExploration/tools/energy_structure_filter.py:97: DeprecationWarning: Please use atoms.calc = calc
  atoms.set_calculator(calculator)

2025-07-12 13:20:55,932 - WARNING - /home/cchen/Hiccup/core/PesExploration/tools/energy_structure_filter.py:97: DeprecationWarning: Please use atoms.calc = calc
  atoms.set_calculator(calculator)

2025-07-12 13:20:55,965 - WARNING - /home/cchen/Hiccup/core/PesExploration/tools/energy_structure_filter.py:97: DeprecationWarning: Please use atoms.calc = calc
  atoms.set_calculator(calculator)

2025-07-12 13:20:56,003 - WARNING - /home/cchen/Hiccup/core/PesExploration/tools/energy_structure_filter.py:97: DeprecationWarning: Please use atoms.calc = calc
  atoms.set_calculator(calculator)

2025-07-12 13:20:56,042 - WARNING - /home/cchen/Hiccup/core/PesExploration/tools/energy_structure_filter.py:97: DeprecationWarning: Please use atoms.calc = calc
  atoms.set_calculator(calculator)

2025-07-12 13:20:56,072 - WARNING - /home/cchen/Hiccup/core/PesExploration/tools/energy_structure_filter.py:97: DeprecationWarning: Please use atoms.calc = calc
  atoms.set_calculator(calculator)

2025-07-12 13:20:56,103 - WARNING - /home/cchen/Hiccup/core/PesExploration/tools/energy_structure_filter.py:97: DeprecationWarning: Please use atoms.calc = calc
  atoms.set_calculator(calculator)

2025-07-12 13:20:56,142 - WARNING - /home/cchen/Hiccup/core/PesExploration/tools/energy_structure_filter.py:97: DeprecationWarning: Please use atoms.calc = calc
  atoms.set_calculator(calculator)

2025-07-12 13:20:56,170 - WARNING - /home/cchen/Hiccup/core/PesExploration/tools/energy_structure_filter.py:97: DeprecationWarning: Please use atoms.calc = calc
  atoms.set_calculator(calculator)

2025-07-12 13:20:56,209 - WARNING - /home/cchen/Hiccup/core/PesExploration/tools/energy_structure_filter.py:97: DeprecationWarning: Please use atoms.calc = calc
  atoms.set_calculator(calculator)

2025-07-12 13:20:56,250 - WARNING - /home/cchen/Hiccup/core/PesExploration/tools/energy_structure_filter.py:97: DeprecationWarning: Please use atoms.calc = calc
  atoms.set_calculator(calculator)

2025-07-12 13:20:56,281 - WARNING - /home/cchen/Hiccup/core/PesExploration/tools/energy_structure_filter.py:97: DeprecationWarning: Please use atoms.calc = calc
  atoms.set_calculator(calculator)

2025-07-12 13:20:56,317 - WARNING - /home/cchen/Hiccup/core/PesExploration/tools/energy_structure_filter.py:97: DeprecationWarning: Please use atoms.calc = calc
  atoms.set_calculator(calculator)

2025-07-12 13:20:56,347 - WARNING - /home/cchen/Hiccup/core/PesExploration/tools/energy_structure_filter.py:97: DeprecationWarning: Please use atoms.calc = calc
  atoms.set_calculator(calculator)

2025-07-12 13:20:56,381 - WARNING - /home/cchen/Hiccup/core/PesExploration/tools/energy_structure_filter.py:97: DeprecationWarning: Please use atoms.calc = calc
  atoms.set_calculator(calculator)

2025-07-12 13:20:56,418 - WARNING - /home/cchen/Hiccup/core/PesExploration/tools/energy_structure_filter.py:97: DeprecationWarning: Please use atoms.calc = calc
  atoms.set_calculator(calculator)

2025-07-12 13:20:56,445 - WARNING - /home/cchen/Hiccup/core/PesExploration/tools/energy_structure_filter.py:97: DeprecationWarning: Please use atoms.calc = calc
  atoms.set_calculator(calculator)

2025-07-12 13:20:56,484 - WARNING - /home/cchen/Hiccup/core/PesExploration/tools/energy_structure_filter.py:97: DeprecationWarning: Please use atoms.calc = calc
  atoms.set_calculator(calculator)

2025-07-12 13:20:56,523 - WARNING - /home/cchen/Hiccup/core/PesExploration/tools/energy_structure_filter.py:97: DeprecationWarning: Please use atoms.calc = calc
  atoms.set_calculator(calculator)

2025-07-12 13:20:56,561 - WARNING - /home/cchen/Hiccup/core/PesExploration/tools/energy_structure_filter.py:97: DeprecationWarning: Please use atoms.calc = calc
  atoms.set_calculator(calculator)

2025-07-12 13:20:56,601 - WARNING - /home/cchen/Hiccup/core/PesExploration/tools/energy_structure_filter.py:97: DeprecationWarning: Please use atoms.calc = calc
  atoms.set_calculator(calculator)

2025-07-12 13:20:56,641 - WARNING - /home/cchen/Hiccup/core/PesExploration/tools/energy_structure_filter.py:97: DeprecationWarning: Please use atoms.calc = calc
  atoms.set_calculator(calculator)

2025-07-12 13:20:56,680 - WARNING - /home/cchen/Hiccup/core/PesExploration/tools/energy_structure_filter.py:97: DeprecationWarning: Please use atoms.calc = calc
  atoms.set_calculator(calculator)

2025-07-12 13:20:56,721 - WARNING - /home/cchen/Hiccup/core/PesExploration/tools/energy_structure_filter.py:97: DeprecationWarning: Please use atoms.calc = calc
  atoms.set_calculator(calculator)

2025-07-12 13:20:56,760 - WARNING - /home/cchen/Hiccup/core/PesExploration/tools/energy_structure_filter.py:97: DeprecationWarning: Please use atoms.calc = calc
  atoms.set_calculator(calculator)

2025-07-12 13:20:56,803 - WARNING - /home/cchen/Hiccup/core/PesExploration/tools/energy_structure_filter.py:97: DeprecationWarning: Please use atoms.calc = calc
  atoms.set_calculator(calculator)

2025-07-12 13:20:56,843 - WARNING - /home/cchen/Hiccup/core/PesExploration/tools/energy_structure_filter.py:97: DeprecationWarning: Please use atoms.calc = calc
  atoms.set_calculator(calculator)

2025-07-12 13:20:56,883 - WARNING - /home/cchen/Hiccup/core/PesExploration/tools/energy_structure_filter.py:97: DeprecationWarning: Please use atoms.calc = calc
  atoms.set_calculator(calculator)

2025-07-12 13:20:56,921 - WARNING - /home/cchen/Hiccup/core/PesExploration/tools/energy_structure_filter.py:97: DeprecationWarning: Please use atoms.calc = calc
  atoms.set_calculator(calculator)

2025-07-12 13:20:56,950 - WARNING - /home/cchen/Hiccup/core/PesExploration/tools/energy_structure_filter.py:97: DeprecationWarning: Please use atoms.calc = calc
  atoms.set_calculator(calculator)

2025-07-12 13:20:56,978 - WARNING - /home/cchen/Hiccup/core/PesExploration/tools/energy_structure_filter.py:97: DeprecationWarning: Please use atoms.calc = calc
  atoms.set_calculator(calculator)

2025-07-12 13:20:57,005 - WARNING - /home/cchen/Hiccup/core/PesExploration/tools/energy_structure_filter.py:97: DeprecationWarning: Please use atoms.calc = calc
  atoms.set_calculator(calculator)

2025-07-12 13:20:57,032 - WARNING - /home/cchen/Hiccup/core/PesExploration/tools/energy_structure_filter.py:97: DeprecationWarning: Please use atoms.calc = calc
  atoms.set_calculator(calculator)

2025-07-12 13:20:57,059 - WARNING - /home/cchen/Hiccup/core/PesExploration/tools/energy_structure_filter.py:97: DeprecationWarning: Please use atoms.calc = calc
  atoms.set_calculator(calculator)

2025-07-12 13:20:57,086 - WARNING - /home/cchen/Hiccup/core/PesExploration/tools/energy_structure_filter.py:97: DeprecationWarning: Please use atoms.calc = calc
  atoms.set_calculator(calculator)

2025-07-12 13:20:57,125 - WARNING - /home/cchen/Hiccup/core/PesExploration/tools/energy_structure_filter.py:97: DeprecationWarning: Please use atoms.calc = calc
  atoms.set_calculator(calculator)

2025-07-12 13:20:57,164 - WARNING - /home/cchen/Hiccup/core/PesExploration/tools/energy_structure_filter.py:97: DeprecationWarning: Please use atoms.calc = calc
  atoms.set_calculator(calculator)

2025-07-12 13:20:57,194 - WARNING - /home/cchen/Hiccup/core/PesExploration/tools/energy_structure_filter.py:97: DeprecationWarning: Please use atoms.calc = calc
  atoms.set_calculator(calculator)

2025-07-12 13:20:57,229 - WARNING - /home/cchen/Hiccup/core/PesExploration/tools/energy_structure_filter.py:97: DeprecationWarning: Please use atoms.calc = calc
  atoms.set_calculator(calculator)

2025-07-12 13:20:57,271 - WARNING - /home/cchen/Hiccup/core/PesExploration/tools/energy_structure_filter.py:97: DeprecationWarning: Please use atoms.calc = calc
  atoms.set_calculator(calculator)

2025-07-12 13:20:57,310 - WARNING - /home/cchen/Hiccup/core/PesExploration/tools/energy_structure_filter.py:97: DeprecationWarning: Please use atoms.calc = calc
  atoms.set_calculator(calculator)

2025-07-12 13:20:57,351 - WARNING - /home/cchen/Hiccup/core/PesExploration/tools/energy_structure_filter.py:97: DeprecationWarning: Please use atoms.calc = calc
  atoms.set_calculator(calculator)

2025-07-12 13:20:57,389 - WARNING - /home/cchen/Hiccup/core/PesExploration/tools/energy_structure_filter.py:97: DeprecationWarning: Please use atoms.calc = calc
  atoms.set_calculator(calculator)

2025-07-12 13:20:57,429 - WARNING - /home/cchen/Hiccup/core/PesExploration/tools/energy_structure_filter.py:97: DeprecationWarning: Please use atoms.calc = calc
  atoms.set_calculator(calculator)

2025-07-12 13:20:57,469 - WARNING - /home/cchen/Hiccup/core/PesExploration/tools/energy_structure_filter.py:97: DeprecationWarning: Please use atoms.calc = calc
  atoms.set_calculator(calculator)

2025-07-12 13:20:57,507 - WARNING - /home/cchen/Hiccup/core/PesExploration/tools/energy_structure_filter.py:97: DeprecationWarning: Please use atoms.calc = calc
  atoms.set_calculator(calculator)

2025-07-12 13:20:57,550 - WARNING - /home/cchen/Hiccup/core/PesExploration/tools/energy_structure_filter.py:97: DeprecationWarning: Please use atoms.calc = calc
  atoms.set_calculator(calculator)

2025-07-12 13:20:57,583 - WARNING - /home/cchen/Hiccup/core/PesExploration/tools/energy_structure_filter.py:97: DeprecationWarning: Please use atoms.calc = calc
  atoms.set_calculator(calculator)

2025-07-12 13:20:57,614 - WARNING - /home/cchen/Hiccup/core/PesExploration/tools/energy_structure_filter.py:97: DeprecationWarning: Please use atoms.calc = calc
  atoms.set_calculator(calculator)

2025-07-12 13:20:57,653 - WARNING - /home/cchen/Hiccup/core/PesExploration/tools/energy_structure_filter.py:97: DeprecationWarning: Please use atoms.calc = calc
  atoms.set_calculator(calculator)

2025-07-12 13:20:57,694 - WARNING - /home/cchen/Hiccup/core/PesExploration/tools/energy_structure_filter.py:97: DeprecationWarning: Please use atoms.calc = calc
  atoms.set_calculator(calculator)

2025-07-12 13:20:57,720 - WARNING - /home/cchen/Hiccup/core/PesExploration/tools/energy_structure_filter.py:97: DeprecationWarning: Please use atoms.calc = calc
  atoms.set_calculator(calculator)

2025-07-12 13:20:57,746 - WARNING - /home/cchen/Hiccup/core/PesExploration/tools/energy_structure_filter.py:97: DeprecationWarning: Please use atoms.calc = calc
  atoms.set_calculator(calculator)

2025-07-12 13:20:57,772 - WARNING - /home/cchen/Hiccup/core/PesExploration/tools/energy_structure_filter.py:97: DeprecationWarning: Please use atoms.calc = calc
  atoms.set_calculator(calculator)

2025-07-12 13:20:57,798 - WARNING - /home/cchen/Hiccup/core/PesExploration/tools/energy_structure_filter.py:97: DeprecationWarning: Please use atoms.calc = calc
  atoms.set_calculator(calculator)

2025-07-12 13:20:57,824 - WARNING - /home/cchen/Hiccup/core/PesExploration/tools/energy_structure_filter.py:97: DeprecationWarning: Please use atoms.calc = calc
  atoms.set_calculator(calculator)

2025-07-12 13:20:57,850 - WARNING - /home/cchen/Hiccup/core/PesExploration/tools/energy_structure_filter.py:97: DeprecationWarning: Please use atoms.calc = calc
  atoms.set_calculator(calculator)

2025-07-12 13:20:57,879 - WARNING - /home/cchen/Hiccup/core/PesExploration/tools/energy_structure_filter.py:97: DeprecationWarning: Please use atoms.calc = calc
  atoms.set_calculator(calculator)

2025-07-12 13:20:57,909 - WARNING - /home/cchen/Hiccup/core/PesExploration/tools/energy_structure_filter.py:97: DeprecationWarning: Please use atoms.calc = calc
  atoms.set_calculator(calculator)

2025-07-12 13:20:57,936 - WARNING - /home/cchen/Hiccup/core/PesExploration/tools/energy_structure_filter.py:97: DeprecationWarning: Please use atoms.calc = calc
  atoms.set_calculator(calculator)

2025-07-12 13:20:57,964 - WARNING - /home/cchen/Hiccup/core/PesExploration/tools/energy_structure_filter.py:97: DeprecationWarning: Please use atoms.calc = calc
  atoms.set_calculator(calculator)

2025-07-12 13:20:57,991 - WARNING - /home/cchen/Hiccup/core/PesExploration/tools/energy_structure_filter.py:97: DeprecationWarning: Please use atoms.calc = calc
  atoms.set_calculator(calculator)

2025-07-12 13:20:58,030 - WARNING - /home/cchen/Hiccup/core/PesExploration/tools/energy_structure_filter.py:97: DeprecationWarning: Please use atoms.calc = calc
  atoms.set_calculator(calculator)

2025-07-12 13:20:58,058 - WARNING - /home/cchen/Hiccup/core/PesExploration/tools/energy_structure_filter.py:97: DeprecationWarning: Please use atoms.calc = calc
  atoms.set_calculator(calculator)

2025-07-12 13:20:58,098 - WARNING - /home/cchen/Hiccup/core/PesExploration/tools/energy_structure_filter.py:97: DeprecationWarning: Please use atoms.calc = calc
  atoms.set_calculator(calculator)

2025-07-12 13:20:58,144 - WARNING - /home/cchen/Hiccup/core/PesExploration/tools/energy_structure_filter.py:97: DeprecationWarning: Please use atoms.calc = calc
  atoms.set_calculator(calculator)

2025-07-12 13:20:58,176 - WARNING - /home/cchen/Hiccup/core/PesExploration/tools/energy_structure_filter.py:97: DeprecationWarning: Please use atoms.calc = calc
  atoms.set_calculator(calculator)

2025-07-12 13:20:58,215 - WARNING - /home/cchen/Hiccup/core/PesExploration/tools/energy_structure_filter.py:97: DeprecationWarning: Please use atoms.calc = calc
  atoms.set_calculator(calculator)

2025-07-12 13:20:58,259 - WARNING - /home/cchen/Hiccup/core/PesExploration/tools/energy_structure_filter.py:97: DeprecationWarning: Please use atoms.calc = calc
  atoms.set_calculator(calculator)

2025-07-12 13:20:58,298 - WARNING - /home/cchen/Hiccup/core/PesExploration/tools/energy_structure_filter.py:97: DeprecationWarning: Please use atoms.calc = calc
  atoms.set_calculator(calculator)

2025-07-12 13:20:58,343 - WARNING - /home/cchen/Hiccup/core/PesExploration/tools/energy_structure_filter.py:97: DeprecationWarning: Please use atoms.calc = calc
  atoms.set_calculator(calculator)

2025-07-12 13:20:58,381 - WARNING - /home/cchen/Hiccup/core/PesExploration/tools/energy_structure_filter.py:97: DeprecationWarning: Please use atoms.calc = calc
  atoms.set_calculator(calculator)

2025-07-12 13:20:58,417 - WARNING - /home/cchen/Hiccup/core/PesExploration/tools/energy_structure_filter.py:97: DeprecationWarning: Please use atoms.calc = calc
  atoms.set_calculator(calculator)

2025-07-12 13:20:58,456 - WARNING - /home/cchen/Hiccup/core/PesExploration/tools/energy_structure_filter.py:97: DeprecationWarning: Please use atoms.calc = calc
  atoms.set_calculator(calculator)

2025-07-12 13:20:58,496 - WARNING - /home/cchen/Hiccup/core/PesExploration/tools/energy_structure_filter.py:97: DeprecationWarning: Please use atoms.calc = calc
  atoms.set_calculator(calculator)

2025-07-12 13:20:58,536 - WARNING - /home/cchen/Hiccup/core/PesExploration/tools/energy_structure_filter.py:97: DeprecationWarning: Please use atoms.calc = calc
  atoms.set_calculator(calculator)

2025-07-12 13:20:58,575 - WARNING - /home/cchen/Hiccup/core/PesExploration/tools/energy_structure_filter.py:97: DeprecationWarning: Please use atoms.calc = calc
  atoms.set_calculator(calculator)

2025-07-12 13:20:58,604 - WARNING - /home/cchen/Hiccup/core/PesExploration/tools/energy_structure_filter.py:97: DeprecationWarning: Please use atoms.calc = calc
  atoms.set_calculator(calculator)

2025-07-12 13:20:58,631 - WARNING - /home/cchen/Hiccup/core/PesExploration/tools/energy_structure_filter.py:97: DeprecationWarning: Please use atoms.calc = calc
  atoms.set_calculator(calculator)

2025-07-12 13:20:58,662 - WARNING - /home/cchen/Hiccup/core/PesExploration/tools/energy_structure_filter.py:97: DeprecationWarning: Please use atoms.calc = calc
  atoms.set_calculator(calculator)

2025-07-12 13:20:58,701 - WARNING - /home/cchen/Hiccup/core/PesExploration/tools/energy_structure_filter.py:97: DeprecationWarning: Please use atoms.calc = calc
  atoms.set_calculator(calculator)

2025-07-12 13:20:58,740 - WARNING - /home/cchen/Hiccup/core/PesExploration/tools/energy_structure_filter.py:97: DeprecationWarning: Please use atoms.calc = calc
  atoms.set_calculator(calculator)

2025-07-12 13:20:58,768 - WARNING - /home/cchen/Hiccup/core/PesExploration/tools/energy_structure_filter.py:97: DeprecationWarning: Please use atoms.calc = calc
  atoms.set_calculator(calculator)

2025-07-12 13:20:58,806 - WARNING - /home/cchen/Hiccup/core/PesExploration/tools/energy_structure_filter.py:97: DeprecationWarning: Please use atoms.calc = calc
  atoms.set_calculator(calculator)

2025-07-12 13:20:58,846 - WARNING - /home/cchen/Hiccup/core/PesExploration/tools/energy_structure_filter.py:97: DeprecationWarning: Please use atoms.calc = calc
  atoms.set_calculator(calculator)

2025-07-12 13:20:58,874 - WARNING - /home/cchen/Hiccup/core/PesExploration/tools/energy_structure_filter.py:97: DeprecationWarning: Please use atoms.calc = calc
  atoms.set_calculator(calculator)

2025-07-12 13:20:58,912 - WARNING - /home/cchen/Hiccup/core/PesExploration/tools/energy_structure_filter.py:97: DeprecationWarning: Please use atoms.calc = calc
  atoms.set_calculator(calculator)

2025-07-12 13:20:58,942 - WARNING - /home/cchen/Hiccup/core/PesExploration/tools/energy_structure_filter.py:97: DeprecationWarning: Please use atoms.calc = calc
  atoms.set_calculator(calculator)

2025-07-12 13:20:58,968 - WARNING - /home/cchen/Hiccup/core/PesExploration/tools/energy_structure_filter.py:97: DeprecationWarning: Please use atoms.calc = calc
  atoms.set_calculator(calculator)

2025-07-12 13:20:58,994 - WARNING - /home/cchen/Hiccup/core/PesExploration/tools/energy_structure_filter.py:97: DeprecationWarning: Please use atoms.calc = calc
  atoms.set_calculator(calculator)

2025-07-12 13:20:59,034 - WARNING - /home/cchen/Hiccup/core/PesExploration/tools/energy_structure_filter.py:97: DeprecationWarning: Please use atoms.calc = calc
  atoms.set_calculator(calculator)

2025-07-12 13:20:59,076 - WARNING - /home/cchen/Hiccup/core/PesExploration/tools/energy_structure_filter.py:97: DeprecationWarning: Please use atoms.calc = calc
  atoms.set_calculator(calculator)

2025-07-12 13:20:59,115 - WARNING - /home/cchen/Hiccup/core/PesExploration/tools/energy_structure_filter.py:97: DeprecationWarning: Please use atoms.calc = calc
  atoms.set_calculator(calculator)

2025-07-12 13:20:59,150 - WARNING - /home/cchen/Hiccup/core/PesExploration/tools/energy_structure_filter.py:97: DeprecationWarning: Please use atoms.calc = calc
  atoms.set_calculator(calculator)

2025-07-12 13:20:59,188 - WARNING - /home/cchen/Hiccup/core/PesExploration/tools/energy_structure_filter.py:97: DeprecationWarning: Please use atoms.calc = calc
  atoms.set_calculator(calculator)

2025-07-12 13:20:59,228 - WARNING - /home/cchen/Hiccup/core/PesExploration/tools/energy_structure_filter.py:97: DeprecationWarning: Please use atoms.calc = calc
  atoms.set_calculator(calculator)

2025-07-12 13:20:59,267 - WARNING - /home/cchen/Hiccup/core/PesExploration/tools/energy_structure_filter.py:97: DeprecationWarning: Please use atoms.calc = calc
  atoms.set_calculator(calculator)

2025-07-12 13:20:59,305 - WARNING - /home/cchen/Hiccup/core/PesExploration/tools/energy_structure_filter.py:97: DeprecationWarning: Please use atoms.calc = calc
  atoms.set_calculator(calculator)

2025-07-12 13:20:59,345 - WARNING - /home/cchen/Hiccup/core/PesExploration/tools/energy_structure_filter.py:97: DeprecationWarning: Please use atoms.calc = calc
  atoms.set_calculator(calculator)

2025-07-12 13:20:59,372 - WARNING - /home/cchen/Hiccup/core/PesExploration/tools/energy_structure_filter.py:97: DeprecationWarning: Please use atoms.calc = calc
  atoms.set_calculator(calculator)

2025-07-12 13:20:59,408 - WARNING - /home/cchen/Hiccup/core/PesExploration/tools/energy_structure_filter.py:97: DeprecationWarning: Please use atoms.calc = calc
  atoms.set_calculator(calculator)

2025-07-12 13:20:59,447 - WARNING - /home/cchen/Hiccup/core/PesExploration/tools/energy_structure_filter.py:97: DeprecationWarning: Please use atoms.calc = calc
  atoms.set_calculator(calculator)

2025-07-12 13:20:59,489 - WARNING - /home/cchen/Hiccup/core/PesExploration/tools/energy_structure_filter.py:97: DeprecationWarning: Please use atoms.calc = calc
  atoms.set_calculator(calculator)

2025-07-12 13:20:59,528 - WARNING - /home/cchen/Hiccup/core/PesExploration/tools/energy_structure_filter.py:97: DeprecationWarning: Please use atoms.calc = calc
  atoms.set_calculator(calculator)

2025-07-12 13:20:59,568 - WARNING - /home/cchen/Hiccup/core/PesExploration/tools/energy_structure_filter.py:97: DeprecationWarning: Please use atoms.calc = calc
  atoms.set_calculator(calculator)

2025-07-12 13:20:59,607 - WARNING - /home/cchen/Hiccup/core/PesExploration/tools/energy_structure_filter.py:97: DeprecationWarning: Please use atoms.calc = calc
  atoms.set_calculator(calculator)

2025-07-12 13:20:59,647 - WARNING - /home/cchen/Hiccup/core/PesExploration/tools/energy_structure_filter.py:97: DeprecationWarning: Please use atoms.calc = calc
  atoms.set_calculator(calculator)

2025-07-12 13:20:59,685 - WARNING - /home/cchen/Hiccup/core/PesExploration/tools/energy_structure_filter.py:97: DeprecationWarning: Please use atoms.calc = calc
  atoms.set_calculator(calculator)

2025-07-12 13:20:59,725 - WARNING - /home/cchen/Hiccup/core/PesExploration/tools/energy_structure_filter.py:97: DeprecationWarning: Please use atoms.calc = calc
  atoms.set_calculator(calculator)

2025-07-12 13:20:59,764 - WARNING - /home/cchen/Hiccup/core/PesExploration/tools/energy_structure_filter.py:97: DeprecationWarning: Please use atoms.calc = calc
  atoms.set_calculator(calculator)

2025-07-12 13:20:59,805 - WARNING - /home/cchen/Hiccup/core/PesExploration/tools/energy_structure_filter.py:97: DeprecationWarning: Please use atoms.calc = calc
  atoms.set_calculator(calculator)

2025-07-12 13:20:59,844 - WARNING - /home/cchen/Hiccup/core/PesExploration/tools/energy_structure_filter.py:97: DeprecationWarning: Please use atoms.calc = calc
  atoms.set_calculator(calculator)

2025-07-12 13:20:59,883 - WARNING - /home/cchen/Hiccup/core/PesExploration/tools/energy_structure_filter.py:97: DeprecationWarning: Please use atoms.calc = calc
  atoms.set_calculator(calculator)

2025-07-12 13:20:59,923 - WARNING - /home/cchen/Hiccup/core/PesExploration/tools/energy_structure_filter.py:97: DeprecationWarning: Please use atoms.calc = calc
  atoms.set_calculator(calculator)

2025-07-12 13:20:59,962 - WARNING - /home/cchen/Hiccup/core/PesExploration/tools/energy_structure_filter.py:97: DeprecationWarning: Please use atoms.calc = calc
  atoms.set_calculator(calculator)

2025-07-12 13:21:00,002 - WARNING - /home/cchen/Hiccup/core/PesExploration/tools/energy_structure_filter.py:97: DeprecationWarning: Please use atoms.calc = calc
  atoms.set_calculator(calculator)

2025-07-12 13:21:00,044 - WARNING - /home/cchen/Hiccup/core/PesExploration/tools/energy_structure_filter.py:97: DeprecationWarning: Please use atoms.calc = calc
  atoms.set_calculator(calculator)

2025-07-12 13:21:00,084 - WARNING - /home/cchen/Hiccup/core/PesExploration/tools/energy_structure_filter.py:97: DeprecationWarning: Please use atoms.calc = calc
  atoms.set_calculator(calculator)

2025-07-12 13:21:00,124 - WARNING - /home/cchen/Hiccup/core/PesExploration/tools/energy_structure_filter.py:97: DeprecationWarning: Please use atoms.calc = calc
  atoms.set_calculator(calculator)

2025-07-12 13:21:00,164 - WARNING - /home/cchen/Hiccup/core/PesExploration/tools/energy_structure_filter.py:97: DeprecationWarning: Please use atoms.calc = calc
  atoms.set_calculator(calculator)

2025-07-12 13:21:00,203 - WARNING - /home/cchen/Hiccup/core/PesExploration/tools/energy_structure_filter.py:97: DeprecationWarning: Please use atoms.calc = calc
  atoms.set_calculator(calculator)

2025-07-12 13:21:00,243 - WARNING - /home/cchen/Hiccup/core/PesExploration/tools/energy_structure_filter.py:97: DeprecationWarning: Please use atoms.calc = calc
  atoms.set_calculator(calculator)

2025-07-12 13:21:00,281 - WARNING - /home/cchen/Hiccup/core/PesExploration/tools/energy_structure_filter.py:97: DeprecationWarning: Please use atoms.calc = calc
  atoms.set_calculator(calculator)

2025-07-12 13:21:00,320 - WARNING - /home/cchen/Hiccup/core/PesExploration/tools/energy_structure_filter.py:97: DeprecationWarning: Please use atoms.calc = calc
  atoms.set_calculator(calculator)

2025-07-12 13:21:00,347 - WARNING - /home/cchen/Hiccup/core/PesExploration/tools/energy_structure_filter.py:97: DeprecationWarning: Please use atoms.calc = calc
  atoms.set_calculator(calculator)

2025-07-12 13:21:00,385 - WARNING - /home/cchen/Hiccup/core/PesExploration/tools/energy_structure_filter.py:97: DeprecationWarning: Please use atoms.calc = calc
  atoms.set_calculator(calculator)

2025-07-12 13:21:00,417 - WARNING - /home/cchen/Hiccup/core/PesExploration/tools/energy_structure_filter.py:97: DeprecationWarning: Please use atoms.calc = calc
  atoms.set_calculator(calculator)

2025-07-12 13:21:00,455 - WARNING - /home/cchen/Hiccup/core/PesExploration/tools/energy_structure_filter.py:97: DeprecationWarning: Please use atoms.calc = calc
  atoms.set_calculator(calculator)

2025-07-12 13:21:00,493 - WARNING - /home/cchen/Hiccup/core/PesExploration/tools/energy_structure_filter.py:97: DeprecationWarning: Please use atoms.calc = calc
  atoms.set_calculator(calculator)

2025-07-12 13:21:00,531 - WARNING - /home/cchen/Hiccup/core/PesExploration/tools/energy_structure_filter.py:97: DeprecationWarning: Please use atoms.calc = calc
  atoms.set_calculator(calculator)

2025-07-12 13:21:00,571 - WARNING - /home/cchen/Hiccup/core/PesExploration/tools/energy_structure_filter.py:97: DeprecationWarning: Please use atoms.calc = calc
  atoms.set_calculator(calculator)

2025-07-12 13:21:00,608 - WARNING - /home/cchen/Hiccup/core/PesExploration/tools/energy_structure_filter.py:97: DeprecationWarning: Please use atoms.calc = calc
  atoms.set_calculator(calculator)

2025-07-12 13:21:00,635 - WARNING - /home/cchen/Hiccup/core/PesExploration/tools/energy_structure_filter.py:97: DeprecationWarning: Please use atoms.calc = calc
  atoms.set_calculator(calculator)

2025-07-12 13:21:00,670 - WARNING - /home/cchen/Hiccup/core/PesExploration/tools/energy_structure_filter.py:97: DeprecationWarning: Please use atoms.calc = calc
  atoms.set_calculator(calculator)

2025-07-12 13:21:00,705 - WARNING - /home/cchen/Hiccup/core/PesExploration/tools/energy_structure_filter.py:97: DeprecationWarning: Please use atoms.calc = calc
  atoms.set_calculator(calculator)

2025-07-12 13:21:00,748 - WARNING - /home/cchen/Hiccup/core/PesExploration/tools/energy_structure_filter.py:97: DeprecationWarning: Please use atoms.calc = calc
  atoms.set_calculator(calculator)

2025-07-12 13:21:00,778 - WARNING - /home/cchen/Hiccup/core/PesExploration/tools/energy_structure_filter.py:97: DeprecationWarning: Please use atoms.calc = calc
  atoms.set_calculator(calculator)

2025-07-12 13:21:00,815 - WARNING - /home/cchen/Hiccup/core/PesExploration/tools/energy_structure_filter.py:97: DeprecationWarning: Please use atoms.calc = calc
  atoms.set_calculator(calculator)

2025-07-12 13:21:00,849 - WARNING - /home/cchen/Hiccup/core/PesExploration/tools/energy_structure_filter.py:97: DeprecationWarning: Please use atoms.calc = calc
  atoms.set_calculator(calculator)

2025-07-12 13:21:00,887 - WARNING - /home/cchen/Hiccup/core/PesExploration/tools/energy_structure_filter.py:97: DeprecationWarning: Please use atoms.calc = calc
  atoms.set_calculator(calculator)

2025-07-12 13:21:00,916 - WARNING - /home/cchen/Hiccup/core/PesExploration/tools/energy_structure_filter.py:97: DeprecationWarning: Please use atoms.calc = calc
  atoms.set_calculator(calculator)

2025-07-12 13:21:00,946 - WARNING - /home/cchen/Hiccup/core/PesExploration/tools/energy_structure_filter.py:97: DeprecationWarning: Please use atoms.calc = calc
  atoms.set_calculator(calculator)

2025-07-12 13:21:00,975 - WARNING - /home/cchen/Hiccup/core/PesExploration/tools/energy_structure_filter.py:97: DeprecationWarning: Please use atoms.calc = calc
  atoms.set_calculator(calculator)

2025-07-12 13:21:01,019 - WARNING - /home/cchen/Hiccup/core/PesExploration/tools/energy_structure_filter.py:97: DeprecationWarning: Please use atoms.calc = calc
  atoms.set_calculator(calculator)

2025-07-12 13:21:01,054 - WARNING - /home/cchen/Hiccup/core/PesExploration/tools/energy_structure_filter.py:97: DeprecationWarning: Please use atoms.calc = calc
  atoms.set_calculator(calculator)

2025-07-12 13:21:01,093 - WARNING - /home/cchen/Hiccup/core/PesExploration/tools/energy_structure_filter.py:97: DeprecationWarning: Please use atoms.calc = calc
  atoms.set_calculator(calculator)

2025-07-12 13:21:01,133 - WARNING - /home/cchen/Hiccup/core/PesExploration/tools/energy_structure_filter.py:97: DeprecationWarning: Please use atoms.calc = calc
  atoms.set_calculator(calculator)

2025-07-12 13:21:01,172 - WARNING - /home/cchen/Hiccup/core/PesExploration/tools/energy_structure_filter.py:97: DeprecationWarning: Please use atoms.calc = calc
  atoms.set_calculator(calculator)

2025-07-12 13:21:01,202 - WARNING - /home/cchen/Hiccup/core/PesExploration/tools/energy_structure_filter.py:97: DeprecationWarning: Please use atoms.calc = calc
  atoms.set_calculator(calculator)

2025-07-12 13:21:01,232 - WARNING - /home/cchen/Hiccup/core/PesExploration/tools/energy_structure_filter.py:97: DeprecationWarning: Please use atoms.calc = calc
  atoms.set_calculator(calculator)

2025-07-12 13:21:01,266 - WARNING - /home/cchen/Hiccup/core/PesExploration/tools/energy_structure_filter.py:97: DeprecationWarning: Please use atoms.calc = calc
  atoms.set_calculator(calculator)

2025-07-12 13:21:01,304 - WARNING - /home/cchen/Hiccup/core/PesExploration/tools/energy_structure_filter.py:97: DeprecationWarning: Please use atoms.calc = calc
  atoms.set_calculator(calculator)

2025-07-12 13:21:01,337 - WARNING - /home/cchen/Hiccup/core/PesExploration/tools/energy_structure_filter.py:97: DeprecationWarning: Please use atoms.calc = calc
  atoms.set_calculator(calculator)

2025-07-12 13:21:01,366 - WARNING - /home/cchen/Hiccup/core/PesExploration/tools/energy_structure_filter.py:97: DeprecationWarning: Please use atoms.calc = calc
  atoms.set_calculator(calculator)

2025-07-12 13:21:01,396 - WARNING - /home/cchen/Hiccup/core/PesExploration/tools/energy_structure_filter.py:97: DeprecationWarning: Please use atoms.calc = calc
  atoms.set_calculator(calculator)

2025-07-12 13:21:01,436 - WARNING - /home/cchen/Hiccup/core/PesExploration/tools/energy_structure_filter.py:97: DeprecationWarning: Please use atoms.calc = calc
  atoms.set_calculator(calculator)

2025-07-12 13:21:01,472 - WARNING - /home/cchen/Hiccup/core/PesExploration/tools/energy_structure_filter.py:97: DeprecationWarning: Please use atoms.calc = calc
  atoms.set_calculator(calculator)

2025-07-12 13:21:01,503 - WARNING - /home/cchen/Hiccup/core/PesExploration/tools/energy_structure_filter.py:97: DeprecationWarning: Please use atoms.calc = calc
  atoms.set_calculator(calculator)

2025-07-12 13:21:01,533 - WARNING - /home/cchen/Hiccup/core/PesExploration/tools/energy_structure_filter.py:97: DeprecationWarning: Please use atoms.calc = calc
  atoms.set_calculator(calculator)

2025-07-12 13:21:01,565 - WARNING - /home/cchen/Hiccup/core/PesExploration/tools/energy_structure_filter.py:97: DeprecationWarning: Please use atoms.calc = calc
  atoms.set_calculator(calculator)

2025-07-12 13:21:01,595 - WARNING - /home/cchen/Hiccup/core/PesExploration/tools/energy_structure_filter.py:97: DeprecationWarning: Please use atoms.calc = calc
  atoms.set_calculator(calculator)

2025-07-12 13:21:01,641 - WARNING - /home/cchen/Hiccup/core/PesExploration/tools/energy_structure_filter.py:97: DeprecationWarning: Please use atoms.calc = calc
  atoms.set_calculator(calculator)

2025-07-12 13:21:01,693 - WARNING - /home/cchen/Hiccup/core/PesExploration/tools/energy_structure_filter.py:97: DeprecationWarning: Please use atoms.calc = calc
  atoms.set_calculator(calculator)

2025-07-12 13:21:01,728 - WARNING - /home/cchen/Hiccup/core/PesExploration/tools/energy_structure_filter.py:97: DeprecationWarning: Please use atoms.calc = calc
  atoms.set_calculator(calculator)

2025-07-12 13:21:01,761 - WARNING - /home/cchen/Hiccup/core/PesExploration/tools/energy_structure_filter.py:97: DeprecationWarning: Please use atoms.calc = calc
  atoms.set_calculator(calculator)

2025-07-12 13:21:01,791 - WARNING - /home/cchen/Hiccup/core/PesExploration/tools/energy_structure_filter.py:97: DeprecationWarning: Please use atoms.calc = calc
  atoms.set_calculator(calculator)

2025-07-12 13:21:01,833 - WARNING - /home/cchen/Hiccup/core/PesExploration/tools/energy_structure_filter.py:97: DeprecationWarning: Please use atoms.calc = calc
  atoms.set_calculator(calculator)

2025-07-12 13:21:01,863 - WARNING - /home/cchen/Hiccup/core/PesExploration/tools/energy_structure_filter.py:97: DeprecationWarning: Please use atoms.calc = calc
  atoms.set_calculator(calculator)

2025-07-12 13:21:01,892 - WARNING - /home/cchen/Hiccup/core/PesExploration/tools/energy_structure_filter.py:97: DeprecationWarning: Please use atoms.calc = calc
  atoms.set_calculator(calculator)

2025-07-12 13:21:01,922 - WARNING - /home/cchen/Hiccup/core/PesExploration/tools/energy_structure_filter.py:97: DeprecationWarning: Please use atoms.calc = calc
  atoms.set_calculator(calculator)

2025-07-12 13:21:01,967 - WARNING - /home/cchen/Hiccup/core/PesExploration/tools/energy_structure_filter.py:97: DeprecationWarning: Please use atoms.calc = calc
  atoms.set_calculator(calculator)

2025-07-12 13:21:01,999 - WARNING - /home/cchen/Hiccup/core/PesExploration/tools/energy_structure_filter.py:97: DeprecationWarning: Please use atoms.calc = calc
  atoms.set_calculator(calculator)

2025-07-12 13:21:02,028 - WARNING - /home/cchen/Hiccup/core/PesExploration/tools/energy_structure_filter.py:97: DeprecationWarning: Please use atoms.calc = calc
  atoms.set_calculator(calculator)

2025-07-12 13:21:02,073 - WARNING - /home/cchen/Hiccup/core/PesExploration/tools/energy_structure_filter.py:97: DeprecationWarning: Please use atoms.calc = calc
  atoms.set_calculator(calculator)

2025-07-12 13:21:02,122 - WARNING - /home/cchen/Hiccup/core/PesExploration/tools/energy_structure_filter.py:97: DeprecationWarning: Please use atoms.calc = calc
  atoms.set_calculator(calculator)

2025-07-12 13:21:02,152 - WARNING - /home/cchen/Hiccup/core/PesExploration/tools/energy_structure_filter.py:97: DeprecationWarning: Please use atoms.calc = calc
  atoms.set_calculator(calculator)

2025-07-12 13:21:02,183 - WARNING - /home/cchen/Hiccup/core/PesExploration/tools/energy_structure_filter.py:97: DeprecationWarning: Please use atoms.calc = calc
  atoms.set_calculator(calculator)

2025-07-12 13:21:02,212 - WARNING - /home/cchen/Hiccup/core/PesExploration/tools/energy_structure_filter.py:97: DeprecationWarning: Please use atoms.calc = calc
  atoms.set_calculator(calculator)

2025-07-12 13:21:02,257 - WARNING - /home/cchen/Hiccup/core/PesExploration/tools/energy_structure_filter.py:97: DeprecationWarning: Please use atoms.calc = calc
  atoms.set_calculator(calculator)

2025-07-12 13:21:02,287 - WARNING - /home/cchen/Hiccup/core/PesExploration/tools/energy_structure_filter.py:97: DeprecationWarning: Please use atoms.calc = calc
  atoms.set_calculator(calculator)

2025-07-12 13:21:02,318 - WARNING - /home/cchen/Hiccup/core/PesExploration/tools/energy_structure_filter.py:97: DeprecationWarning: Please use atoms.calc = calc
  atoms.set_calculator(calculator)

2025-07-12 13:21:02,347 - WARNING - /home/cchen/Hiccup/core/PesExploration/tools/energy_structure_filter.py:97: DeprecationWarning: Please use atoms.calc = calc
  atoms.set_calculator(calculator)

2025-07-12 13:21:02,378 - WARNING - /home/cchen/Hiccup/core/PesExploration/tools/energy_structure_filter.py:97: DeprecationWarning: Please use atoms.calc = calc
  atoms.set_calculator(calculator)

2025-07-12 13:21:02,408 - WARNING - /home/cchen/Hiccup/core/PesExploration/tools/energy_structure_filter.py:97: DeprecationWarning: Please use atoms.calc = calc
  atoms.set_calculator(calculator)

2025-07-12 13:21:02,438 - WARNING - /home/cchen/Hiccup/core/PesExploration/tools/energy_structure_filter.py:97: DeprecationWarning: Please use atoms.calc = calc
  atoms.set_calculator(calculator)

2025-07-12 13:21:02,467 - WARNING - /home/cchen/Hiccup/core/PesExploration/tools/energy_structure_filter.py:97: DeprecationWarning: Please use atoms.calc = calc
  atoms.set_calculator(calculator)

2025-07-12 13:21:02,509 - WARNING - /home/cchen/Hiccup/core/PesExploration/tools/energy_structure_filter.py:97: DeprecationWarning: Please use atoms.calc = calc
  atoms.set_calculator(calculator)

2025-07-12 13:21:02,541 - WARNING - /home/cchen/Hiccup/core/PesExploration/tools/energy_structure_filter.py:97: DeprecationWarning: Please use atoms.calc = calc
  atoms.set_calculator(calculator)

2025-07-12 13:21:02,571 - WARNING - /home/cchen/Hiccup/core/PesExploration/tools/energy_structure_filter.py:97: DeprecationWarning: Please use atoms.calc = calc
  atoms.set_calculator(calculator)

2025-07-12 13:21:02,601 - WARNING - /home/cchen/Hiccup/core/PesExploration/tools/energy_structure_filter.py:97: DeprecationWarning: Please use atoms.calc = calc
  atoms.set_calculator(calculator)

2025-07-12 13:21:02,630 - WARNING - /home/cchen/Hiccup/core/PesExploration/tools/energy_structure_filter.py:97: DeprecationWarning: Please use atoms.calc = calc
  atoms.set_calculator(calculator)

2025-07-12 13:21:02,675 - WARNING - /home/cchen/Hiccup/core/PesExploration/tools/energy_structure_filter.py:97: DeprecationWarning: Please use atoms.calc = calc
  atoms.set_calculator(calculator)

2025-07-12 13:21:02,704 - WARNING - /home/cchen/Hiccup/core/PesExploration/tools/energy_structure_filter.py:97: DeprecationWarning: Please use atoms.calc = calc
  atoms.set_calculator(calculator)

2025-07-12 13:21:02,733 - WARNING - /home/cchen/Hiccup/core/PesExploration/tools/energy_structure_filter.py:97: DeprecationWarning: Please use atoms.calc = calc
  atoms.set_calculator(calculator)

2025-07-12 13:21:02,762 - WARNING - /home/cchen/Hiccup/core/PesExploration/tools/energy_structure_filter.py:97: DeprecationWarning: Please use atoms.calc = calc
  atoms.set_calculator(calculator)

2025-07-12 13:21:02,792 - WARNING - /home/cchen/Hiccup/core/PesExploration/tools/energy_structure_filter.py:97: DeprecationWarning: Please use atoms.calc = calc
  atoms.set_calculator(calculator)

2025-07-12 13:21:02,822 - WARNING - /home/cchen/Hiccup/core/PesExploration/tools/energy_structure_filter.py:97: DeprecationWarning: Please use atoms.calc = calc
  atoms.set_calculator(calculator)

2025-07-12 13:21:02,851 - WARNING - /home/cchen/Hiccup/core/PesExploration/tools/energy_structure_filter.py:97: DeprecationWarning: Please use atoms.calc = calc
  atoms.set_calculator(calculator)

2025-07-12 13:21:02,881 - WARNING - /home/cchen/Hiccup/core/PesExploration/tools/energy_structure_filter.py:97: DeprecationWarning: Please use atoms.calc = calc
  atoms.set_calculator(calculator)

2025-07-12 13:21:02,910 - WARNING - /home/cchen/Hiccup/core/PesExploration/tools/energy_structure_filter.py:97: DeprecationWarning: Please use atoms.calc = calc
  atoms.set_calculator(calculator)

2025-07-12 13:21:02,940 - WARNING - /home/cchen/Hiccup/core/PesExploration/tools/energy_structure_filter.py:97: DeprecationWarning: Please use atoms.calc = calc
  atoms.set_calculator(calculator)

2025-07-12 13:21:02,970 - WARNING - /home/cchen/Hiccup/core/PesExploration/tools/energy_structure_filter.py:97: DeprecationWarning: Please use atoms.calc = calc
  atoms.set_calculator(calculator)

2025-07-12 13:21:02,999 - WARNING - /home/cchen/Hiccup/core/PesExploration/tools/energy_structure_filter.py:97: DeprecationWarning: Please use atoms.calc = calc
  atoms.set_calculator(calculator)

2025-07-12 13:21:03,042 - WARNING - /home/cchen/Hiccup/core/PesExploration/tools/energy_structure_filter.py:97: DeprecationWarning: Please use atoms.calc = calc
  atoms.set_calculator(calculator)

2025-07-12 13:21:03,076 - WARNING - /home/cchen/Hiccup/core/PesExploration/tools/energy_structure_filter.py:97: DeprecationWarning: Please use atoms.calc = calc
  atoms.set_calculator(calculator)

2025-07-12 13:21:03,106 - WARNING - /home/cchen/Hiccup/core/PesExploration/tools/energy_structure_filter.py:97: DeprecationWarning: Please use atoms.calc = calc
  atoms.set_calculator(calculator)

2025-07-12 13:21:03,135 - WARNING - /home/cchen/Hiccup/core/PesExploration/tools/energy_structure_filter.py:97: DeprecationWarning: Please use atoms.calc = calc
  atoms.set_calculator(calculator)

2025-07-12 13:21:03,164 - WARNING - /home/cchen/Hiccup/core/PesExploration/tools/energy_structure_filter.py:97: DeprecationWarning: Please use atoms.calc = calc
  atoms.set_calculator(calculator)

2025-07-12 13:21:03,195 - WARNING - /home/cchen/Hiccup/core/PesExploration/tools/energy_structure_filter.py:97: DeprecationWarning: Please use atoms.calc = calc
  atoms.set_calculator(calculator)

2025-07-12 13:21:03,225 - WARNING - /home/cchen/Hiccup/core/PesExploration/tools/energy_structure_filter.py:97: DeprecationWarning: Please use atoms.calc = calc
  atoms.set_calculator(calculator)

2025-07-12 13:21:03,255 - WARNING - /home/cchen/Hiccup/core/PesExploration/tools/energy_structure_filter.py:97: DeprecationWarning: Please use atoms.calc = calc
  atoms.set_calculator(calculator)

2025-07-12 13:21:03,285 - WARNING - /home/cchen/Hiccup/core/PesExploration/tools/energy_structure_filter.py:97: DeprecationWarning: Please use atoms.calc = calc
  atoms.set_calculator(calculator)

2025-07-12 13:21:03,328 - WARNING - /home/cchen/Hiccup/core/PesExploration/tools/energy_structure_filter.py:97: DeprecationWarning: Please use atoms.calc = calc
  atoms.set_calculator(calculator)

2025-07-12 13:21:03,358 - WARNING - /home/cchen/Hiccup/core/PesExploration/tools/energy_structure_filter.py:97: DeprecationWarning: Please use atoms.calc = calc
  atoms.set_calculator(calculator)

2025-07-12 13:21:03,387 - WARNING - /home/cchen/Hiccup/core/PesExploration/tools/energy_structure_filter.py:97: DeprecationWarning: Please use atoms.calc = calc
  atoms.set_calculator(calculator)

2025-07-12 13:21:03,416 - WARNING - /home/cchen/Hiccup/core/PesExploration/tools/energy_structure_filter.py:97: DeprecationWarning: Please use atoms.calc = calc
  atoms.set_calculator(calculator)

2025-07-12 13:21:03,459 - WARNING - /home/cchen/Hiccup/core/PesExploration/tools/energy_structure_filter.py:97: DeprecationWarning: Please use atoms.calc = calc
  atoms.set_calculator(calculator)

2025-07-12 13:21:03,489 - WARNING - /home/cchen/Hiccup/core/PesExploration/tools/energy_structure_filter.py:97: DeprecationWarning: Please use atoms.calc = calc
  atoms.set_calculator(calculator)

2025-07-12 13:21:03,518 - WARNING - /home/cchen/Hiccup/core/PesExploration/tools/energy_structure_filter.py:97: DeprecationWarning: Please use atoms.calc = calc
  atoms.set_calculator(calculator)

2025-07-12 13:21:03,548 - WARNING - /home/cchen/Hiccup/core/PesExploration/tools/energy_structure_filter.py:97: DeprecationWarning: Please use atoms.calc = calc
  atoms.set_calculator(calculator)

2025-07-12 13:21:03,593 - WARNING - /home/cchen/Hiccup/core/PesExploration/tools/energy_structure_filter.py:97: DeprecationWarning: Please use atoms.calc = calc
  atoms.set_calculator(calculator)

2025-07-12 13:21:03,623 - WARNING - /home/cchen/Hiccup/core/PesExploration/tools/energy_structure_filter.py:97: DeprecationWarning: Please use atoms.calc = calc
  atoms.set_calculator(calculator)

2025-07-12 13:21:03,653 - WARNING - /home/cchen/Hiccup/core/PesExploration/tools/energy_structure_filter.py:97: DeprecationWarning: Please use atoms.calc = calc
  atoms.set_calculator(calculator)

2025-07-12 13:21:03,682 - WARNING - /home/cchen/Hiccup/core/PesExploration/tools/energy_structure_filter.py:97: DeprecationWarning: Please use atoms.calc = calc
  atoms.set_calculator(calculator)

2025-07-12 13:21:03,711 - WARNING - /home/cchen/Hiccup/core/PesExploration/tools/energy_structure_filter.py:97: DeprecationWarning: Please use atoms.calc = calc
  atoms.set_calculator(calculator)

2025-07-12 13:21:03,742 - WARNING - /home/cchen/Hiccup/core/PesExploration/tools/energy_structure_filter.py:97: DeprecationWarning: Please use atoms.calc = calc
  atoms.set_calculator(calculator)

2025-07-12 13:21:03,769 - WARNING - /home/cchen/Hiccup/core/PesExploration/tools/energy_structure_filter.py:97: DeprecationWarning: Please use atoms.calc = calc
  atoms.set_calculator(calculator)

2025-07-12 13:21:03,806 - WARNING - /home/cchen/Hiccup/core/PesExploration/tools/energy_structure_filter.py:97: DeprecationWarning: Please use atoms.calc = calc
  atoms.set_calculator(calculator)

2025-07-12 13:21:03,844 - WARNING - /home/cchen/Hiccup/core/PesExploration/tools/energy_structure_filter.py:97: DeprecationWarning: Please use atoms.calc = calc
  atoms.set_calculator(calculator)

2025-07-12 13:21:03,885 - WARNING - /home/cchen/Hiccup/core/PesExploration/tools/energy_structure_filter.py:97: DeprecationWarning: Please use atoms.calc = calc
  atoms.set_calculator(calculator)

2025-07-12 13:21:03,924 - WARNING - /home/cchen/Hiccup/core/PesExploration/tools/energy_structure_filter.py:97: DeprecationWarning: Please use atoms.calc = calc
  atoms.set_calculator(calculator)

2025-07-12 13:21:03,963 - WARNING - /home/cchen/Hiccup/core/PesExploration/tools/energy_structure_filter.py:97: DeprecationWarning: Please use atoms.calc = calc
  atoms.set_calculator(calculator)

2025-07-12 13:21:04,004 - WARNING - /home/cchen/Hiccup/core/PesExploration/tools/energy_structure_filter.py:97: DeprecationWarning: Please use atoms.calc = calc
  atoms.set_calculator(calculator)

2025-07-12 13:21:04,043 - WARNING - /home/cchen/Hiccup/core/PesExploration/tools/energy_structure_filter.py:97: DeprecationWarning: Please use atoms.calc = calc
  atoms.set_calculator(calculator)

2025-07-12 13:21:04,080 - WARNING - /home/cchen/Hiccup/core/PesExploration/tools/energy_structure_filter.py:97: DeprecationWarning: Please use atoms.calc = calc
  atoms.set_calculator(calculator)

2025-07-12 13:21:04,119 - WARNING - /home/cchen/Hiccup/core/PesExploration/tools/energy_structure_filter.py:97: DeprecationWarning: Please use atoms.calc = calc
  atoms.set_calculator(calculator)

2025-07-12 13:21:04,157 - WARNING - /home/cchen/Hiccup/core/PesExploration/tools/energy_structure_filter.py:97: DeprecationWarning: Please use atoms.calc = calc
  atoms.set_calculator(calculator)

2025-07-12 13:21:04,195 - WARNING - /home/cchen/Hiccup/core/PesExploration/tools/energy_structure_filter.py:97: DeprecationWarning: Please use atoms.calc = calc
  atoms.set_calculator(calculator)

2025-07-12 13:21:04,235 - WARNING - /home/cchen/Hiccup/core/PesExploration/tools/energy_structure_filter.py:97: DeprecationWarning: Please use atoms.calc = calc
  atoms.set_calculator(calculator)

2025-07-12 13:21:04,273 - WARNING - /home/cchen/Hiccup/core/PesExploration/tools/energy_structure_filter.py:97: DeprecationWarning: Please use atoms.calc = calc
  atoms.set_calculator(calculator)

2025-07-12 13:21:04,300 - WARNING - /home/cchen/Hiccup/core/PesExploration/tools/energy_structure_filter.py:97: DeprecationWarning: Please use atoms.calc = calc
  atoms.set_calculator(calculator)

2025-07-12 13:21:04,326 - WARNING - /home/cchen/Hiccup/core/PesExploration/tools/energy_structure_filter.py:97: DeprecationWarning: Please use atoms.calc = calc
  atoms.set_calculator(calculator)

2025-07-12 13:21:04,366 - WARNING - /home/cchen/Hiccup/core/PesExploration/tools/energy_structure_filter.py:97: DeprecationWarning: Please use atoms.calc = calc
  atoms.set_calculator(calculator)

2025-07-12 13:21:04,401 - WARNING - /home/cchen/Hiccup/core/PesExploration/tools/energy_structure_filter.py:97: DeprecationWarning: Please use atoms.calc = calc
  atoms.set_calculator(calculator)

2025-07-12 13:21:04,428 - WARNING - /home/cchen/Hiccup/core/PesExploration/tools/energy_structure_filter.py:97: DeprecationWarning: Please use atoms.calc = calc
  atoms.set_calculator(calculator)

2025-07-12 13:21:04,468 - WARNING - /home/cchen/Hiccup/core/PesExploration/tools/energy_structure_filter.py:97: DeprecationWarning: Please use atoms.calc = calc
  atoms.set_calculator(calculator)

2025-07-12 13:21:04,501 - WARNING - /home/cchen/Hiccup/core/PesExploration/tools/energy_structure_filter.py:97: DeprecationWarning: Please use atoms.calc = calc
  atoms.set_calculator(calculator)

2025-07-12 13:21:04,529 - WARNING - /home/cchen/Hiccup/core/PesExploration/tools/energy_structure_filter.py:97: DeprecationWarning: Please use atoms.calc = calc
  atoms.set_calculator(calculator)

2025-07-12 13:21:04,555 - WARNING - /home/cchen/Hiccup/core/PesExploration/tools/energy_structure_filter.py:97: DeprecationWarning: Please use atoms.calc = calc
  atoms.set_calculator(calculator)

2025-07-12 13:21:04,581 - WARNING - /home/cchen/Hiccup/core/PesExploration/tools/energy_structure_filter.py:97: DeprecationWarning: Please use atoms.calc = calc
  atoms.set_calculator(calculator)

2025-07-12 13:21:04,611 - WARNING - /home/cchen/Hiccup/core/PesExploration/tools/energy_structure_filter.py:97: DeprecationWarning: Please use atoms.calc = calc
  atoms.set_calculator(calculator)

2025-07-12 13:21:04,653 - WARNING - /home/cchen/Hiccup/core/PesExploration/tools/energy_structure_filter.py:97: DeprecationWarning: Please use atoms.calc = calc
  atoms.set_calculator(calculator)

2025-07-12 13:21:04,680 - WARNING - /home/cchen/Hiccup/core/PesExploration/tools/energy_structure_filter.py:97: DeprecationWarning: Please use atoms.calc = calc
  atoms.set_calculator(calculator)

2025-07-12 13:21:04,706 - WARNING - /home/cchen/Hiccup/core/PesExploration/tools/energy_structure_filter.py:97: DeprecationWarning: Please use atoms.calc = calc
  atoms.set_calculator(calculator)

2025-07-12 13:21:04,733 - WARNING - /home/cchen/Hiccup/core/PesExploration/tools/energy_structure_filter.py:97: DeprecationWarning: Please use atoms.calc = calc
  atoms.set_calculator(calculator)

2025-07-12 13:21:04,761 - WARNING - /home/cchen/Hiccup/core/PesExploration/tools/energy_structure_filter.py:97: DeprecationWarning: Please use atoms.calc = calc
  atoms.set_calculator(calculator)

2025-07-12 13:21:04,796 - WARNING - /home/cchen/Hiccup/core/PesExploration/tools/energy_structure_filter.py:97: DeprecationWarning: Please use atoms.calc = calc
  atoms.set_calculator(calculator)

2025-07-12 13:21:04,828 - WARNING - /home/cchen/Hiccup/core/PesExploration/tools/energy_structure_filter.py:97: DeprecationWarning: Please use atoms.calc = calc
  atoms.set_calculator(calculator)

2025-07-12 13:21:04,856 - WARNING - /home/cchen/Hiccup/core/PesExploration/tools/energy_structure_filter.py:97: DeprecationWarning: Please use atoms.calc = calc
  atoms.set_calculator(calculator)

2025-07-12 13:21:04,885 - WARNING - /home/cchen/Hiccup/core/PesExploration/tools/energy_structure_filter.py:97: DeprecationWarning: Please use atoms.calc = calc
  atoms.set_calculator(calculator)

2025-07-12 13:21:04,924 - WARNING - /home/cchen/Hiccup/core/PesExploration/tools/energy_structure_filter.py:97: DeprecationWarning: Please use atoms.calc = calc
  atoms.set_calculator(calculator)

2025-07-12 13:21:04,953 - WARNING - /home/cchen/Hiccup/core/PesExploration/tools/energy_structure_filter.py:97: DeprecationWarning: Please use atoms.calc = calc
  atoms.set_calculator(calculator)

2025-07-12 13:21:04,982 - WARNING - /home/cchen/Hiccup/core/PesExploration/tools/energy_structure_filter.py:97: DeprecationWarning: Please use atoms.calc = calc
  atoms.set_calculator(calculator)

2025-07-12 13:21:05,011 - WARNING - /home/cchen/Hiccup/core/PesExploration/tools/energy_structure_filter.py:97: DeprecationWarning: Please use atoms.calc = calc
  atoms.set_calculator(calculator)

2025-07-12 13:21:05,054 - WARNING - /home/cchen/Hiccup/core/PesExploration/tools/energy_structure_filter.py:97: DeprecationWarning: Please use atoms.calc = calc
  atoms.set_calculator(calculator)

2025-07-12 13:21:05,083 - WARNING - /home/cchen/Hiccup/core/PesExploration/tools/energy_structure_filter.py:97: DeprecationWarning: Please use atoms.calc = calc
  atoms.set_calculator(calculator)

2025-07-12 13:21:05,118 - WARNING - /home/cchen/Hiccup/core/PesExploration/tools/energy_structure_filter.py:97: DeprecationWarning: Please use atoms.calc = calc
  atoms.set_calculator(calculator)

2025-07-12 13:21:05,146 - WARNING - /home/cchen/Hiccup/core/PesExploration/tools/energy_structure_filter.py:97: DeprecationWarning: Please use atoms.calc = calc
  atoms.set_calculator(calculator)

2025-07-12 13:21:05,184 - WARNING - /home/cchen/Hiccup/core/PesExploration/tools/energy_structure_filter.py:97: DeprecationWarning: Please use atoms.calc = calc
  atoms.set_calculator(calculator)

2025-07-12 13:21:05,216 - WARNING - /home/cchen/Hiccup/core/PesExploration/tools/energy_structure_filter.py:97: DeprecationWarning: Please use atoms.calc = calc
  atoms.set_calculator(calculator)

2025-07-12 13:21:05,245 - WARNING - /home/cchen/Hiccup/core/PesExploration/tools/energy_structure_filter.py:97: DeprecationWarning: Please use atoms.calc = calc
  atoms.set_calculator(calculator)

2025-07-12 13:21:05,274 - WARNING - /home/cchen/Hiccup/core/PesExploration/tools/energy_structure_filter.py:97: DeprecationWarning: Please use atoms.calc = calc
  atoms.set_calculator(calculator)

2025-07-12 13:21:05,319 - WARNING - /home/cchen/Hiccup/core/PesExploration/tools/energy_structure_filter.py:97: DeprecationWarning: Please use atoms.calc = calc
  atoms.set_calculator(calculator)

2025-07-12 13:21:05,350 - WARNING - /home/cchen/Hiccup/core/PesExploration/tools/energy_structure_filter.py:97: DeprecationWarning: Please use atoms.calc = calc
  atoms.set_calculator(calculator)

2025-07-12 13:21:05,379 - WARNING - /home/cchen/Hiccup/core/PesExploration/tools/energy_structure_filter.py:97: DeprecationWarning: Please use atoms.calc = calc
  atoms.set_calculator(calculator)

2025-07-12 13:21:05,408 - WARNING - /home/cchen/Hiccup/core/PesExploration/tools/energy_structure_filter.py:97: DeprecationWarning: Please use atoms.calc = calc
  atoms.set_calculator(calculator)

2025-07-12 13:21:05,452 - WARNING - /home/cchen/Hiccup/core/PesExploration/tools/energy_structure_filter.py:97: DeprecationWarning: Please use atoms.calc = calc
  atoms.set_calculator(calculator)

2025-07-12 13:21:05,484 - WARNING - /home/cchen/Hiccup/core/PesExploration/tools/energy_structure_filter.py:97: DeprecationWarning: Please use atoms.calc = calc
  atoms.set_calculator(calculator)

2025-07-12 13:21:05,512 - WARNING - /home/cchen/Hiccup/core/PesExploration/tools/energy_structure_filter.py:97: DeprecationWarning: Please use atoms.calc = calc
  atoms.set_calculator(calculator)

2025-07-12 13:21:05,541 - WARNING - /home/cchen/Hiccup/core/PesExploration/tools/energy_structure_filter.py:97: DeprecationWarning: Please use atoms.calc = calc
  atoms.set_calculator(calculator)

2025-07-12 13:21:05,573 - WARNING - /home/cchen/Hiccup/core/PesExploration/tools/energy_structure_filter.py:97: DeprecationWarning: Please use atoms.calc = calc
  atoms.set_calculator(calculator)

2025-07-12 13:21:05,603 - WARNING - /home/cchen/Hiccup/core/PesExploration/tools/energy_structure_filter.py:97: DeprecationWarning: Please use atoms.calc = calc
  atoms.set_calculator(calculator)

2025-07-12 13:21:05,633 - WARNING - /home/cchen/Hiccup/core/PesExploration/tools/energy_structure_filter.py:97: DeprecationWarning: Please use atoms.calc = calc
  atoms.set_calculator(calculator)

2025-07-12 13:21:05,664 - WARNING - /home/cchen/Hiccup/core/PesExploration/tools/energy_structure_filter.py:97: DeprecationWarning: Please use atoms.calc = calc
  atoms.set_calculator(calculator)

2025-07-12 13:21:05,693 - WARNING - /home/cchen/Hiccup/core/PesExploration/tools/energy_structure_filter.py:97: DeprecationWarning: Please use atoms.calc = calc
  atoms.set_calculator(calculator)

2025-07-12 13:21:05,723 - WARNING - /home/cchen/Hiccup/core/PesExploration/tools/energy_structure_filter.py:97: DeprecationWarning: Please use atoms.calc = calc
  atoms.set_calculator(calculator)

2025-07-12 13:21:05,755 - WARNING - /home/cchen/Hiccup/core/PesExploration/tools/energy_structure_filter.py:97: DeprecationWarning: Please use atoms.calc = calc
  atoms.set_calculator(calculator)

2025-07-12 13:21:05,785 - WARNING - /home/cchen/Hiccup/core/PesExploration/tools/energy_structure_filter.py:97: DeprecationWarning: Please use atoms.calc = calc
  atoms.set_calculator(calculator)

2025-07-12 13:21:05,814 - WARNING - /home/cchen/Hiccup/core/PesExploration/tools/energy_structure_filter.py:97: DeprecationWarning: Please use atoms.calc = calc
  atoms.set_calculator(calculator)

2025-07-12 13:21:05,844 - WARNING - /home/cchen/Hiccup/core/PesExploration/tools/energy_structure_filter.py:97: DeprecationWarning: Please use atoms.calc = calc
  atoms.set_calculator(calculator)

2025-07-12 13:21:05,878 - WARNING - /home/cchen/Hiccup/core/PesExploration/tools/energy_structure_filter.py:97: DeprecationWarning: Please use atoms.calc = calc
  atoms.set_calculator(calculator)

2025-07-12 13:21:05,911 - WARNING - /home/cchen/Hiccup/core/PesExploration/tools/energy_structure_filter.py:97: DeprecationWarning: Please use atoms.calc = calc
  atoms.set_calculator(calculator)

2025-07-12 13:21:05,941 - WARNING - /home/cchen/Hiccup/core/PesExploration/tools/energy_structure_filter.py:97: DeprecationWarning: Please use atoms.calc = calc
  atoms.set_calculator(calculator)

2025-07-12 13:21:05,970 - WARNING - /home/cchen/Hiccup/core/PesExploration/tools/energy_structure_filter.py:97: DeprecationWarning: Please use atoms.calc = calc
  atoms.set_calculator(calculator)

2025-07-12 13:21:06,000 - WARNING - /home/cchen/Hiccup/core/PesExploration/tools/energy_structure_filter.py:97: DeprecationWarning: Please use atoms.calc = calc
  atoms.set_calculator(calculator)

2025-07-12 13:21:06,044 - WARNING - /home/cchen/Hiccup/core/PesExploration/tools/energy_structure_filter.py:97: DeprecationWarning: Please use atoms.calc = calc
  atoms.set_calculator(calculator)

2025-07-12 13:21:06,087 - WARNING - /home/cchen/Hiccup/core/PesExploration/tools/energy_structure_filter.py:97: DeprecationWarning: Please use atoms.calc = calc
  atoms.set_calculator(calculator)

2025-07-12 13:21:06,116 - WARNING - /home/cchen/Hiccup/core/PesExploration/tools/energy_structure_filter.py:97: DeprecationWarning: Please use atoms.calc = calc
  atoms.set_calculator(calculator)

2025-07-12 13:21:06,159 - WARNING - /home/cchen/Hiccup/core/PesExploration/tools/energy_structure_filter.py:97: DeprecationWarning: Please use atoms.calc = calc
  atoms.set_calculator(calculator)

2025-07-12 13:21:06,186 - WARNING - /home/cchen/Hiccup/core/PesExploration/tools/energy_structure_filter.py:97: DeprecationWarning: Please use atoms.calc = calc
  atoms.set_calculator(calculator)

2025-07-12 13:21:06,213 - WARNING - /home/cchen/Hiccup/core/PesExploration/tools/energy_structure_filter.py:97: DeprecationWarning: Please use atoms.calc = calc
  atoms.set_calculator(calculator)

2025-07-12 13:21:06,240 - WARNING - /home/cchen/Hiccup/core/PesExploration/tools/energy_structure_filter.py:97: DeprecationWarning: Please use atoms.calc = calc
  atoms.set_calculator(calculator)

2025-07-12 13:21:06,268 - WARNING - /home/cchen/Hiccup/core/PesExploration/tools/energy_structure_filter.py:97: DeprecationWarning: Please use atoms.calc = calc
  atoms.set_calculator(calculator)

2025-07-12 13:21:06,296 - WARNING - /home/cchen/Hiccup/core/PesExploration/tools/energy_structure_filter.py:97: DeprecationWarning: Please use atoms.calc = calc
  atoms.set_calculator(calculator)

2025-07-12 13:21:06,323 - WARNING - /home/cchen/Hiccup/core/PesExploration/tools/energy_structure_filter.py:97: DeprecationWarning: Please use atoms.calc = calc
  atoms.set_calculator(calculator)

2025-07-12 13:21:06,349 - WARNING - /home/cchen/Hiccup/core/PesExploration/tools/energy_structure_filter.py:97: DeprecationWarning: Please use atoms.calc = calc
  atoms.set_calculator(calculator)

2025-07-12 13:21:06,376 - WARNING - /home/cchen/Hiccup/core/PesExploration/tools/energy_structure_filter.py:97: DeprecationWarning: Please use atoms.calc = calc
  atoms.set_calculator(calculator)

2025-07-12 13:21:06,415 - WARNING - /home/cchen/Hiccup/core/PesExploration/tools/energy_structure_filter.py:97: DeprecationWarning: Please use atoms.calc = calc
  atoms.set_calculator(calculator)

2025-07-12 13:21:06,444 - WARNING - /home/cchen/Hiccup/core/PesExploration/tools/energy_structure_filter.py:97: DeprecationWarning: Please use atoms.calc = calc
  atoms.set_calculator(calculator)

2025-07-12 13:21:06,471 - WARNING - /home/cchen/Hiccup/core/PesExploration/tools/energy_structure_filter.py:97: DeprecationWarning: Please use atoms.calc = calc
  atoms.set_calculator(calculator)

2025-07-12 13:21:06,498 - WARNING - /home/cchen/Hiccup/core/PesExploration/tools/energy_structure_filter.py:97: DeprecationWarning: Please use atoms.calc = calc
  atoms.set_calculator(calculator)

2025-07-12 13:21:06,537 - WARNING - /home/cchen/Hiccup/core/PesExploration/tools/energy_structure_filter.py:97: DeprecationWarning: Please use atoms.calc = calc
  atoms.set_calculator(calculator)

2025-07-12 13:21:06,577 - WARNING - /home/cchen/Hiccup/core/PesExploration/tools/energy_structure_filter.py:97: DeprecationWarning: Please use atoms.calc = calc
  atoms.set_calculator(calculator)

2025-07-12 13:21:06,604 - WARNING - /home/cchen/Hiccup/core/PesExploration/tools/energy_structure_filter.py:97: DeprecationWarning: Please use atoms.calc = calc
  atoms.set_calculator(calculator)

2025-07-12 13:21:06,630 - WARNING - /home/cchen/Hiccup/core/PesExploration/tools/energy_structure_filter.py:97: DeprecationWarning: Please use atoms.calc = calc
  atoms.set_calculator(calculator)

2025-07-12 13:21:06,657 - WARNING - /home/cchen/Hiccup/core/PesExploration/tools/energy_structure_filter.py:97: DeprecationWarning: Please use atoms.calc = calc
  atoms.set_calculator(calculator)

2025-07-12 13:21:06,696 - WARNING - /home/cchen/Hiccup/core/PesExploration/tools/energy_structure_filter.py:97: DeprecationWarning: Please use atoms.calc = calc
  atoms.set_calculator(calculator)

2025-07-12 13:21:06,726 - WARNING - /home/cchen/Hiccup/core/PesExploration/tools/energy_structure_filter.py:97: DeprecationWarning: Please use atoms.calc = calc
  atoms.set_calculator(calculator)

2025-07-12 13:21:06,755 - WARNING - /home/cchen/Hiccup/core/PesExploration/tools/energy_structure_filter.py:97: DeprecationWarning: Please use atoms.calc = calc
  atoms.set_calculator(calculator)

2025-07-12 13:21:06,783 - WARNING - /home/cchen/Hiccup/core/PesExploration/tools/energy_structure_filter.py:97: DeprecationWarning: Please use atoms.calc = calc
  atoms.set_calculator(calculator)

2025-07-12 13:21:06,830 - WARNING - /home/cchen/Hiccup/core/PesExploration/tools/energy_structure_filter.py:97: DeprecationWarning: Please use atoms.calc = calc
  atoms.set_calculator(calculator)

2025-07-12 13:21:06,860 - WARNING - /home/cchen/Hiccup/core/PesExploration/tools/energy_structure_filter.py:97: DeprecationWarning: Please use atoms.calc = calc
  atoms.set_calculator(calculator)

2025-07-12 13:21:06,888 - WARNING - /home/cchen/Hiccup/core/PesExploration/tools/energy_structure_filter.py:97: DeprecationWarning: Please use atoms.calc = calc
  atoms.set_calculator(calculator)

2025-07-12 13:21:06,918 - WARNING - /home/cchen/Hiccup/core/PesExploration/tools/energy_structure_filter.py:97: DeprecationWarning: Please use atoms.calc = calc
  atoms.set_calculator(calculator)

2025-07-12 13:21:06,948 - WARNING - /home/cchen/Hiccup/core/PesExploration/tools/energy_structure_filter.py:97: DeprecationWarning: Please use atoms.calc = calc
  atoms.set_calculator(calculator)

2025-07-12 13:21:06,978 - WARNING - /home/cchen/Hiccup/core/PesExploration/tools/energy_structure_filter.py:97: DeprecationWarning: Please use atoms.calc = calc
  atoms.set_calculator(calculator)

2025-07-12 13:21:07,006 - WARNING - /home/cchen/Hiccup/core/PesExploration/tools/energy_structure_filter.py:97: DeprecationWarning: Please use atoms.calc = calc
  atoms.set_calculator(calculator)

2025-07-12 13:21:07,036 - WARNING - /home/cchen/Hiccup/core/PesExploration/tools/energy_structure_filter.py:97: DeprecationWarning: Please use atoms.calc = calc
  atoms.set_calculator(calculator)

2025-07-12 13:21:07,067 - WARNING - /home/cchen/Hiccup/core/PesExploration/tools/energy_structure_filter.py:97: DeprecationWarning: Please use atoms.calc = calc
  atoms.set_calculator(calculator)

2025-07-12 13:21:07,111 - WARNING - /home/cchen/Hiccup/core/PesExploration/tools/energy_structure_filter.py:97: DeprecationWarning: Please use atoms.calc = calc
  atoms.set_calculator(calculator)

2025-07-12 13:21:07,141 - WARNING - /home/cchen/Hiccup/core/PesExploration/tools/energy_structure_filter.py:97: DeprecationWarning: Please use atoms.calc = calc
  atoms.set_calculator(calculator)

2025-07-12 13:21:07,170 - WARNING - /home/cchen/Hiccup/core/PesExploration/tools/energy_structure_filter.py:97: DeprecationWarning: Please use atoms.calc = calc
  atoms.set_calculator(calculator)

2025-07-12 13:21:07,200 - WARNING - /home/cchen/Hiccup/core/PesExploration/tools/energy_structure_filter.py:97: DeprecationWarning: Please use atoms.calc = calc
  atoms.set_calculator(calculator)

2025-07-12 13:21:07,230 - WARNING - /home/cchen/Hiccup/core/PesExploration/tools/energy_structure_filter.py:97: DeprecationWarning: Please use atoms.calc = calc
  atoms.set_calculator(calculator)

2025-07-12 13:21:07,267 - WARNING - /home/cchen/Hiccup/core/PesExploration/tools/energy_structure_filter.py:97: DeprecationWarning: Please use atoms.calc = calc
  atoms.set_calculator(calculator)

2025-07-12 13:21:07,296 - WARNING - /home/cchen/Hiccup/core/PesExploration/tools/energy_structure_filter.py:97: DeprecationWarning: Please use atoms.calc = calc
  atoms.set_calculator(calculator)

2025-07-12 13:21:07,328 - WARNING - /home/cchen/Hiccup/core/PesExploration/tools/energy_structure_filter.py:97: DeprecationWarning: Please use atoms.calc = calc
  atoms.set_calculator(calculator)

2025-07-12 13:21:07,372 - WARNING - /home/cchen/Hiccup/core/PesExploration/tools/energy_structure_filter.py:97: DeprecationWarning: Please use atoms.calc = calc
  atoms.set_calculator(calculator)

2025-07-12 13:21:07,402 - WARNING - /home/cchen/Hiccup/core/PesExploration/tools/energy_structure_filter.py:97: DeprecationWarning: Please use atoms.calc = calc
  atoms.set_calculator(calculator)

2025-07-12 13:21:07,438 - WARNING - /home/cchen/Hiccup/core/PesExploration/tools/energy_structure_filter.py:97: DeprecationWarning: Please use atoms.calc = calc
  atoms.set_calculator(calculator)

2025-07-12 13:21:07,468 - WARNING - /home/cchen/Hiccup/core/PesExploration/tools/energy_structure_filter.py:97: DeprecationWarning: Please use atoms.calc = calc
  atoms.set_calculator(calculator)

2025-07-12 13:21:07,510 - WARNING - /home/cchen/Hiccup/core/PesExploration/tools/energy_structure_filter.py:97: DeprecationWarning: Please use atoms.calc = calc
  atoms.set_calculator(calculator)

2025-07-12 13:21:07,540 - WARNING - /home/cchen/Hiccup/core/PesExploration/tools/energy_structure_filter.py:97: DeprecationWarning: Please use atoms.calc = calc
  atoms.set_calculator(calculator)

2025-07-12 13:21:07,569 - WARNING - /home/cchen/Hiccup/core/PesExploration/tools/energy_structure_filter.py:97: DeprecationWarning: Please use atoms.calc = calc
  atoms.set_calculator(calculator)

2025-07-12 13:21:07,598 - WARNING - /home/cchen/Hiccup/core/PesExploration/tools/energy_structure_filter.py:97: DeprecationWarning: Please use atoms.calc = calc
  atoms.set_calculator(calculator)

2025-07-12 13:21:07,629 - WARNING - /home/cchen/Hiccup/core/PesExploration/tools/energy_structure_filter.py:97: DeprecationWarning: Please use atoms.calc = calc
  atoms.set_calculator(calculator)

2025-07-12 13:21:07,666 - WARNING - /home/cchen/Hiccup/core/PesExploration/tools/energy_structure_filter.py:97: DeprecationWarning: Please use atoms.calc = calc
  atoms.set_calculator(calculator)

2025-07-12 13:21:07,696 - WARNING - /home/cchen/Hiccup/core/PesExploration/tools/energy_structure_filter.py:97: DeprecationWarning: Please use atoms.calc = calc
  atoms.set_calculator(calculator)

2025-07-12 13:21:07,725 - WARNING - /home/cchen/Hiccup/core/PesExploration/tools/energy_structure_filter.py:97: DeprecationWarning: Please use atoms.calc = calc
  atoms.set_calculator(calculator)

2025-07-12 13:21:07,766 - WARNING - /home/cchen/Hiccup/core/PesExploration/tools/energy_structure_filter.py:97: DeprecationWarning: Please use atoms.calc = calc
  atoms.set_calculator(calculator)

2025-07-12 13:21:07,799 - WARNING - /home/cchen/Hiccup/core/PesExploration/tools/energy_structure_filter.py:97: DeprecationWarning: Please use atoms.calc = calc
  atoms.set_calculator(calculator)

2025-07-12 13:21:07,828 - WARNING - /home/cchen/Hiccup/core/PesExploration/tools/energy_structure_filter.py:97: DeprecationWarning: Please use atoms.calc = calc
  atoms.set_calculator(calculator)

2025-07-12 13:21:07,856 - WARNING - /home/cchen/Hiccup/core/PesExploration/tools/energy_structure_filter.py:97: DeprecationWarning: Please use atoms.calc = calc
  atoms.set_calculator(calculator)

2025-07-12 13:21:07,886 - WARNING - /home/cchen/Hiccup/core/PesExploration/tools/energy_structure_filter.py:97: DeprecationWarning: Please use atoms.calc = calc
  atoms.set_calculator(calculator)

2025-07-12 13:21:07,930 - WARNING - /home/cchen/Hiccup/core/PesExploration/tools/energy_structure_filter.py:97: DeprecationWarning: Please use atoms.calc = calc
  atoms.set_calculator(calculator)

2025-07-12 13:21:07,960 - WARNING - /home/cchen/Hiccup/core/PesExploration/tools/energy_structure_filter.py:97: DeprecationWarning: Please use atoms.calc = calc
  atoms.set_calculator(calculator)

2025-07-12 13:21:07,989 - WARNING - /home/cchen/Hiccup/core/PesExploration/tools/energy_structure_filter.py:97: DeprecationWarning: Please use atoms.calc = calc
  atoms.set_calculator(calculator)

2025-07-12 13:21:08,018 - WARNING - /home/cchen/Hiccup/core/PesExploration/tools/energy_structure_filter.py:97: DeprecationWarning: Please use atoms.calc = calc
  atoms.set_calculator(calculator)

2025-07-12 13:21:08,063 - WARNING - /home/cchen/Hiccup/core/PesExploration/tools/energy_structure_filter.py:97: DeprecationWarning: Please use atoms.calc = calc
  atoms.set_calculator(calculator)

2025-07-12 13:21:08,094 - WARNING - /home/cchen/Hiccup/core/PesExploration/tools/energy_structure_filter.py:97: DeprecationWarning: Please use atoms.calc = calc
  atoms.set_calculator(calculator)

2025-07-12 13:21:08,122 - WARNING - /home/cchen/Hiccup/core/PesExploration/tools/energy_structure_filter.py:97: DeprecationWarning: Please use atoms.calc = calc
  atoms.set_calculator(calculator)

2025-07-12 13:21:08,152 - WARNING - /home/cchen/Hiccup/core/PesExploration/tools/energy_structure_filter.py:97: DeprecationWarning: Please use atoms.calc = calc
  atoms.set_calculator(calculator)

2025-07-12 13:21:08,194 - WARNING - /home/cchen/Hiccup/core/PesExploration/tools/energy_structure_filter.py:97: DeprecationWarning: Please use atoms.calc = calc
  atoms.set_calculator(calculator)

2025-07-12 13:21:08,223 - WARNING - /home/cchen/Hiccup/core/PesExploration/tools/energy_structure_filter.py:97: DeprecationWarning: Please use atoms.calc = calc
  atoms.set_calculator(calculator)

2025-07-12 13:21:08,253 - WARNING - /home/cchen/Hiccup/core/PesExploration/tools/energy_structure_filter.py:97: DeprecationWarning: Please use atoms.calc = calc
  atoms.set_calculator(calculator)

2025-07-12 13:21:08,282 - WARNING - /home/cchen/Hiccup/core/PesExploration/tools/energy_structure_filter.py:97: DeprecationWarning: Please use atoms.calc = calc
  atoms.set_calculator(calculator)

2025-07-12 13:21:08,313 - WARNING - /home/cchen/Hiccup/core/PesExploration/tools/energy_structure_filter.py:97: DeprecationWarning: Please use atoms.calc = calc
  atoms.set_calculator(calculator)

2025-07-12 13:21:08,343 - WARNING - /home/cchen/Hiccup/core/PesExploration/tools/energy_structure_filter.py:97: DeprecationWarning: Please use atoms.calc = calc
  atoms.set_calculator(calculator)

2025-07-12 13:21:08,372 - WARNING - /home/cchen/Hiccup/core/PesExploration/tools/energy_structure_filter.py:97: DeprecationWarning: Please use atoms.calc = calc
  atoms.set_calculator(calculator)

2025-07-12 13:21:08,400 - WARNING - /home/cchen/Hiccup/core/PesExploration/tools/energy_structure_filter.py:97: DeprecationWarning: Please use atoms.calc = calc
  atoms.set_calculator(calculator)

2025-07-12 13:21:08,428 - WARNING - /home/cchen/Hiccup/core/PesExploration/tools/energy_structure_filter.py:97: DeprecationWarning: Please use atoms.calc = calc
  atoms.set_calculator(calculator)

2025-07-12 13:21:08,471 - WARNING - /home/cchen/Hiccup/core/PesExploration/tools/energy_structure_filter.py:97: DeprecationWarning: Please use atoms.calc = calc
  atoms.set_calculator(calculator)

2025-07-12 13:21:08,501 - WARNING - /home/cchen/Hiccup/core/PesExploration/tools/energy_structure_filter.py:97: DeprecationWarning: Please use atoms.calc = calc
  atoms.set_calculator(calculator)

2025-07-12 13:21:08,529 - WARNING - /home/cchen/Hiccup/core/PesExploration/tools/energy_structure_filter.py:97: DeprecationWarning: Please use atoms.calc = calc
  atoms.set_calculator(calculator)

2025-07-12 13:21:08,557 - WARNING - /home/cchen/Hiccup/core/PesExploration/tools/energy_structure_filter.py:97: DeprecationWarning: Please use atoms.calc = calc
  atoms.set_calculator(calculator)

2025-07-12 13:21:08,588 - WARNING - /home/cchen/Hiccup/core/PesExploration/tools/energy_structure_filter.py:97: DeprecationWarning: Please use atoms.calc = calc
  atoms.set_calculator(calculator)

2025-07-12 13:21:08,619 - WARNING - /home/cchen/Hiccup/core/PesExploration/tools/energy_structure_filter.py:97: DeprecationWarning: Please use atoms.calc = calc
  atoms.set_calculator(calculator)

2025-07-12 13:21:08,648 - WARNING - /home/cchen/Hiccup/core/PesExploration/tools/energy_structure_filter.py:97: DeprecationWarning: Please use atoms.calc = calc
  atoms.set_calculator(calculator)

2025-07-12 13:21:08,687 - WARNING - /home/cchen/Hiccup/core/PesExploration/tools/energy_structure_filter.py:97: DeprecationWarning: Please use atoms.calc = calc
  atoms.set_calculator(calculator)

2025-07-12 13:21:08,724 - WARNING - /home/cchen/Hiccup/core/PesExploration/tools/energy_structure_filter.py:97: DeprecationWarning: Please use atoms.calc = calc
  atoms.set_calculator(calculator)

2025-07-12 13:21:08,755 - WARNING - /home/cchen/Hiccup/core/PesExploration/tools/energy_structure_filter.py:97: DeprecationWarning: Please use atoms.calc = calc
  atoms.set_calculator(calculator)

2025-07-12 13:21:08,784 - WARNING - /home/cchen/Hiccup/core/PesExploration/tools/energy_structure_filter.py:97: DeprecationWarning: Please use atoms.calc = calc
  atoms.set_calculator(calculator)

2025-07-12 13:21:08,813 - WARNING - /home/cchen/Hiccup/core/PesExploration/tools/energy_structure_filter.py:97: DeprecationWarning: Please use atoms.calc = calc
  atoms.set_calculator(calculator)

2025-07-12 13:21:08,842 - WARNING - /home/cchen/Hiccup/core/PesExploration/tools/energy_structure_filter.py:97: DeprecationWarning: Please use atoms.calc = calc
  atoms.set_calculator(calculator)

2025-07-12 13:21:08,896 - WARNING - /home/cchen/Hiccup/core/PesExploration/tools/energy_structure_filter.py:97: DeprecationWarning: Please use atoms.calc = calc
  atoms.set_calculator(calculator)

2025-07-12 13:21:08,930 - WARNING - /home/cchen/Hiccup/core/PesExploration/tools/energy_structure_filter.py:97: DeprecationWarning: Please use atoms.calc = calc
  atoms.set_calculator(calculator)

2025-07-12 13:21:08,969 - WARNING - /home/cchen/Hiccup/core/PesExploration/tools/energy_structure_filter.py:97: DeprecationWarning: Please use atoms.calc = calc
  atoms.set_calculator(calculator)

2025-07-12 13:21:09,009 - WARNING - /home/cchen/Hiccup/core/PesExploration/tools/energy_structure_filter.py:97: DeprecationWarning: Please use atoms.calc = calc
  atoms.set_calculator(calculator)

2025-07-12 13:21:09,052 - WARNING - /home/cchen/Hiccup/core/PesExploration/tools/energy_structure_filter.py:97: DeprecationWarning: Please use atoms.calc = calc
  atoms.set_calculator(calculator)

2025-07-12 13:21:09,092 - WARNING - /home/cchen/Hiccup/core/PesExploration/tools/energy_structure_filter.py:97: DeprecationWarning: Please use atoms.calc = calc
  atoms.set_calculator(calculator)

2025-07-12 13:21:09,132 - WARNING - /home/cchen/Hiccup/core/PesExploration/tools/energy_structure_filter.py:97: DeprecationWarning: Please use atoms.calc = calc
  atoms.set_calculator(calculator)

2025-07-12 13:21:09,170 - WARNING - /home/cchen/Hiccup/core/PesExploration/tools/energy_structure_filter.py:97: DeprecationWarning: Please use atoms.calc = calc
  atoms.set_calculator(calculator)

2025-07-12 13:21:09,199 - WARNING - /home/cchen/Hiccup/core/PesExploration/tools/energy_structure_filter.py:97: DeprecationWarning: Please use atoms.calc = calc
  atoms.set_calculator(calculator)

2025-07-12 13:21:09,228 - WARNING - /home/cchen/Hiccup/core/PesExploration/tools/energy_structure_filter.py:97: DeprecationWarning: Please use atoms.calc = calc
  atoms.set_calculator(calculator)

2025-07-12 13:21:09,258 - WARNING - /home/cchen/Hiccup/core/PesExploration/tools/energy_structure_filter.py:97: DeprecationWarning: Please use atoms.calc = calc
  atoms.set_calculator(calculator)

2025-07-12 13:21:09,290 - WARNING - /home/cchen/Hiccup/core/PesExploration/tools/energy_structure_filter.py:97: DeprecationWarning: Please use atoms.calc = calc
  atoms.set_calculator(calculator)

2025-07-12 13:21:09,319 - WARNING - /home/cchen/Hiccup/core/PesExploration/tools/energy_structure_filter.py:97: DeprecationWarning: Please use atoms.calc = calc
  atoms.set_calculator(calculator)

2025-07-12 13:21:09,348 - WARNING - /home/cchen/Hiccup/core/PesExploration/tools/energy_structure_filter.py:97: DeprecationWarning: Please use atoms.calc = calc
  atoms.set_calculator(calculator)

2025-07-12 13:21:09,377 - WARNING - /home/cchen/Hiccup/core/PesExploration/tools/energy_structure_filter.py:97: DeprecationWarning: Please use atoms.calc = calc
  atoms.set_calculator(calculator)

2025-07-12 13:21:09,418 - WARNING - /home/cchen/Hiccup/core/PesExploration/tools/energy_structure_filter.py:97: DeprecationWarning: Please use atoms.calc = calc
  atoms.set_calculator(calculator)

2025-07-12 13:21:09,448 - WARNING - /home/cchen/Hiccup/core/PesExploration/tools/energy_structure_filter.py:97: DeprecationWarning: Please use atoms.calc = calc
  atoms.set_calculator(calculator)

2025-07-12 13:21:09,477 - WARNING - /home/cchen/Hiccup/core/PesExploration/tools/energy_structure_filter.py:97: DeprecationWarning: Please use atoms.calc = calc
  atoms.set_calculator(calculator)

2025-07-12 13:21:09,508 - WARNING - /home/cchen/Hiccup/core/PesExploration/tools/energy_structure_filter.py:97: DeprecationWarning: Please use atoms.calc = calc
  atoms.set_calculator(calculator)

2025-07-12 13:21:09,549 - WARNING - /home/cchen/Hiccup/core/PesExploration/tools/energy_structure_filter.py:97: DeprecationWarning: Please use atoms.calc = calc
  atoms.set_calculator(calculator)

2025-07-12 13:21:09,580 - WARNING - /home/cchen/Hiccup/core/PesExploration/tools/energy_structure_filter.py:97: DeprecationWarning: Please use atoms.calc = calc
  atoms.set_calculator(calculator)

2025-07-12 13:21:09,609 - WARNING - /home/cchen/Hiccup/core/PesExploration/tools/energy_structure_filter.py:97: DeprecationWarning: Please use atoms.calc = calc
  atoms.set_calculator(calculator)

2025-07-12 13:21:09,638 - WARNING - /home/cchen/Hiccup/core/PesExploration/tools/energy_structure_filter.py:97: DeprecationWarning: Please use atoms.calc = calc
  atoms.set_calculator(calculator)

2025-07-12 13:21:09,669 - WARNING - /home/cchen/Hiccup/core/PesExploration/tools/energy_structure_filter.py:97: DeprecationWarning: Please use atoms.calc = calc
  atoms.set_calculator(calculator)

2025-07-12 13:21:09,698 - WARNING - /home/cchen/Hiccup/core/PesExploration/tools/energy_structure_filter.py:97: DeprecationWarning: Please use atoms.calc = calc
  atoms.set_calculator(calculator)

2025-07-12 13:21:09,726 - WARNING - /home/cchen/Hiccup/core/PesExploration/tools/energy_structure_filter.py:97: DeprecationWarning: Please use atoms.calc = calc
  atoms.set_calculator(calculator)

2025-07-12 13:21:09,765 - WARNING - /home/cchen/Hiccup/core/PesExploration/tools/energy_structure_filter.py:97: DeprecationWarning: Please use atoms.calc = calc
  atoms.set_calculator(calculator)

2025-07-12 13:21:09,796 - WARNING - /home/cchen/Hiccup/core/PesExploration/tools/energy_structure_filter.py:97: DeprecationWarning: Please use atoms.calc = calc
  atoms.set_calculator(calculator)

2025-07-12 13:21:09,826 - WARNING - /home/cchen/Hiccup/core/PesExploration/tools/energy_structure_filter.py:97: DeprecationWarning: Please use atoms.calc = calc
  atoms.set_calculator(calculator)

2025-07-12 13:21:09,855 - WARNING - /home/cchen/Hiccup/core/PesExploration/tools/energy_structure_filter.py:97: DeprecationWarning: Please use atoms.calc = calc
  atoms.set_calculator(calculator)

2025-07-12 13:21:09,890 - WARNING - /home/cchen/Hiccup/core/PesExploration/tools/energy_structure_filter.py:97: DeprecationWarning: Please use atoms.calc = calc
  atoms.set_calculator(calculator)

2025-07-12 13:21:09,922 - WARNING - /home/cchen/Hiccup/core/PesExploration/tools/energy_structure_filter.py:97: DeprecationWarning: Please use atoms.calc = calc
  atoms.set_calculator(calculator)

2025-07-12 13:21:09,952 - WARNING - /home/cchen/Hiccup/core/PesExploration/tools/energy_structure_filter.py:97: DeprecationWarning: Please use atoms.calc = calc
  atoms.set_calculator(calculator)

2025-07-12 13:21:09,982 - WARNING - /home/cchen/Hiccup/core/PesExploration/tools/energy_structure_filter.py:97: DeprecationWarning: Please use atoms.calc = calc
  atoms.set_calculator(calculator)

2025-07-12 13:21:10,012 - WARNING - /home/cchen/Hiccup/core/PesExploration/tools/energy_structure_filter.py:97: DeprecationWarning: Please use atoms.calc = calc
  atoms.set_calculator(calculator)

2025-07-12 13:21:10,042 - WARNING - /home/cchen/Hiccup/core/PesExploration/tools/energy_structure_filter.py:97: DeprecationWarning: Please use atoms.calc = calc
  atoms.set_calculator(calculator)

2025-07-12 13:21:10,083 - WARNING - /home/cchen/Hiccup/core/PesExploration/tools/energy_structure_filter.py:97: DeprecationWarning: Please use atoms.calc = calc
  atoms.set_calculator(calculator)

2025-07-12 13:21:10,117 - WARNING - /home/cchen/Hiccup/core/PesExploration/tools/energy_structure_filter.py:97: DeprecationWarning: Please use atoms.calc = calc
  atoms.set_calculator(calculator)

2025-07-12 13:21:10,147 - WARNING - /home/cchen/Hiccup/core/PesExploration/tools/energy_structure_filter.py:97: DeprecationWarning: Please use atoms.calc = calc
  atoms.set_calculator(calculator)

2025-07-12 13:21:10,176 - WARNING - /home/cchen/Hiccup/core/PesExploration/tools/energy_structure_filter.py:97: DeprecationWarning: Please use atoms.calc = calc
  atoms.set_calculator(calculator)

2025-07-12 13:21:10,219 - WARNING - /home/cchen/Hiccup/core/PesExploration/tools/energy_structure_filter.py:97: DeprecationWarning: Please use atoms.calc = calc
  atoms.set_calculator(calculator)

2025-07-12 13:21:10,248 - WARNING - /home/cchen/Hiccup/core/PesExploration/tools/energy_structure_filter.py:97: DeprecationWarning: Please use atoms.calc = calc
  atoms.set_calculator(calculator)

2025-07-12 13:21:10,278 - WARNING - /home/cchen/Hiccup/core/PesExploration/tools/energy_structure_filter.py:97: DeprecationWarning: Please use atoms.calc = calc
  atoms.set_calculator(calculator)

2025-07-12 13:21:10,307 - WARNING - /home/cchen/Hiccup/core/PesExploration/tools/energy_structure_filter.py:97: DeprecationWarning: Please use atoms.calc = calc
  atoms.set_calculator(calculator)

2025-07-12 13:21:10,348 - WARNING - /home/cchen/Hiccup/core/PesExploration/tools/energy_structure_filter.py:97: DeprecationWarning: Please use atoms.calc = calc
  atoms.set_calculator(calculator)

2025-07-12 13:21:10,379 - WARNING - /home/cchen/Hiccup/core/PesExploration/tools/energy_structure_filter.py:97: DeprecationWarning: Please use atoms.calc = calc
  atoms.set_calculator(calculator)

2025-07-12 13:21:10,409 - WARNING - /home/cchen/Hiccup/core/PesExploration/tools/energy_structure_filter.py:97: DeprecationWarning: Please use atoms.calc = calc
  atoms.set_calculator(calculator)

2025-07-12 13:21:10,448 - WARNING - /home/cchen/Hiccup/core/PesExploration/tools/energy_structure_filter.py:97: DeprecationWarning: Please use atoms.calc = calc
  atoms.set_calculator(calculator)

2025-07-12 13:21:10,492 - WARNING - /home/cchen/Hiccup/core/PesExploration/tools/energy_structure_filter.py:97: DeprecationWarning: Please use atoms.calc = calc
  atoms.set_calculator(calculator)

2025-07-12 13:21:10,521 - WARNING - /home/cchen/Hiccup/core/PesExploration/tools/energy_structure_filter.py:97: DeprecationWarning: Please use atoms.calc = calc
  atoms.set_calculator(calculator)

2025-07-12 13:21:10,547 - WARNING - /home/cchen/Hiccup/core/PesExploration/tools/energy_structure_filter.py:97: DeprecationWarning: Please use atoms.calc = calc
  atoms.set_calculator(calculator)

2025-07-12 13:21:10,575 - WARNING - /home/cchen/Hiccup/core/PesExploration/tools/energy_structure_filter.py:97: DeprecationWarning: Please use atoms.calc = calc
  atoms.set_calculator(calculator)

2025-07-12 13:21:10,602 - WARNING - /home/cchen/Hiccup/core/PesExploration/tools/energy_structure_filter.py:97: DeprecationWarning: Please use atoms.calc = calc
  atoms.set_calculator(calculator)

2025-07-12 13:21:10,644 - WARNING - /home/cchen/Hiccup/core/PesExploration/tools/energy_structure_filter.py:97: DeprecationWarning: Please use atoms.calc = calc
  atoms.set_calculator(calculator)

2025-07-12 13:21:10,682 - WARNING - /home/cchen/Hiccup/core/PesExploration/tools/energy_structure_filter.py:97: DeprecationWarning: Please use atoms.calc = calc
  atoms.set_calculator(calculator)

2025-07-12 13:21:10,715 - WARNING - /home/cchen/Hiccup/core/PesExploration/tools/energy_structure_filter.py:97: DeprecationWarning: Please use atoms.calc = calc
  atoms.set_calculator(calculator)

2025-07-12 13:21:10,742 - WARNING - /home/cchen/Hiccup/core/PesExploration/tools/energy_structure_filter.py:97: DeprecationWarning: Please use atoms.calc = calc
  atoms.set_calculator(calculator)

2025-07-12 13:21:10,783 - WARNING - /home/cchen/Hiccup/core/PesExploration/tools/energy_structure_filter.py:97: DeprecationWarning: Please use atoms.calc = calc
  atoms.set_calculator(calculator)

2025-07-12 13:21:10,820 - WARNING - /home/cchen/Hiccup/core/PesExploration/tools/energy_structure_filter.py:97: DeprecationWarning: Please use atoms.calc = calc
  atoms.set_calculator(calculator)

2025-07-12 13:21:10,859 - WARNING - /home/cchen/Hiccup/core/PesExploration/tools/energy_structure_filter.py:97: DeprecationWarning: Please use atoms.calc = calc
  atoms.set_calculator(calculator)

2025-07-12 13:21:10,900 - WARNING - /home/cchen/Hiccup/core/PesExploration/tools/energy_structure_filter.py:97: DeprecationWarning: Please use atoms.calc = calc
  atoms.set_calculator(calculator)

2025-07-12 13:21:10,938 - WARNING - /home/cchen/Hiccup/core/PesExploration/tools/energy_structure_filter.py:97: DeprecationWarning: Please use atoms.calc = calc
  atoms.set_calculator(calculator)

2025-07-12 13:21:10,977 - WARNING - /home/cchen/Hiccup/core/PesExploration/tools/energy_structure_filter.py:97: DeprecationWarning: Please use atoms.calc = calc
  atoms.set_calculator(calculator)

2025-07-12 13:21:11,017 - WARNING - /home/cchen/Hiccup/core/PesExploration/tools/energy_structure_filter.py:97: DeprecationWarning: Please use atoms.calc = calc
  atoms.set_calculator(calculator)

2025-07-12 13:21:11,052 - WARNING - /home/cchen/Hiccup/core/PesExploration/tools/energy_structure_filter.py:97: DeprecationWarning: Please use atoms.calc = calc
  atoms.set_calculator(calculator)

2025-07-12 13:21:11,080 - WARNING - /home/cchen/Hiccup/core/PesExploration/tools/energy_structure_filter.py:97: DeprecationWarning: Please use atoms.calc = calc
  atoms.set_calculator(calculator)

2025-07-12 13:21:11,119 - WARNING - /home/cchen/Hiccup/core/PesExploration/tools/energy_structure_filter.py:97: DeprecationWarning: Please use atoms.calc = calc
  atoms.set_calculator(calculator)

2025-07-12 13:21:11,158 - WARNING - /home/cchen/Hiccup/core/PesExploration/tools/energy_structure_filter.py:97: DeprecationWarning: Please use atoms.calc = calc
  atoms.set_calculator(calculator)

2025-07-12 13:21:11,185 - WARNING - /home/cchen/Hiccup/core/PesExploration/tools/energy_structure_filter.py:97: DeprecationWarning: Please use atoms.calc = calc
  atoms.set_calculator(calculator)

2025-07-12 13:21:11,212 - WARNING - /home/cchen/Hiccup/core/PesExploration/tools/energy_structure_filter.py:97: DeprecationWarning: Please use atoms.calc = calc
  atoms.set_calculator(calculator)

2025-07-12 13:21:11,250 - WARNING - /home/cchen/Hiccup/core/PesExploration/tools/energy_structure_filter.py:97: DeprecationWarning: Please use atoms.calc = calc
  atoms.set_calculator(calculator)

2025-07-12 13:21:11,289 - WARNING - /home/cchen/Hiccup/core/PesExploration/tools/energy_structure_filter.py:97: DeprecationWarning: Please use atoms.calc = calc
  atoms.set_calculator(calculator)

2025-07-12 13:21:11,328 - WARNING - /home/cchen/Hiccup/core/PesExploration/tools/energy_structure_filter.py:97: DeprecationWarning: Please use atoms.calc = calc
  atoms.set_calculator(calculator)

2025-07-12 13:21:11,357 - WARNING - /home/cchen/Hiccup/core/PesExploration/tools/energy_structure_filter.py:97: DeprecationWarning: Please use atoms.calc = calc
  atoms.set_calculator(calculator)

2025-07-12 13:21:11,383 - WARNING - /home/cchen/Hiccup/core/PesExploration/tools/energy_structure_filter.py:97: DeprecationWarning: Please use atoms.calc = calc
  atoms.set_calculator(calculator)

2025-07-12 13:21:11,410 - WARNING - /home/cchen/Hiccup/core/PesExploration/tools/energy_structure_filter.py:97: DeprecationWarning: Please use atoms.calc = calc
  atoms.set_calculator(calculator)

2025-07-12 13:21:11,447 - WARNING - /home/cchen/Hiccup/core/PesExploration/tools/energy_structure_filter.py:97: DeprecationWarning: Please use atoms.calc = calc
  atoms.set_calculator(calculator)

2025-07-12 13:21:11,473 - WARNING - /home/cchen/Hiccup/core/PesExploration/tools/energy_structure_filter.py:97: DeprecationWarning: Please use atoms.calc = calc
  atoms.set_calculator(calculator)

2025-07-12 13:21:11,499 - WARNING - /home/cchen/Hiccup/core/PesExploration/tools/energy_structure_filter.py:97: DeprecationWarning: Please use atoms.calc = calc
  atoms.set_calculator(calculator)

2025-07-12 13:21:11,525 - WARNING - /home/cchen/Hiccup/core/PesExploration/tools/energy_structure_filter.py:97: DeprecationWarning: Please use atoms.calc = calc
  atoms.set_calculator(calculator)

2025-07-12 13:21:11,563 - WARNING - /home/cchen/Hiccup/core/PesExploration/tools/energy_structure_filter.py:97: DeprecationWarning: Please use atoms.calc = calc
  atoms.set_calculator(calculator)

2025-07-12 13:21:11,602 - WARNING - /home/cchen/Hiccup/core/PesExploration/tools/energy_structure_filter.py:97: DeprecationWarning: Please use atoms.calc = calc
  atoms.set_calculator(calculator)

2025-07-12 13:21:11,642 - WARNING - /home/cchen/Hiccup/core/PesExploration/tools/energy_structure_filter.py:97: DeprecationWarning: Please use atoms.calc = calc
  atoms.set_calculator(calculator)

2025-07-12 13:21:11,681 - WARNING - /home/cchen/Hiccup/core/PesExploration/tools/energy_structure_filter.py:97: DeprecationWarning: Please use atoms.calc = calc
  atoms.set_calculator(calculator)

2025-07-12 13:21:11,721 - WARNING - /home/cchen/Hiccup/core/PesExploration/tools/energy_structure_filter.py:97: DeprecationWarning: Please use atoms.calc = calc
  atoms.set_calculator(calculator)

2025-07-12 13:21:11,759 - WARNING - /home/cchen/Hiccup/core/PesExploration/tools/energy_structure_filter.py:97: DeprecationWarning: Please use atoms.calc = calc
  atoms.set_calculator(calculator)

2025-07-12 13:21:11,798 - WARNING - /home/cchen/Hiccup/core/PesExploration/tools/energy_structure_filter.py:97: DeprecationWarning: Please use atoms.calc = calc
  atoms.set_calculator(calculator)

2025-07-12 13:21:11,839 - WARNING - /home/cchen/Hiccup/core/PesExploration/tools/energy_structure_filter.py:97: DeprecationWarning: Please use atoms.calc = calc
  atoms.set_calculator(calculator)

2025-07-12 13:21:11,879 - WARNING - /home/cchen/Hiccup/core/PesExploration/tools/energy_structure_filter.py:97: DeprecationWarning: Please use atoms.calc = calc
  atoms.set_calculator(calculator)

2025-07-12 13:21:11,918 - WARNING - /home/cchen/Hiccup/core/PesExploration/tools/energy_structure_filter.py:97: DeprecationWarning: Please use atoms.calc = calc
  atoms.set_calculator(calculator)

2025-07-12 13:21:11,959 - WARNING - /home/cchen/Hiccup/core/PesExploration/tools/energy_structure_filter.py:97: DeprecationWarning: Please use atoms.calc = calc
  atoms.set_calculator(calculator)

2025-07-12 13:21:12,000 - WARNING - /home/cchen/Hiccup/core/PesExploration/tools/energy_structure_filter.py:97: DeprecationWarning: Please use atoms.calc = calc
  atoms.set_calculator(calculator)

2025-07-12 13:21:12,026 - WARNING - /home/cchen/Hiccup/core/PesExploration/tools/energy_structure_filter.py:97: DeprecationWarning: Please use atoms.calc = calc
  atoms.set_calculator(calculator)

2025-07-12 13:21:12,052 - WARNING - /home/cchen/Hiccup/core/PesExploration/tools/energy_structure_filter.py:97: DeprecationWarning: Please use atoms.calc = calc
  atoms.set_calculator(calculator)

2025-07-12 13:21:12,079 - WARNING - /home/cchen/Hiccup/core/PesExploration/tools/energy_structure_filter.py:97: DeprecationWarning: Please use atoms.calc = calc
  atoms.set_calculator(calculator)

2025-07-12 13:21:12,106 - WARNING - /home/cchen/Hiccup/core/PesExploration/tools/energy_structure_filter.py:97: DeprecationWarning: Please use atoms.calc = calc
  atoms.set_calculator(calculator)

2025-07-12 13:21:12,145 - WARNING - /home/cchen/Hiccup/core/PesExploration/tools/energy_structure_filter.py:97: DeprecationWarning: Please use atoms.calc = calc
  atoms.set_calculator(calculator)

2025-07-12 13:21:12,172 - WARNING - /home/cchen/Hiccup/core/PesExploration/tools/energy_structure_filter.py:97: DeprecationWarning: Please use atoms.calc = calc
  atoms.set_calculator(calculator)

2025-07-12 13:21:12,199 - WARNING - /home/cchen/Hiccup/core/PesExploration/tools/energy_structure_filter.py:97: DeprecationWarning: Please use atoms.calc = calc
  atoms.set_calculator(calculator)

2025-07-12 13:21:12,226 - WARNING - /home/cchen/Hiccup/core/PesExploration/tools/energy_structure_filter.py:97: DeprecationWarning: Please use atoms.calc = calc
  atoms.set_calculator(calculator)

2025-07-12 13:21:12,267 - WARNING - /home/cchen/Hiccup/core/PesExploration/tools/energy_structure_filter.py:97: DeprecationWarning: Please use atoms.calc = calc
  atoms.set_calculator(calculator)

2025-07-12 13:21:12,308 - WARNING - /home/cchen/Hiccup/core/PesExploration/tools/energy_structure_filter.py:97: DeprecationWarning: Please use atoms.calc = calc
  atoms.set_calculator(calculator)

2025-07-12 13:21:12,348 - WARNING - /home/cchen/Hiccup/core/PesExploration/tools/energy_structure_filter.py:97: DeprecationWarning: Please use atoms.calc = calc
  atoms.set_calculator(calculator)

2025-07-12 13:21:12,375 - WARNING - /home/cchen/Hiccup/core/PesExploration/tools/energy_structure_filter.py:97: DeprecationWarning: Please use atoms.calc = calc
  atoms.set_calculator(calculator)

2025-07-12 13:21:12,416 - WARNING - /home/cchen/Hiccup/core/PesExploration/tools/energy_structure_filter.py:97: DeprecationWarning: Please use atoms.calc = calc
  atoms.set_calculator(calculator)

2025-07-12 13:21:12,443 - WARNING - /home/cchen/Hiccup/core/PesExploration/tools/energy_structure_filter.py:97: DeprecationWarning: Please use atoms.calc = calc
  atoms.set_calculator(calculator)

2025-07-12 13:21:12,469 - WARNING - /home/cchen/Hiccup/core/PesExploration/tools/energy_structure_filter.py:97: DeprecationWarning: Please use atoms.calc = calc
  atoms.set_calculator(calculator)

2025-07-12 13:21:12,495 - WARNING - /home/cchen/Hiccup/core/PesExploration/tools/energy_structure_filter.py:97: DeprecationWarning: Please use atoms.calc = calc
  atoms.set_calculator(calculator)

2025-07-12 13:21:12,524 - WARNING - /home/cchen/Hiccup/core/PesExploration/tools/energy_structure_filter.py:97: DeprecationWarning: Please use atoms.calc = calc
  atoms.set_calculator(calculator)

2025-07-12 13:21:12,551 - WARNING - /home/cchen/Hiccup/core/PesExploration/tools/energy_structure_filter.py:97: DeprecationWarning: Please use atoms.calc = calc
  atoms.set_calculator(calculator)

2025-07-12 13:21:12,589 - WARNING - /home/cchen/Hiccup/core/PesExploration/tools/energy_structure_filter.py:97: DeprecationWarning: Please use atoms.calc = calc
  atoms.set_calculator(calculator)

2025-07-12 13:21:12,629 - WARNING - /home/cchen/Hiccup/core/PesExploration/tools/energy_structure_filter.py:97: DeprecationWarning: Please use atoms.calc = calc
  atoms.set_calculator(calculator)

2025-07-12 13:21:12,666 - WARNING - /home/cchen/Hiccup/core/PesExploration/tools/energy_structure_filter.py:97: DeprecationWarning: Please use atoms.calc = calc
  atoms.set_calculator(calculator)

2025-07-12 13:21:12,696 - WARNING - /home/cchen/Hiccup/core/PesExploration/tools/energy_structure_filter.py:97: DeprecationWarning: Please use atoms.calc = calc
  atoms.set_calculator(calculator)

2025-07-12 13:21:12,725 - WARNING - /home/cchen/Hiccup/core/PesExploration/tools/energy_structure_filter.py:97: DeprecationWarning: Please use atoms.calc = calc
  atoms.set_calculator(calculator)

2025-07-12 13:21:12,751 - WARNING - /home/cchen/Hiccup/core/PesExploration/tools/energy_structure_filter.py:97: DeprecationWarning: Please use atoms.calc = calc
  atoms.set_calculator(calculator)

2025-07-12 13:21:12,782 - WARNING - /home/cchen/Hiccup/core/PesExploration/tools/energy_structure_filter.py:97: DeprecationWarning: Please use atoms.calc = calc
  atoms.set_calculator(calculator)

2025-07-12 13:21:12,809 - WARNING - /home/cchen/Hiccup/core/PesExploration/tools/energy_structure_filter.py:97: DeprecationWarning: Please use atoms.calc = calc
  atoms.set_calculator(calculator)

2025-07-12 13:21:12,847 - WARNING - /home/cchen/Hiccup/core/PesExploration/tools/energy_structure_filter.py:97: DeprecationWarning: Please use atoms.calc = calc
  atoms.set_calculator(calculator)

2025-07-12 13:21:12,885 - WARNING - /home/cchen/Hiccup/core/PesExploration/tools/energy_structure_filter.py:97: DeprecationWarning: Please use atoms.calc = calc
  atoms.set_calculator(calculator)

2025-07-12 13:21:12,915 - WARNING - /home/cchen/Hiccup/core/PesExploration/tools/energy_structure_filter.py:97: DeprecationWarning: Please use atoms.calc = calc
  atoms.set_calculator(calculator)

2025-07-12 13:21:12,947 - WARNING - /home/cchen/Hiccup/core/PesExploration/tools/energy_structure_filter.py:97: DeprecationWarning: Please use atoms.calc = calc
  atoms.set_calculator(calculator)

2025-07-12 13:21:12,973 - WARNING - /home/cchen/Hiccup/core/PesExploration/tools/energy_structure_filter.py:97: DeprecationWarning: Please use atoms.calc = calc
  atoms.set_calculator(calculator)

2025-07-12 13:21:13,008 - WARNING - /home/cchen/Hiccup/core/PesExploration/tools/energy_structure_filter.py:97: DeprecationWarning: Please use atoms.calc = calc
  atoms.set_calculator(calculator)

2025-07-12 13:21:13,043 - WARNING - /home/cchen/Hiccup/core/PesExploration/tools/energy_structure_filter.py:97: DeprecationWarning: Please use atoms.calc = calc
  atoms.set_calculator(calculator)

2025-07-12 13:21:13,070 - WARNING - /home/cchen/Hiccup/core/PesExploration/tools/energy_structure_filter.py:97: DeprecationWarning: Please use atoms.calc = calc
  atoms.set_calculator(calculator)

2025-07-12 13:21:13,102 - WARNING - /home/cchen/Hiccup/core/PesExploration/tools/energy_structure_filter.py:97: DeprecationWarning: Please use atoms.calc = calc
  atoms.set_calculator(calculator)

2025-07-12 13:21:13,130 - WARNING - /home/cchen/Hiccup/core/PesExploration/tools/energy_structure_filter.py:97: DeprecationWarning: Please use atoms.calc = calc
  atoms.set_calculator(calculator)

2025-07-12 13:21:13,160 - WARNING - /home/cchen/Hiccup/core/PesExploration/tools/energy_structure_filter.py:97: DeprecationWarning: Please use atoms.calc = calc
  atoms.set_calculator(calculator)

2025-07-12 13:21:13,187 - WARNING - /home/cchen/Hiccup/core/PesExploration/tools/energy_structure_filter.py:97: DeprecationWarning: Please use atoms.calc = calc
  atoms.set_calculator(calculator)

2025-07-12 13:21:13,227 - WARNING - /home/cchen/Hiccup/core/PesExploration/tools/energy_structure_filter.py:97: DeprecationWarning: Please use atoms.calc = calc
  atoms.set_calculator(calculator)

2025-07-12 13:21:13,253 - WARNING - /home/cchen/Hiccup/core/PesExploration/tools/energy_structure_filter.py:97: DeprecationWarning: Please use atoms.calc = calc
  atoms.set_calculator(calculator)

2025-07-12 13:21:13,291 - WARNING - /home/cchen/Hiccup/core/PesExploration/tools/energy_structure_filter.py:97: DeprecationWarning: Please use atoms.calc = calc
  atoms.set_calculator(calculator)

2025-07-12 13:21:13,318 - WARNING - /home/cchen/Hiccup/core/PesExploration/tools/energy_structure_filter.py:97: DeprecationWarning: Please use atoms.calc = calc
  atoms.set_calculator(calculator)

2025-07-12 13:21:13,348 - WARNING - /home/cchen/Hiccup/core/PesExploration/tools/energy_structure_filter.py:97: DeprecationWarning: Please use atoms.calc = calc
  atoms.set_calculator(calculator)

2025-07-12 13:21:13,375 - WARNING - /home/cchen/Hiccup/core/PesExploration/tools/energy_structure_filter.py:97: DeprecationWarning: Please use atoms.calc = calc
  atoms.set_calculator(calculator)

2025-07-12 13:21:13,402 - WARNING - /home/cchen/Hiccup/core/PesExploration/tools/energy_structure_filter.py:97: DeprecationWarning: Please use atoms.calc = calc
  atoms.set_calculator(calculator)

2025-07-12 13:21:13,429 - WARNING - /home/cchen/Hiccup/core/PesExploration/tools/energy_structure_filter.py:97: DeprecationWarning: Please use atoms.calc = calc
  atoms.set_calculator(calculator)

2025-07-12 13:21:13,467 - WARNING - /home/cchen/Hiccup/core/PesExploration/tools/energy_structure_filter.py:97: DeprecationWarning: Please use atoms.calc = calc
  atoms.set_calculator(calculator)

2025-07-12 13:21:13,498 - WARNING - /home/cchen/Hiccup/core/PesExploration/tools/energy_structure_filter.py:97: DeprecationWarning: Please use atoms.calc = calc
  atoms.set_calculator(calculator)

2025-07-12 13:21:13,535 - WARNING - /home/cchen/Hiccup/core/PesExploration/tools/energy_structure_filter.py:97: DeprecationWarning: Please use atoms.calc = calc
  atoms.set_calculator(calculator)

2025-07-12 13:21:13,574 - WARNING - /home/cchen/Hiccup/core/PesExploration/tools/energy_structure_filter.py:97: DeprecationWarning: Please use atoms.calc = calc
  atoms.set_calculator(calculator)

2025-07-12 13:21:13,613 - WARNING - /home/cchen/Hiccup/core/PesExploration/tools/energy_structure_filter.py:97: DeprecationWarning: Please use atoms.calc = calc
  atoms.set_calculator(calculator)

2025-07-12 13:21:13,651 - WARNING - /home/cchen/Hiccup/core/PesExploration/tools/energy_structure_filter.py:97: DeprecationWarning: Please use atoms.calc = calc
  atoms.set_calculator(calculator)

2025-07-12 13:21:13,689 - WARNING - /home/cchen/Hiccup/core/PesExploration/tools/energy_structure_filter.py:97: DeprecationWarning: Please use atoms.calc = calc
  atoms.set_calculator(calculator)

2025-07-12 13:21:13,729 - WARNING - /home/cchen/Hiccup/core/PesExploration/tools/energy_structure_filter.py:97: DeprecationWarning: Please use atoms.calc = calc
  atoms.set_calculator(calculator)

2025-07-12 13:21:13,767 - WARNING - /home/cchen/Hiccup/core/PesExploration/tools/energy_structure_filter.py:97: DeprecationWarning: Please use atoms.calc = calc
  atoms.set_calculator(calculator)

2025-07-12 13:21:13,810 - WARNING - /home/cchen/Hiccup/core/PesExploration/tools/energy_structure_filter.py:97: DeprecationWarning: Please use atoms.calc = calc
  atoms.set_calculator(calculator)

2025-07-12 13:21:13,850 - WARNING - /home/cchen/Hiccup/core/PesExploration/tools/energy_structure_filter.py:97: DeprecationWarning: Please use atoms.calc = calc
  atoms.set_calculator(calculator)

2025-07-12 13:21:13,883 - WARNING - /home/cchen/Hiccup/core/PesExploration/tools/energy_structure_filter.py:97: DeprecationWarning: Please use atoms.calc = calc
  atoms.set_calculator(calculator)

2025-07-12 13:21:13,917 - WARNING - /home/cchen/Hiccup/core/PesExploration/tools/energy_structure_filter.py:97: DeprecationWarning: Please use atoms.calc = calc
  atoms.set_calculator(calculator)

2025-07-12 13:21:13,949 - WARNING - /home/cchen/Hiccup/core/PesExploration/tools/energy_structure_filter.py:97: DeprecationWarning: Please use atoms.calc = calc
  atoms.set_calculator(calculator)

2025-07-12 13:21:13,976 - WARNING - /home/cchen/Hiccup/core/PesExploration/tools/energy_structure_filter.py:97: DeprecationWarning: Please use atoms.calc = calc
  atoms.set_calculator(calculator)

2025-07-12 13:21:14,003 - WARNING - /home/cchen/Hiccup/core/PesExploration/tools/energy_structure_filter.py:97: DeprecationWarning: Please use atoms.calc = calc
  atoms.set_calculator(calculator)

2025-07-12 13:21:14,032 - WARNING - /home/cchen/Hiccup/core/PesExploration/tools/energy_structure_filter.py:97: DeprecationWarning: Please use atoms.calc = calc
  atoms.set_calculator(calculator)

2025-07-12 13:21:14,071 - WARNING - /home/cchen/Hiccup/core/PesExploration/tools/energy_structure_filter.py:97: DeprecationWarning: Please use atoms.calc = calc
  atoms.set_calculator(calculator)

2025-07-12 13:21:14,103 - WARNING - /home/cchen/Hiccup/core/PesExploration/tools/energy_structure_filter.py:97: DeprecationWarning: Please use atoms.calc = calc
  atoms.set_calculator(calculator)

2025-07-12 13:21:14,131 - WARNING - /home/cchen/Hiccup/core/PesExploration/tools/energy_structure_filter.py:97: DeprecationWarning: Please use atoms.calc = calc
  atoms.set_calculator(calculator)

2025-07-12 13:21:14,169 - WARNING - /home/cchen/Hiccup/core/PesExploration/tools/energy_structure_filter.py:97: DeprecationWarning: Please use atoms.calc = calc
  atoms.set_calculator(calculator)

2025-07-12 13:21:14,204 - WARNING - /home/cchen/Hiccup/core/PesExploration/tools/energy_structure_filter.py:97: DeprecationWarning: Please use atoms.calc = calc
  atoms.set_calculator(calculator)

2025-07-12 13:21:14,235 - WARNING - /home/cchen/Hiccup/core/PesExploration/tools/energy_structure_filter.py:97: DeprecationWarning: Please use atoms.calc = calc
  atoms.set_calculator(calculator)

2025-07-12 13:21:14,262 - WARNING - /home/cchen/Hiccup/core/PesExploration/tools/energy_structure_filter.py:97: DeprecationWarning: Please use atoms.calc = calc
  atoms.set_calculator(calculator)

2025-07-12 13:21:14,294 - WARNING - /home/cchen/Hiccup/core/PesExploration/tools/energy_structure_filter.py:97: DeprecationWarning: Please use atoms.calc = calc
  atoms.set_calculator(calculator)

2025-07-12 13:21:14,333 - WARNING - /home/cchen/Hiccup/core/PesExploration/tools/energy_structure_filter.py:97: DeprecationWarning: Please use atoms.calc = calc
  atoms.set_calculator(calculator)

2025-07-12 13:21:14,360 - WARNING - /home/cchen/Hiccup/core/PesExploration/tools/energy_structure_filter.py:97: DeprecationWarning: Please use atoms.calc = calc
  atoms.set_calculator(calculator)

2025-07-12 13:21:14,386 - WARNING - /home/cchen/Hiccup/core/PesExploration/tools/energy_structure_filter.py:97: DeprecationWarning: Please use atoms.calc = calc
  atoms.set_calculator(calculator)

2025-07-12 13:21:14,412 - WARNING - /home/cchen/Hiccup/core/PesExploration/tools/energy_structure_filter.py:97: DeprecationWarning: Please use atoms.calc = calc
  atoms.set_calculator(calculator)

2025-07-12 13:21:14,450 - WARNING - /home/cchen/Hiccup/core/PesExploration/tools/energy_structure_filter.py:97: DeprecationWarning: Please use atoms.calc = calc
  atoms.set_calculator(calculator)

2025-07-12 13:21:14,477 - WARNING - /home/cchen/Hiccup/core/PesExploration/tools/energy_structure_filter.py:97: DeprecationWarning: Please use atoms.calc = calc
  atoms.set_calculator(calculator)

2025-07-12 13:21:14,518 - WARNING - /home/cchen/Hiccup/core/PesExploration/tools/energy_structure_filter.py:97: DeprecationWarning: Please use atoms.calc = calc
  atoms.set_calculator(calculator)

2025-07-12 13:21:14,557 - WARNING - /home/cchen/Hiccup/core/PesExploration/tools/energy_structure_filter.py:97: DeprecationWarning: Please use atoms.calc = calc
  atoms.set_calculator(calculator)

2025-07-12 13:21:14,588 - WARNING - /home/cchen/Hiccup/core/PesExploration/tools/energy_structure_filter.py:97: DeprecationWarning: Please use atoms.calc = calc
  atoms.set_calculator(calculator)

2025-07-12 13:21:14,625 - WARNING - /home/cchen/Hiccup/core/PesExploration/tools/energy_structure_filter.py:97: DeprecationWarning: Please use atoms.calc = calc
  atoms.set_calculator(calculator)

2025-07-12 13:21:14,663 - WARNING - /home/cchen/Hiccup/core/PesExploration/tools/energy_structure_filter.py:97: DeprecationWarning: Please use atoms.calc = calc
  atoms.set_calculator(calculator)

2025-07-12 13:21:14,696 - WARNING - /home/cchen/Hiccup/core/PesExploration/tools/energy_structure_filter.py:97: DeprecationWarning: Please use atoms.calc = calc
  atoms.set_calculator(calculator)

2025-07-12 13:21:14,723 - WARNING - /home/cchen/Hiccup/core/PesExploration/tools/energy_structure_filter.py:97: DeprecationWarning: Please use atoms.calc = calc
  atoms.set_calculator(calculator)

2025-07-12 13:21:14,751 - WARNING - /home/cchen/Hiccup/core/PesExploration/tools/energy_structure_filter.py:97: DeprecationWarning: Please use atoms.calc = calc
  atoms.set_calculator(calculator)

2025-07-12 13:21:14,778 - WARNING - /home/cchen/Hiccup/core/PesExploration/tools/energy_structure_filter.py:97: DeprecationWarning: Please use atoms.calc = calc
  atoms.set_calculator(calculator)

2025-07-12 13:21:14,804 - WARNING - /home/cchen/Hiccup/core/PesExploration/tools/energy_structure_filter.py:97: DeprecationWarning: Please use atoms.calc = calc
  atoms.set_calculator(calculator)

2025-07-12 13:21:14,831 - WARNING - /home/cchen/Hiccup/core/PesExploration/tools/energy_structure_filter.py:97: DeprecationWarning: Please use atoms.calc = calc
  atoms.set_calculator(calculator)

2025-07-12 13:21:14,858 - WARNING - /home/cchen/Hiccup/core/PesExploration/tools/energy_structure_filter.py:97: DeprecationWarning: Please use atoms.calc = calc
  atoms.set_calculator(calculator)

2025-07-12 13:21:14,898 - WARNING - /home/cchen/Hiccup/core/PesExploration/tools/energy_structure_filter.py:97: DeprecationWarning: Please use atoms.calc = calc
  atoms.set_calculator(calculator)

2025-07-12 13:21:14,924 - WARNING - /home/cchen/Hiccup/core/PesExploration/tools/energy_structure_filter.py:97: DeprecationWarning: Please use atoms.calc = calc
  atoms.set_calculator(calculator)

2025-07-12 13:21:14,951 - WARNING - /home/cchen/Hiccup/core/PesExploration/tools/energy_structure_filter.py:97: DeprecationWarning: Please use atoms.calc = calc
  atoms.set_calculator(calculator)

2025-07-12 13:21:14,977 - WARNING - /home/cchen/Hiccup/core/PesExploration/tools/energy_structure_filter.py:97: DeprecationWarning: Please use atoms.calc = calc
  atoms.set_calculator(calculator)

2025-07-12 13:21:15,004 - WARNING - /home/cchen/Hiccup/core/PesExploration/tools/energy_structure_filter.py:97: DeprecationWarning: Please use atoms.calc = calc
  atoms.set_calculator(calculator)

2025-07-12 13:21:15,032 - WARNING - /home/cchen/Hiccup/core/PesExploration/tools/energy_structure_filter.py:97: DeprecationWarning: Please use atoms.calc = calc
  atoms.set_calculator(calculator)

2025-07-12 13:21:15,063 - WARNING - /home/cchen/Hiccup/core/PesExploration/tools/energy_structure_filter.py:97: DeprecationWarning: Please use atoms.calc = calc
  atoms.set_calculator(calculator)

2025-07-12 13:21:15,089 - WARNING - /home/cchen/Hiccup/core/PesExploration/tools/energy_structure_filter.py:97: DeprecationWarning: Please use atoms.calc = calc
  atoms.set_calculator(calculator)

2025-07-12 13:21:15,119 - WARNING - /home/cchen/Hiccup/core/PesExploration/tools/energy_structure_filter.py:97: DeprecationWarning: Please use atoms.calc = calc
  atoms.set_calculator(calculator)

2025-07-12 13:21:15,146 - WARNING - /home/cchen/Hiccup/core/PesExploration/tools/energy_structure_filter.py:97: DeprecationWarning: Please use atoms.calc = calc
  atoms.set_calculator(calculator)

2025-07-12 13:21:15,176 - WARNING - /home/cchen/Hiccup/core/PesExploration/tools/energy_structure_filter.py:97: DeprecationWarning: Please use atoms.calc = calc
  atoms.set_calculator(calculator)

2025-07-12 13:21:15,203 - WARNING - /home/cchen/Hiccup/core/PesExploration/tools/energy_structure_filter.py:97: DeprecationWarning: Please use atoms.calc = calc
  atoms.set_calculator(calculator)

2025-07-12 13:21:15,229 - WARNING - /home/cchen/Hiccup/core/PesExploration/tools/energy_structure_filter.py:97: DeprecationWarning: Please use atoms.calc = calc
  atoms.set_calculator(calculator)

2025-07-12 13:21:15,267 - WARNING - /home/cchen/Hiccup/core/PesExploration/tools/energy_structure_filter.py:97: DeprecationWarning: Please use atoms.calc = calc
  atoms.set_calculator(calculator)

2025-07-12 13:21:15,308 - WARNING - /home/cchen/Hiccup/core/PesExploration/tools/energy_structure_filter.py:97: DeprecationWarning: Please use atoms.calc = calc
  atoms.set_calculator(calculator)

2025-07-12 13:21:15,347 - WARNING - /home/cchen/Hiccup/core/PesExploration/tools/energy_structure_filter.py:97: DeprecationWarning: Please use atoms.calc = calc
  atoms.set_calculator(calculator)

2025-07-12 13:21:15,385 - WARNING - /home/cchen/Hiccup/core/PesExploration/tools/energy_structure_filter.py:97: DeprecationWarning: Please use atoms.calc = calc
  atoms.set_calculator(calculator)

2025-07-12 13:21:15,424 - WARNING - /home/cchen/Hiccup/core/PesExploration/tools/energy_structure_filter.py:97: DeprecationWarning: Please use atoms.calc = calc
  atoms.set_calculator(calculator)

2025-07-12 13:21:15,469 - WARNING - /home/cchen/Hiccup/core/PesExploration/tools/energy_structure_filter.py:97: DeprecationWarning: Please use atoms.calc = calc
  atoms.set_calculator(calculator)

2025-07-12 13:21:15,508 - WARNING - /home/cchen/Hiccup/core/PesExploration/tools/energy_structure_filter.py:97: DeprecationWarning: Please use atoms.calc = calc
  atoms.set_calculator(calculator)

2025-07-12 13:21:15,547 - WARNING - /home/cchen/Hiccup/core/PesExploration/tools/energy_structure_filter.py:97: DeprecationWarning: Please use atoms.calc = calc
  atoms.set_calculator(calculator)

2025-07-12 13:21:15,588 - WARNING - /home/cchen/Hiccup/core/PesExploration/tools/energy_structure_filter.py:97: DeprecationWarning: Please use atoms.calc = calc
  atoms.set_calculator(calculator)

2025-07-12 13:21:15,627 - WARNING - /home/cchen/Hiccup/core/PesExploration/tools/energy_structure_filter.py:97: DeprecationWarning: Please use atoms.calc = calc
  atoms.set_calculator(calculator)

2025-07-12 13:21:15,657 - WARNING - /home/cchen/Hiccup/core/PesExploration/tools/energy_structure_filter.py:97: DeprecationWarning: Please use atoms.calc = calc
  atoms.set_calculator(calculator)

2025-07-12 13:21:15,694 - WARNING - /home/cchen/Hiccup/core/PesExploration/tools/energy_structure_filter.py:97: DeprecationWarning: Please use atoms.calc = calc
  atoms.set_calculator(calculator)

2025-07-12 13:21:15,736 - WARNING - /home/cchen/Hiccup/core/PesExploration/tools/energy_structure_filter.py:97: DeprecationWarning: Please use atoms.calc = calc
  atoms.set_calculator(calculator)

2025-07-12 13:21:15,769 - WARNING - /home/cchen/Hiccup/core/PesExploration/tools/energy_structure_filter.py:97: DeprecationWarning: Please use atoms.calc = calc
  atoms.set_calculator(calculator)

2025-07-12 13:21:15,797 - WARNING - /home/cchen/Hiccup/core/PesExploration/tools/energy_structure_filter.py:97: DeprecationWarning: Please use atoms.calc = calc
  atoms.set_calculator(calculator)

2025-07-12 13:21:15,839 - WARNING - /home/cchen/Hiccup/core/PesExploration/tools/energy_structure_filter.py:97: DeprecationWarning: Please use atoms.calc = calc
  atoms.set_calculator(calculator)

2025-07-12 13:21:15,877 - WARNING - /home/cchen/Hiccup/core/PesExploration/tools/energy_structure_filter.py:97: DeprecationWarning: Please use atoms.calc = calc
  atoms.set_calculator(calculator)

2025-07-12 13:21:15,904 - WARNING - /home/cchen/Hiccup/core/PesExploration/tools/energy_structure_filter.py:97: DeprecationWarning: Please use atoms.calc = calc
  atoms.set_calculator(calculator)

2025-07-12 13:21:15,943 - WARNING - /home/cchen/Hiccup/core/PesExploration/tools/energy_structure_filter.py:97: DeprecationWarning: Please use atoms.calc = calc
  atoms.set_calculator(calculator)

2025-07-12 13:21:15,983 - WARNING - /home/cchen/Hiccup/core/PesExploration/tools/energy_structure_filter.py:97: DeprecationWarning: Please use atoms.calc = calc
  atoms.set_calculator(calculator)

2025-07-12 13:21:16,020 - WARNING - /home/cchen/Hiccup/core/PesExploration/tools/energy_structure_filter.py:97: DeprecationWarning: Please use atoms.calc = calc
  atoms.set_calculator(calculator)

2025-07-12 13:21:16,046 - WARNING - /home/cchen/Hiccup/core/PesExploration/tools/energy_structure_filter.py:97: DeprecationWarning: Please use atoms.calc = calc
  atoms.set_calculator(calculator)

2025-07-12 13:21:16,080 - WARNING - /home/cchen/Hiccup/core/PesExploration/tools/energy_structure_filter.py:97: DeprecationWarning: Please use atoms.calc = calc
  atoms.set_calculator(calculator)

2025-07-12 13:21:16,108 - WARNING - /home/cchen/Hiccup/core/PesExploration/tools/energy_structure_filter.py:97: DeprecationWarning: Please use atoms.calc = calc
  atoms.set_calculator(calculator)

2025-07-12 13:21:16,138 - WARNING - /home/cchen/Hiccup/core/PesExploration/tools/energy_structure_filter.py:97: DeprecationWarning: Please use atoms.calc = calc
  atoms.set_calculator(calculator)

2025-07-12 13:21:16,168 - WARNING - /home/cchen/Hiccup/core/PesExploration/tools/energy_structure_filter.py:97: DeprecationWarning: Please use atoms.calc = calc
  atoms.set_calculator(calculator)

2025-07-12 13:21:16,199 - WARNING - /home/cchen/Hiccup/core/PesExploration/tools/energy_structure_filter.py:97: DeprecationWarning: Please use atoms.calc = calc
  atoms.set_calculator(calculator)

2025-07-12 13:21:16,233 - WARNING - /home/cchen/Hiccup/core/PesExploration/tools/energy_structure_filter.py:97: DeprecationWarning: Please use atoms.calc = calc
  atoms.set_calculator(calculator)

2025-07-12 13:21:16,275 - WARNING - /home/cchen/Hiccup/core/PesExploration/tools/energy_structure_filter.py:97: DeprecationWarning: Please use atoms.calc = calc
  atoms.set_calculator(calculator)

2025-07-12 13:21:16,303 - WARNING - /home/cchen/Hiccup/core/PesExploration/tools/energy_structure_filter.py:97: DeprecationWarning: Please use atoms.calc = calc
  atoms.set_calculator(calculator)

2025-07-12 13:21:16,338 - WARNING - /home/cchen/Hiccup/core/PesExploration/tools/energy_structure_filter.py:97: DeprecationWarning: Please use atoms.calc = calc
  atoms.set_calculator(calculator)

2025-07-12 13:21:16,367 - WARNING - /home/cchen/Hiccup/core/PesExploration/tools/energy_structure_filter.py:97: DeprecationWarning: Please use atoms.calc = calc
  atoms.set_calculator(calculator)

2025-07-12 13:21:16,400 - WARNING - /home/cchen/Hiccup/core/PesExploration/tools/energy_structure_filter.py:97: DeprecationWarning: Please use atoms.calc = calc
  atoms.set_calculator(calculator)

2025-07-12 13:21:16,427 - WARNING - /home/cchen/Hiccup/core/PesExploration/tools/energy_structure_filter.py:97: DeprecationWarning: Please use atoms.calc = calc
  atoms.set_calculator(calculator)

2025-07-12 13:21:16,453 - WARNING - /home/cchen/Hiccup/core/PesExploration/tools/energy_structure_filter.py:97: DeprecationWarning: Please use atoms.calc = calc
  atoms.set_calculator(calculator)

2025-07-12 13:21:16,484 - WARNING - /home/cchen/Hiccup/core/PesExploration/tools/energy_structure_filter.py:97: DeprecationWarning: Please use atoms.calc = calc
  atoms.set_calculator(calculator)

2025-07-12 13:21:16,512 - WARNING - /home/cchen/Hiccup/core/PesExploration/tools/energy_structure_filter.py:97: DeprecationWarning: Please use atoms.calc = calc
  atoms.set_calculator(calculator)

2025-07-12 13:21:16,554 - WARNING - /home/cchen/Hiccup/core/PesExploration/tools/energy_structure_filter.py:97: DeprecationWarning: Please use atoms.calc = calc
  atoms.set_calculator(calculator)

2025-07-12 13:21:16,589 - WARNING - /home/cchen/Hiccup/core/PesExploration/tools/energy_structure_filter.py:97: DeprecationWarning: Please use atoms.calc = calc
  atoms.set_calculator(calculator)

2025-07-12 13:21:16,630 - WARNING - /home/cchen/Hiccup/core/PesExploration/tools/energy_structure_filter.py:97: DeprecationWarning: Please use atoms.calc = calc
  atoms.set_calculator(calculator)

2025-07-12 13:21:16,686 - WARNING - /home/cchen/Hiccup/core/PesExploration/tools/energy_structure_filter.py:97: DeprecationWarning: Please use atoms.calc = calc
  atoms.set_calculator(calculator)

2025-07-12 13:21:16,724 - WARNING - /home/cchen/Hiccup/core/PesExploration/tools/energy_structure_filter.py:97: DeprecationWarning: Please use atoms.calc = calc
  atoms.set_calculator(calculator)

2025-07-12 13:21:16,757 - WARNING - /home/cchen/Hiccup/core/PesExploration/tools/energy_structure_filter.py:97: DeprecationWarning: Please use atoms.calc = calc
  atoms.set_calculator(calculator)

2025-07-12 13:21:16,798 - WARNING - /home/cchen/Hiccup/core/PesExploration/tools/energy_structure_filter.py:97: DeprecationWarning: Please use atoms.calc = calc
  atoms.set_calculator(calculator)

2025-07-12 13:21:16,829 - WARNING - /home/cchen/Hiccup/core/PesExploration/tools/energy_structure_filter.py:97: DeprecationWarning: Please use atoms.calc = calc
  atoms.set_calculator(calculator)

2025-07-12 13:21:16,858 - WARNING - /home/cchen/Hiccup/core/PesExploration/tools/energy_structure_filter.py:97: DeprecationWarning: Please use atoms.calc = calc
  atoms.set_calculator(calculator)

2025-07-12 13:21:16,887 - WARNING - /home/cchen/Hiccup/core/PesExploration/tools/energy_structure_filter.py:97: DeprecationWarning: Please use atoms.calc = calc
  atoms.set_calculator(calculator)

2025-07-12 13:21:16,918 - WARNING - /home/cchen/Hiccup/core/PesExploration/tools/energy_structure_filter.py:97: DeprecationWarning: Please use atoms.calc = calc
  atoms.set_calculator(calculator)

2025-07-12 13:21:16,959 - WARNING - /home/cchen/Hiccup/core/PesExploration/tools/energy_structure_filter.py:97: DeprecationWarning: Please use atoms.calc = calc
  atoms.set_calculator(calculator)

2025-07-12 13:21:16,989 - WARNING - /home/cchen/Hiccup/core/PesExploration/tools/energy_structure_filter.py:97: DeprecationWarning: Please use atoms.calc = calc
  atoms.set_calculator(calculator)

2025-07-12 13:21:17,018 - WARNING - /home/cchen/Hiccup/core/PesExploration/tools/energy_structure_filter.py:97: DeprecationWarning: Please use atoms.calc = calc
  atoms.set_calculator(calculator)

2025-07-12 13:21:17,048 - WARNING - /home/cchen/Hiccup/core/PesExploration/tools/energy_structure_filter.py:97: DeprecationWarning: Please use atoms.calc = calc
  atoms.set_calculator(calculator)

2025-07-12 13:21:17,090 - WARNING - /home/cchen/Hiccup/core/PesExploration/tools/energy_structure_filter.py:97: DeprecationWarning: Please use atoms.calc = calc
  atoms.set_calculator(calculator)

2025-07-12 13:21:17,121 - WARNING - /home/cchen/Hiccup/core/PesExploration/tools/energy_structure_filter.py:97: DeprecationWarning: Please use atoms.calc = calc
  atoms.set_calculator(calculator)

2025-07-12 13:21:17,151 - WARNING - /home/cchen/Hiccup/core/PesExploration/tools/energy_structure_filter.py:97: DeprecationWarning: Please use atoms.calc = calc
  atoms.set_calculator(calculator)

2025-07-12 13:21:17,182 - WARNING - /home/cchen/Hiccup/core/PesExploration/tools/energy_structure_filter.py:97: DeprecationWarning: Please use atoms.calc = calc
  atoms.set_calculator(calculator)

2025-07-12 13:21:17,226 - WARNING - /home/cchen/Hiccup/core/PesExploration/tools/energy_structure_filter.py:97: DeprecationWarning: Please use atoms.calc = calc
  atoms.set_calculator(calculator)

2025-07-12 13:21:17,256 - WARNING - /home/cchen/Hiccup/core/PesExploration/tools/energy_structure_filter.py:97: DeprecationWarning: Please use atoms.calc = calc
  atoms.set_calculator(calculator)

2025-07-12 13:21:17,285 - WARNING - /home/cchen/Hiccup/core/PesExploration/tools/energy_structure_filter.py:97: DeprecationWarning: Please use atoms.calc = calc
  atoms.set_calculator(calculator)

2025-07-12 13:21:17,315 - WARNING - /home/cchen/Hiccup/core/PesExploration/tools/energy_structure_filter.py:97: DeprecationWarning: Please use atoms.calc = calc
  atoms.set_calculator(calculator)

2025-07-12 13:21:17,358 - WARNING - /home/cchen/Hiccup/core/PesExploration/tools/energy_structure_filter.py:97: DeprecationWarning: Please use atoms.calc = calc
  atoms.set_calculator(calculator)

2025-07-12 13:21:17,393 - WARNING - /home/cchen/Hiccup/core/PesExploration/tools/energy_structure_filter.py:97: DeprecationWarning: Please use atoms.calc = calc
  atoms.set_calculator(calculator)

2025-07-12 13:21:17,438 - WARNING - /home/cchen/Hiccup/core/PesExploration/tools/energy_structure_filter.py:97: DeprecationWarning: Please use atoms.calc = calc
  atoms.set_calculator(calculator)

2025-07-12 13:21:17,482 - WARNING - /home/cchen/Hiccup/core/PesExploration/tools/energy_structure_filter.py:97: DeprecationWarning: Please use atoms.calc = calc
  atoms.set_calculator(calculator)

2025-07-12 13:21:17,512 - WARNING - /home/cchen/Hiccup/core/PesExploration/tools/energy_structure_filter.py:97: DeprecationWarning: Please use atoms.calc = calc
  atoms.set_calculator(calculator)

2025-07-12 13:21:17,545 - WARNING - /home/cchen/Hiccup/core/PesExploration/tools/energy_structure_filter.py:97: DeprecationWarning: Please use atoms.calc = calc
  atoms.set_calculator(calculator)

2025-07-12 13:21:17,576 - WARNING - /home/cchen/Hiccup/core/PesExploration/tools/energy_structure_filter.py:97: DeprecationWarning: Please use atoms.calc = calc
  atoms.set_calculator(calculator)

2025-07-12 13:21:17,609 - WARNING - /home/cchen/Hiccup/core/PesExploration/tools/energy_structure_filter.py:97: DeprecationWarning: Please use atoms.calc = calc
  atoms.set_calculator(calculator)

2025-07-12 13:21:17,638 - WARNING - /home/cchen/Hiccup/core/PesExploration/tools/energy_structure_filter.py:97: DeprecationWarning: Please use atoms.calc = calc
  atoms.set_calculator(calculator)

2025-07-12 13:21:17,668 - WARNING - /home/cchen/Hiccup/core/PesExploration/tools/energy_structure_filter.py:97: DeprecationWarning: Please use atoms.calc = calc
  atoms.set_calculator(calculator)

2025-07-12 13:21:17,697 - WARNING - /home/cchen/Hiccup/core/PesExploration/tools/energy_structure_filter.py:97: DeprecationWarning: Please use atoms.calc = calc
  atoms.set_calculator(calculator)

2025-07-12 13:21:17,727 - WARNING - /home/cchen/Hiccup/core/PesExploration/tools/energy_structure_filter.py:97: DeprecationWarning: Please use atoms.calc = calc
  atoms.set_calculator(calculator)

2025-07-12 13:21:17,777 - WARNING - /home/cchen/Hiccup/core/PesExploration/tools/energy_structure_filter.py:97: DeprecationWarning: Please use atoms.calc = calc
  atoms.set_calculator(calculator)

2025-07-12 13:21:17,808 - WARNING - /home/cchen/Hiccup/core/PesExploration/tools/energy_structure_filter.py:97: DeprecationWarning: Please use atoms.calc = calc
  atoms.set_calculator(calculator)

2025-07-12 13:21:17,837 - WARNING - /home/cchen/Hiccup/core/PesExploration/tools/energy_structure_filter.py:97: DeprecationWarning: Please use atoms.calc = calc
  atoms.set_calculator(calculator)

2025-07-12 13:21:17,866 - WARNING - /home/cchen/Hiccup/core/PesExploration/tools/energy_structure_filter.py:97: DeprecationWarning: Please use atoms.calc = calc
  atoms.set_calculator(calculator)

2025-07-12 13:21:17,897 - WARNING - /home/cchen/Hiccup/core/PesExploration/tools/energy_structure_filter.py:97: DeprecationWarning: Please use atoms.calc = calc
  atoms.set_calculator(calculator)

2025-07-12 13:21:17,937 - WARNING - /home/cchen/Hiccup/core/PesExploration/tools/energy_structure_filter.py:97: DeprecationWarning: Please use atoms.calc = calc
  atoms.set_calculator(calculator)

2025-07-12 13:21:17,972 - WARNING - /home/cchen/Hiccup/core/PesExploration/tools/energy_structure_filter.py:97: DeprecationWarning: Please use atoms.calc = calc
  atoms.set_calculator(calculator)

2025-07-12 13:21:18,015 - WARNING - /home/cchen/Hiccup/core/PesExploration/tools/energy_structure_filter.py:97: DeprecationWarning: Please use atoms.calc = calc
  atoms.set_calculator(calculator)

2025-07-12 13:21:18,054 - WARNING - /home/cchen/Hiccup/core/PesExploration/tools/energy_structure_filter.py:97: DeprecationWarning: Please use atoms.calc = calc
  atoms.set_calculator(calculator)

2025-07-12 13:21:18,084 - WARNING - /home/cchen/Hiccup/core/PesExploration/tools/energy_structure_filter.py:97: DeprecationWarning: Please use atoms.calc = calc
  atoms.set_calculator(calculator)

2025-07-12 13:21:18,114 - WARNING - /home/cchen/Hiccup/core/PesExploration/tools/energy_structure_filter.py:97: DeprecationWarning: Please use atoms.calc = calc
  atoms.set_calculator(calculator)

2025-07-12 13:21:18,143 - WARNING - /home/cchen/Hiccup/core/PesExploration/tools/energy_structure_filter.py:97: DeprecationWarning: Please use atoms.calc = calc
  atoms.set_calculator(calculator)

2025-07-12 13:21:18,181 - WARNING - /home/cchen/Hiccup/core/PesExploration/tools/energy_structure_filter.py:97: DeprecationWarning: Please use atoms.calc = calc
  atoms.set_calculator(calculator)

2025-07-12 13:21:18,213 - WARNING - /home/cchen/Hiccup/core/PesExploration/tools/energy_structure_filter.py:97: DeprecationWarning: Please use atoms.calc = calc
  atoms.set_calculator(calculator)

2025-07-12 13:21:18,241 - WARNING - /home/cchen/Hiccup/core/PesExploration/tools/energy_structure_filter.py:97: DeprecationWarning: Please use atoms.calc = calc
  atoms.set_calculator(calculator)

2025-07-12 13:21:18,269 - WARNING - /home/cchen/Hiccup/core/PesExploration/tools/energy_structure_filter.py:97: DeprecationWarning: Please use atoms.calc = calc
  atoms.set_calculator(calculator)

2025-07-12 13:21:18,308 - WARNING - /home/cchen/Hiccup/core/PesExploration/tools/energy_structure_filter.py:97: DeprecationWarning: Please use atoms.calc = calc
  atoms.set_calculator(calculator)

2025-07-12 13:21:18,349 - WARNING - /home/cchen/Hiccup/core/PesExploration/tools/energy_structure_filter.py:97: DeprecationWarning: Please use atoms.calc = calc
  atoms.set_calculator(calculator)

2025-07-12 13:21:18,379 - WARNING - /home/cchen/Hiccup/core/PesExploration/tools/energy_structure_filter.py:97: DeprecationWarning: Please use atoms.calc = calc
  atoms.set_calculator(calculator)

2025-07-12 13:21:18,409 - WARNING - /home/cchen/Hiccup/core/PesExploration/tools/energy_structure_filter.py:97: DeprecationWarning: Please use atoms.calc = calc
  atoms.set_calculator(calculator)

2025-07-12 13:21:18,455 - WARNING - /home/cchen/Hiccup/core/PesExploration/tools/energy_structure_filter.py:97: DeprecationWarning: Please use atoms.calc = calc
  atoms.set_calculator(calculator)

2025-07-12 13:21:18,485 - WARNING - /home/cchen/Hiccup/core/PesExploration/tools/energy_structure_filter.py:97: DeprecationWarning: Please use atoms.calc = calc
  atoms.set_calculator(calculator)

2025-07-12 13:21:18,521 - WARNING - /home/cchen/Hiccup/core/PesExploration/tools/energy_structure_filter.py:97: DeprecationWarning: Please use atoms.calc = calc
  atoms.set_calculator(calculator)

2025-07-12 13:21:18,551 - WARNING - /home/cchen/Hiccup/core/PesExploration/tools/energy_structure_filter.py:97: DeprecationWarning: Please use atoms.calc = calc
  atoms.set_calculator(calculator)

2025-07-12 13:21:18,591 - WARNING - /home/cchen/Hiccup/core/PesExploration/tools/energy_structure_filter.py:97: DeprecationWarning: Please use atoms.calc = calc
  atoms.set_calculator(calculator)

2025-07-12 13:21:18,621 - WARNING - /home/cchen/Hiccup/core/PesExploration/tools/energy_structure_filter.py:97: DeprecationWarning: Please use atoms.calc = calc
  atoms.set_calculator(calculator)

2025-07-12 13:21:18,650 - WARNING - /home/cchen/Hiccup/core/PesExploration/tools/energy_structure_filter.py:97: DeprecationWarning: Please use atoms.calc = calc
  atoms.set_calculator(calculator)

2025-07-12 13:21:18,679 - WARNING - /home/cchen/Hiccup/core/PesExploration/tools/energy_structure_filter.py:97: DeprecationWarning: Please use atoms.calc = calc
  atoms.set_calculator(calculator)

2025-07-12 13:21:18,708 - WARNING - /home/cchen/Hiccup/core/PesExploration/tools/energy_structure_filter.py:97: DeprecationWarning: Please use atoms.calc = calc
  atoms.set_calculator(calculator)

2025-07-12 13:21:18,739 - WARNING - /home/cchen/Hiccup/core/PesExploration/tools/energy_structure_filter.py:97: DeprecationWarning: Please use atoms.calc = calc
  atoms.set_calculator(calculator)

2025-07-12 13:21:18,770 - WARNING - /home/cchen/Hiccup/core/PesExploration/tools/energy_structure_filter.py:97: DeprecationWarning: Please use atoms.calc = calc
  atoms.set_calculator(calculator)

2025-07-12 13:21:18,798 - WARNING - /home/cchen/Hiccup/core/PesExploration/tools/energy_structure_filter.py:97: DeprecationWarning: Please use atoms.calc = calc
  atoms.set_calculator(calculator)

2025-07-12 13:21:18,829 - WARNING - /home/cchen/Hiccup/core/PesExploration/tools/energy_structure_filter.py:97: DeprecationWarning: Please use atoms.calc = calc
  atoms.set_calculator(calculator)

2025-07-12 13:21:18,872 - WARNING - /home/cchen/Hiccup/core/PesExploration/tools/energy_structure_filter.py:97: DeprecationWarning: Please use atoms.calc = calc
  atoms.set_calculator(calculator)

2025-07-12 13:21:18,902 - WARNING - /home/cchen/Hiccup/core/PesExploration/tools/energy_structure_filter.py:97: DeprecationWarning: Please use atoms.calc = calc
  atoms.set_calculator(calculator)

2025-07-12 13:21:18,931 - WARNING - /home/cchen/Hiccup/core/PesExploration/tools/energy_structure_filter.py:97: DeprecationWarning: Please use atoms.calc = calc
  atoms.set_calculator(calculator)

2025-07-12 13:21:18,975 - WARNING - /home/cchen/Hiccup/core/PesExploration/tools/energy_structure_filter.py:97: DeprecationWarning: Please use atoms.calc = calc
  atoms.set_calculator(calculator)

2025-07-12 13:21:19,005 - WARNING - /home/cchen/Hiccup/core/PesExploration/tools/energy_structure_filter.py:97: DeprecationWarning: Please use atoms.calc = calc
  atoms.set_calculator(calculator)

2025-07-12 13:21:19,035 - WARNING - /home/cchen/Hiccup/core/PesExploration/tools/energy_structure_filter.py:97: DeprecationWarning: Please use atoms.calc = calc
  atoms.set_calculator(calculator)

2025-07-12 13:21:19,064 - WARNING - /home/cchen/Hiccup/core/PesExploration/tools/energy_structure_filter.py:97: DeprecationWarning: Please use atoms.calc = calc
  atoms.set_calculator(calculator)

2025-07-12 13:21:19,094 - WARNING - /home/cchen/Hiccup/core/PesExploration/tools/energy_structure_filter.py:97: DeprecationWarning: Please use atoms.calc = calc
  atoms.set_calculator(calculator)

2025-07-12 13:21:19,124 - WARNING - /home/cchen/Hiccup/core/PesExploration/tools/energy_structure_filter.py:97: DeprecationWarning: Please use atoms.calc = calc
  atoms.set_calculator(calculator)

2025-07-12 13:21:19,154 - WARNING - /home/cchen/Hiccup/core/PesExploration/tools/energy_structure_filter.py:97: DeprecationWarning: Please use atoms.calc = calc
  atoms.set_calculator(calculator)

2025-07-12 13:21:19,183 - WARNING - /home/cchen/Hiccup/core/PesExploration/tools/energy_structure_filter.py:97: DeprecationWarning: Please use atoms.calc = calc
  atoms.set_calculator(calculator)

2025-07-12 13:21:19,214 - WARNING - /home/cchen/Hiccup/core/PesExploration/tools/energy_structure_filter.py:97: DeprecationWarning: Please use atoms.calc = calc
  atoms.set_calculator(calculator)

2025-07-12 13:21:19,253 - WARNING - /home/cchen/Hiccup/core/PesExploration/tools/energy_structure_filter.py:97: DeprecationWarning: Please use atoms.calc = calc
  atoms.set_calculator(calculator)

2025-07-12 13:21:19,284 - WARNING - /home/cchen/Hiccup/core/PesExploration/tools/energy_structure_filter.py:97: DeprecationWarning: Please use atoms.calc = calc
  atoms.set_calculator(calculator)

2025-07-12 13:21:19,310 - WARNING - /home/cchen/Hiccup/core/PesExploration/tools/energy_structure_filter.py:97: DeprecationWarning: Please use atoms.calc = calc
  atoms.set_calculator(calculator)

2025-07-12 13:21:19,339 - WARNING - /home/cchen/Hiccup/core/PesExploration/tools/energy_structure_filter.py:97: DeprecationWarning: Please use atoms.calc = calc
  atoms.set_calculator(calculator)

2025-07-12 13:21:19,365 - WARNING - /home/cchen/Hiccup/core/PesExploration/tools/energy_structure_filter.py:97: DeprecationWarning: Please use atoms.calc = calc
  atoms.set_calculator(calculator)

2025-07-12 13:21:19,396 - WARNING - /home/cchen/Hiccup/core/PesExploration/tools/energy_structure_filter.py:97: DeprecationWarning: Please use atoms.calc = calc
  atoms.set_calculator(calculator)

2025-07-12 13:21:19,426 - WARNING - /home/cchen/Hiccup/core/PesExploration/tools/energy_structure_filter.py:97: DeprecationWarning: Please use atoms.calc = calc
  atoms.set_calculator(calculator)

2025-07-12 13:21:19,456 - WARNING - /home/cchen/Hiccup/core/PesExploration/tools/energy_structure_filter.py:97: DeprecationWarning: Please use atoms.calc = calc
  atoms.set_calculator(calculator)

2025-07-12 13:21:19,486 - WARNING - /home/cchen/Hiccup/core/PesExploration/tools/energy_structure_filter.py:97: DeprecationWarning: Please use atoms.calc = calc
  atoms.set_calculator(calculator)

2025-07-12 13:21:19,515 - WARNING - /home/cchen/Hiccup/core/PesExploration/tools/energy_structure_filter.py:97: DeprecationWarning: Please use atoms.calc = calc
  atoms.set_calculator(calculator)

2025-07-12 13:21:19,546 - WARNING - /home/cchen/Hiccup/core/PesExploration/tools/energy_structure_filter.py:97: DeprecationWarning: Please use atoms.calc = calc
  atoms.set_calculator(calculator)

2025-07-12 13:21:19,576 - WARNING - /home/cchen/Hiccup/core/PesExploration/tools/energy_structure_filter.py:97: DeprecationWarning: Please use atoms.calc = calc
  atoms.set_calculator(calculator)

2025-07-12 13:21:19,603 - WARNING - /home/cchen/Hiccup/core/PesExploration/tools/energy_structure_filter.py:97: DeprecationWarning: Please use atoms.calc = calc
  atoms.set_calculator(calculator)

2025-07-12 13:21:19,632 - WARNING - /home/cchen/Hiccup/core/PesExploration/tools/energy_structure_filter.py:97: DeprecationWarning: Please use atoms.calc = calc
  atoms.set_calculator(calculator)

2025-07-12 13:21:19,673 - WARNING - /home/cchen/Hiccup/core/PesExploration/tools/energy_structure_filter.py:97: DeprecationWarning: Please use atoms.calc = calc
  atoms.set_calculator(calculator)

2025-07-12 13:21:19,699 - WARNING - /home/cchen/Hiccup/core/PesExploration/tools/energy_structure_filter.py:97: DeprecationWarning: Please use atoms.calc = calc
  atoms.set_calculator(calculator)

2025-07-12 13:21:19,728 - WARNING - /home/cchen/Hiccup/core/PesExploration/tools/energy_structure_filter.py:97: DeprecationWarning: Please use atoms.calc = calc
  atoms.set_calculator(calculator)

2025-07-12 13:21:19,757 - WARNING - /home/cchen/Hiccup/core/PesExploration/tools/energy_structure_filter.py:97: DeprecationWarning: Please use atoms.calc = calc
  atoms.set_calculator(calculator)

2025-07-12 13:21:19,784 - WARNING - /home/cchen/Hiccup/core/PesExploration/tools/energy_structure_filter.py:97: DeprecationWarning: Please use atoms.calc = calc
  atoms.set_calculator(calculator)

2025-07-12 13:21:19,813 - WARNING - /home/cchen/Hiccup/core/PesExploration/tools/energy_structure_filter.py:97: DeprecationWarning: Please use atoms.calc = calc
  atoms.set_calculator(calculator)

2025-07-12 13:21:19,842 - WARNING - /home/cchen/Hiccup/core/PesExploration/tools/energy_structure_filter.py:97: DeprecationWarning: Please use atoms.calc = calc
  atoms.set_calculator(calculator)

2025-07-12 13:21:19,872 - WARNING - /home/cchen/Hiccup/core/PesExploration/tools/energy_structure_filter.py:97: DeprecationWarning: Please use atoms.calc = calc
  atoms.set_calculator(calculator)

2025-07-12 13:21:19,900 - WARNING - /home/cchen/Hiccup/core/PesExploration/tools/energy_structure_filter.py:97: DeprecationWarning: Please use atoms.calc = calc
  atoms.set_calculator(calculator)

2025-07-12 13:21:19,925 - WARNING - /home/cchen/Hiccup/core/PesExploration/tools/energy_structure_filter.py:97: DeprecationWarning: Please use atoms.calc = calc
  atoms.set_calculator(calculator)

2025-07-12 13:21:19,951 - WARNING - /home/cchen/Hiccup/core/PesExploration/tools/energy_structure_filter.py:97: DeprecationWarning: Please use atoms.calc = calc
  atoms.set_calculator(calculator)

2025-07-12 13:21:19,977 - WARNING - /home/cchen/Hiccup/core/PesExploration/tools/energy_structure_filter.py:97: DeprecationWarning: Please use atoms.calc = calc
  atoms.set_calculator(calculator)

2025-07-12 13:21:20,011 - WARNING - /home/cchen/Hiccup/core/PesExploration/tools/energy_structure_filter.py:97: DeprecationWarning: Please use atoms.calc = calc
  atoms.set_calculator(calculator)

2025-07-12 13:21:20,043 - WARNING - /home/cchen/Hiccup/core/PesExploration/tools/energy_structure_filter.py:97: DeprecationWarning: Please use atoms.calc = calc
  atoms.set_calculator(calculator)

2025-07-12 13:21:20,070 - WARNING - /home/cchen/Hiccup/core/PesExploration/tools/energy_structure_filter.py:97: DeprecationWarning: Please use atoms.calc = calc
  atoms.set_calculator(calculator)

2025-07-12 13:21:20,107 - WARNING - /home/cchen/Hiccup/core/PesExploration/tools/energy_structure_filter.py:97: DeprecationWarning: Please use atoms.calc = calc
  atoms.set_calculator(calculator)

2025-07-12 13:21:20,134 - WARNING - /home/cchen/Hiccup/core/PesExploration/tools/energy_structure_filter.py:97: DeprecationWarning: Please use atoms.calc = calc
  atoms.set_calculator(calculator)

2025-07-12 13:21:20,160 - WARNING - /home/cchen/Hiccup/core/PesExploration/tools/energy_structure_filter.py:97: DeprecationWarning: Please use atoms.calc = calc
  atoms.set_calculator(calculator)

2025-07-12 13:21:20,188 - WARNING - /home/cchen/Hiccup/core/PesExploration/tools/energy_structure_filter.py:97: DeprecationWarning: Please use atoms.calc = calc
  atoms.set_calculator(calculator)

2025-07-12 13:21:20,214 - WARNING - /home/cchen/Hiccup/core/PesExploration/tools/energy_structure_filter.py:97: DeprecationWarning: Please use atoms.calc = calc
  atoms.set_calculator(calculator)

2025-07-12 13:21:20,241 - WARNING - /home/cchen/Hiccup/core/PesExploration/tools/energy_structure_filter.py:97: DeprecationWarning: Please use atoms.calc = calc
  atoms.set_calculator(calculator)

2025-07-12 13:21:20,267 - WARNING - /home/cchen/Hiccup/core/PesExploration/tools/energy_structure_filter.py:97: DeprecationWarning: Please use atoms.calc = calc
  atoms.set_calculator(calculator)

2025-07-12 13:21:20,303 - WARNING - /home/cchen/Hiccup/core/PesExploration/tools/energy_structure_filter.py:97: DeprecationWarning: Please use atoms.calc = calc
  atoms.set_calculator(calculator)

2025-07-12 13:21:20,329 - WARNING - /home/cchen/Hiccup/core/PesExploration/tools/energy_structure_filter.py:97: DeprecationWarning: Please use atoms.calc = calc
  atoms.set_calculator(calculator)

2025-07-12 13:21:20,368 - WARNING - /home/cchen/Hiccup/core/PesExploration/tools/energy_structure_filter.py:97: DeprecationWarning: Please use atoms.calc = calc
  atoms.set_calculator(calculator)

2025-07-12 13:21:20,395 - WARNING - /home/cchen/Hiccup/core/PesExploration/tools/energy_structure_filter.py:97: DeprecationWarning: Please use atoms.calc = calc
  atoms.set_calculator(calculator)

2025-07-12 13:21:20,422 - WARNING - /home/cchen/Hiccup/core/PesExploration/tools/energy_structure_filter.py:97: DeprecationWarning: Please use atoms.calc = calc
  atoms.set_calculator(calculator)

2025-07-12 13:21:20,448 - WARNING - /home/cchen/Hiccup/core/PesExploration/tools/energy_structure_filter.py:97: DeprecationWarning: Please use atoms.calc = calc
  atoms.set_calculator(calculator)

2025-07-12 13:21:20,479 - WARNING - /home/cchen/Hiccup/core/PesExploration/tools/energy_structure_filter.py:97: DeprecationWarning: Please use atoms.calc = calc
  atoms.set_calculator(calculator)

2025-07-12 13:21:20,508 - WARNING - /home/cchen/Hiccup/core/PesExploration/tools/energy_structure_filter.py:97: DeprecationWarning: Please use atoms.calc = calc
  atoms.set_calculator(calculator)

2025-07-12 13:21:20,534 - WARNING - /home/cchen/Hiccup/core/PesExploration/tools/energy_structure_filter.py:97: DeprecationWarning: Please use atoms.calc = calc
  atoms.set_calculator(calculator)

2025-07-12 13:21:20,561 - WARNING - /home/cchen/Hiccup/core/PesExploration/tools/energy_structure_filter.py:97: DeprecationWarning: Please use atoms.calc = calc
  atoms.set_calculator(calculator)

2025-07-12 13:21:20,596 - WARNING - /home/cchen/Hiccup/core/PesExploration/tools/energy_structure_filter.py:97: DeprecationWarning: Please use atoms.calc = calc
  atoms.set_calculator(calculator)

2025-07-12 13:21:20,621 - WARNING - /home/cchen/Hiccup/core/PesExploration/tools/energy_structure_filter.py:97: DeprecationWarning: Please use atoms.calc = calc
  atoms.set_calculator(calculator)

2025-07-12 13:21:20,646 - WARNING - /home/cchen/Hiccup/core/PesExploration/tools/energy_structure_filter.py:97: DeprecationWarning: Please use atoms.calc = calc
  atoms.set_calculator(calculator)

2025-07-12 13:21:20,672 - WARNING - /home/cchen/Hiccup/core/PesExploration/tools/energy_structure_filter.py:97: DeprecationWarning: Please use atoms.calc = calc
  atoms.set_calculator(calculator)

2025-07-12 13:21:20,698 - WARNING - /home/cchen/Hiccup/core/PesExploration/tools/energy_structure_filter.py:97: DeprecationWarning: Please use atoms.calc = calc
  atoms.set_calculator(calculator)

2025-07-12 13:21:20,727 - WARNING - /home/cchen/Hiccup/core/PesExploration/tools/energy_structure_filter.py:97: DeprecationWarning: Please use atoms.calc = calc
  atoms.set_calculator(calculator)

2025-07-12 13:21:20,753 - WARNING - /home/cchen/Hiccup/core/PesExploration/tools/energy_structure_filter.py:97: DeprecationWarning: Please use atoms.calc = calc
  atoms.set_calculator(calculator)

2025-07-12 13:21:20,779 - WARNING - /home/cchen/Hiccup/core/PesExploration/tools/energy_structure_filter.py:97: DeprecationWarning: Please use atoms.calc = calc
  atoms.set_calculator(calculator)

2025-07-12 13:21:20,804 - WARNING - /home/cchen/Hiccup/core/PesExploration/tools/energy_structure_filter.py:97: DeprecationWarning: Please use atoms.calc = calc
  atoms.set_calculator(calculator)

2025-07-12 13:21:20,833 - WARNING - /home/cchen/Hiccup/core/PesExploration/tools/energy_structure_filter.py:97: DeprecationWarning: Please use atoms.calc = calc
  atoms.set_calculator(calculator)

2025-07-12 13:21:20,863 - WARNING - /home/cchen/Hiccup/core/PesExploration/tools/energy_structure_filter.py:97: DeprecationWarning: Please use atoms.calc = calc
  atoms.set_calculator(calculator)

2025-07-12 13:21:20,892 - WARNING - /home/cchen/Hiccup/core/PesExploration/tools/energy_structure_filter.py:97: DeprecationWarning: Please use atoms.calc = calc
  atoms.set_calculator(calculator)

2025-07-12 13:21:20,919 - WARNING - /home/cchen/Hiccup/core/PesExploration/tools/energy_structure_filter.py:97: DeprecationWarning: Please use atoms.calc = calc
  atoms.set_calculator(calculator)

2025-07-12 13:21:20,946 - WARNING - /home/cchen/Hiccup/core/PesExploration/tools/energy_structure_filter.py:97: DeprecationWarning: Please use atoms.calc = calc
  atoms.set_calculator(calculator)

2025-07-12 13:21:20,972 - WARNING - /home/cchen/Hiccup/core/PesExploration/tools/energy_structure_filter.py:97: DeprecationWarning: Please use atoms.calc = calc
  atoms.set_calculator(calculator)

2025-07-12 13:21:20,998 - WARNING - /home/cchen/Hiccup/core/PesExploration/tools/energy_structure_filter.py:97: DeprecationWarning: Please use atoms.calc = calc
  atoms.set_calculator(calculator)

2025-07-12 13:21:21,032 - WARNING - /home/cchen/Hiccup/core/PesExploration/tools/energy_structure_filter.py:97: DeprecationWarning: Please use atoms.calc = calc
  atoms.set_calculator(calculator)

2025-07-12 13:21:21,058 - WARNING - /home/cchen/Hiccup/core/PesExploration/tools/energy_structure_filter.py:97: DeprecationWarning: Please use atoms.calc = calc
  atoms.set_calculator(calculator)

2025-07-12 13:21:21,084 - WARNING - /home/cchen/Hiccup/core/PesExploration/tools/energy_structure_filter.py:97: DeprecationWarning: Please use atoms.calc = calc
  atoms.set_calculator(calculator)

2025-07-12 13:21:21,110 - WARNING - /home/cchen/Hiccup/core/PesExploration/tools/energy_structure_filter.py:97: DeprecationWarning: Please use atoms.calc = calc
  atoms.set_calculator(calculator)

2025-07-12 13:21:21,136 - WARNING - /home/cchen/Hiccup/core/PesExploration/tools/energy_structure_filter.py:97: DeprecationWarning: Please use atoms.calc = calc
  atoms.set_calculator(calculator)

2025-07-12 13:21:21,163 - WARNING - /home/cchen/Hiccup/core/PesExploration/tools/energy_structure_filter.py:97: DeprecationWarning: Please use atoms.calc = calc
  atoms.set_calculator(calculator)

2025-07-12 13:21:21,189 - WARNING - /home/cchen/Hiccup/core/PesExploration/tools/energy_structure_filter.py:97: DeprecationWarning: Please use atoms.calc = calc
  atoms.set_calculator(calculator)

2025-07-12 13:21:21,228 - WARNING - /home/cchen/Hiccup/core/PesExploration/tools/energy_structure_filter.py:97: DeprecationWarning: Please use atoms.calc = calc
  atoms.set_calculator(calculator)

2025-07-12 13:21:21,254 - WARNING - /home/cchen/Hiccup/core/PesExploration/tools/energy_structure_filter.py:97: DeprecationWarning: Please use atoms.calc = calc
  atoms.set_calculator(calculator)

2025-07-12 13:21:21,279 - WARNING - /home/cchen/Hiccup/core/PesExploration/tools/energy_structure_filter.py:97: DeprecationWarning: Please use atoms.calc = calc
  atoms.set_calculator(calculator)

2025-07-12 13:21:21,305 - WARNING - /home/cchen/Hiccup/core/PesExploration/tools/energy_structure_filter.py:97: DeprecationWarning: Please use atoms.calc = calc
  atoms.set_calculator(calculator)

2025-07-12 13:21:21,331 - WARNING - /home/cchen/Hiccup/core/PesExploration/tools/energy_structure_filter.py:97: DeprecationWarning: Please use atoms.calc = calc
  atoms.set_calculator(calculator)

2025-07-12 13:21:21,358 - WARNING - /home/cchen/Hiccup/core/PesExploration/tools/energy_structure_filter.py:97: DeprecationWarning: Please use atoms.calc = calc
  atoms.set_calculator(calculator)

2025-07-12 13:21:21,384 - WARNING - /home/cchen/Hiccup/core/PesExploration/tools/energy_structure_filter.py:97: DeprecationWarning: Please use atoms.calc = calc
  atoms.set_calculator(calculator)

2025-07-12 13:21:21,409 - WARNING - /home/cchen/Hiccup/core/PesExploration/tools/energy_structure_filter.py:97: DeprecationWarning: Please use atoms.calc = calc
  atoms.set_calculator(calculator)

2025-07-12 13:21:21,447 - WARNING - /home/cchen/Hiccup/core/PesExploration/tools/energy_structure_filter.py:97: DeprecationWarning: Please use atoms.calc = calc
  atoms.set_calculator(calculator)

2025-07-12 13:21:21,487 - WARNING - /home/cchen/Hiccup/core/PesExploration/tools/energy_structure_filter.py:97: DeprecationWarning: Please use atoms.calc = calc
  atoms.set_calculator(calculator)

2025-07-12 13:21:21,525 - WARNING - /home/cchen/Hiccup/core/PesExploration/tools/energy_structure_filter.py:97: DeprecationWarning: Please use atoms.calc = calc
  atoms.set_calculator(calculator)

2025-07-12 13:21:21,551 - WARNING - /home/cchen/Hiccup/core/PesExploration/tools/energy_structure_filter.py:97: DeprecationWarning: Please use atoms.calc = calc
  atoms.set_calculator(calculator)

2025-07-12 13:21:21,589 - WARNING - /home/cchen/Hiccup/core/PesExploration/tools/energy_structure_filter.py:97: DeprecationWarning: Please use atoms.calc = calc
  atoms.set_calculator(calculator)

2025-07-12 13:21:21,628 - WARNING - /home/cchen/Hiccup/core/PesExploration/tools/energy_structure_filter.py:97: DeprecationWarning: Please use atoms.calc = calc
  atoms.set_calculator(calculator)

2025-07-12 13:21:21,668 - WARNING - /home/cchen/Hiccup/core/PesExploration/tools/energy_structure_filter.py:97: DeprecationWarning: Please use atoms.calc = calc
  atoms.set_calculator(calculator)

2025-07-12 13:21:21,707 - WARNING - /home/cchen/Hiccup/core/PesExploration/tools/energy_structure_filter.py:97: DeprecationWarning: Please use atoms.calc = calc
  atoms.set_calculator(calculator)

2025-07-12 13:21:21,747 - WARNING - /home/cchen/Hiccup/core/PesExploration/tools/energy_structure_filter.py:97: DeprecationWarning: Please use atoms.calc = calc
  atoms.set_calculator(calculator)

2025-07-12 13:21:21,787 - WARNING - /home/cchen/Hiccup/core/PesExploration/tools/energy_structure_filter.py:97: DeprecationWarning: Please use atoms.calc = calc
  atoms.set_calculator(calculator)

2025-07-12 13:21:21,827 - WARNING - /home/cchen/Hiccup/core/PesExploration/tools/energy_structure_filter.py:97: DeprecationWarning: Please use atoms.calc = calc
  atoms.set_calculator(calculator)

2025-07-12 13:21:21,867 - WARNING - /home/cchen/Hiccup/core/PesExploration/tools/energy_structure_filter.py:97: DeprecationWarning: Please use atoms.calc = calc
  atoms.set_calculator(calculator)

2025-07-12 13:21:21,907 - WARNING - /home/cchen/Hiccup/core/PesExploration/tools/energy_structure_filter.py:97: DeprecationWarning: Please use atoms.calc = calc
  atoms.set_calculator(calculator)

2025-07-12 13:21:21,947 - WARNING - /home/cchen/Hiccup/core/PesExploration/tools/energy_structure_filter.py:97: DeprecationWarning: Please use atoms.calc = calc
  atoms.set_calculator(calculator)

2025-07-12 13:21:21,988 - WARNING - /home/cchen/Hiccup/core/PesExploration/tools/energy_structure_filter.py:97: DeprecationWarning: Please use atoms.calc = calc
  atoms.set_calculator(calculator)

2025-07-12 13:21:22,029 - WARNING - /home/cchen/Hiccup/core/PesExploration/tools/energy_structure_filter.py:97: DeprecationWarning: Please use atoms.calc = calc
  atoms.set_calculator(calculator)

2025-07-12 13:21:22,069 - WARNING - /home/cchen/Hiccup/core/PesExploration/tools/energy_structure_filter.py:97: DeprecationWarning: Please use atoms.calc = calc
  atoms.set_calculator(calculator)

2025-07-12 13:21:22,096 - WARNING - /home/cchen/Hiccup/core/PesExploration/tools/energy_structure_filter.py:97: DeprecationWarning: Please use atoms.calc = calc
  atoms.set_calculator(calculator)

2025-07-12 13:21:22,123 - WARNING - /home/cchen/Hiccup/core/PesExploration/tools/energy_structure_filter.py:97: DeprecationWarning: Please use atoms.calc = calc
  atoms.set_calculator(calculator)

2025-07-12 13:21:22,149 - WARNING - /home/cchen/Hiccup/core/PesExploration/tools/energy_structure_filter.py:97: DeprecationWarning: Please use atoms.calc = calc
  atoms.set_calculator(calculator)

2025-07-12 13:21:22,181 - WARNING - /home/cchen/Hiccup/core/PesExploration/tools/energy_structure_filter.py:97: DeprecationWarning: Please use atoms.calc = calc
  atoms.set_calculator(calculator)

2025-07-12 13:21:22,208 - WARNING - /home/cchen/Hiccup/core/PesExploration/tools/energy_structure_filter.py:97: DeprecationWarning: Please use atoms.calc = calc
  atoms.set_calculator(calculator)

2025-07-12 13:21:22,233 - WARNING - /home/cchen/Hiccup/core/PesExploration/tools/energy_structure_filter.py:97: DeprecationWarning: Please use atoms.calc = calc
  atoms.set_calculator(calculator)

2025-07-12 13:21:22,260 - WARNING - /home/cchen/Hiccup/core/PesExploration/tools/energy_structure_filter.py:97: DeprecationWarning: Please use atoms.calc = calc
  atoms.set_calculator(calculator)

2025-07-12 13:21:22,286 - WARNING - /home/cchen/Hiccup/core/PesExploration/tools/energy_structure_filter.py:97: DeprecationWarning: Please use atoms.calc = calc
  atoms.set_calculator(calculator)

2025-07-12 13:21:22,322 - WARNING - /home/cchen/Hiccup/core/PesExploration/tools/energy_structure_filter.py:97: DeprecationWarning: Please use atoms.calc = calc
  atoms.set_calculator(calculator)

2025-07-12 13:21:22,349 - WARNING - /home/cchen/Hiccup/core/PesExploration/tools/energy_structure_filter.py:97: DeprecationWarning: Please use atoms.calc = calc
  atoms.set_calculator(calculator)

2025-07-12 13:21:22,375 - WARNING - /home/cchen/Hiccup/core/PesExploration/tools/energy_structure_filter.py:97: DeprecationWarning: Please use atoms.calc = calc
  atoms.set_calculator(calculator)

2025-07-12 13:21:22,401 - WARNING - /home/cchen/Hiccup/core/PesExploration/tools/energy_structure_filter.py:97: DeprecationWarning: Please use atoms.calc = calc
  atoms.set_calculator(calculator)

2025-07-12 13:21:22,428 - WARNING - /home/cchen/Hiccup/core/PesExploration/tools/energy_structure_filter.py:97: DeprecationWarning: Please use atoms.calc = calc
  atoms.set_calculator(calculator)

2025-07-12 13:21:22,455 - WARNING - /home/cchen/Hiccup/core/PesExploration/tools/energy_structure_filter.py:97: DeprecationWarning: Please use atoms.calc = calc
  atoms.set_calculator(calculator)

2025-07-12 13:21:22,481 - WARNING - /home/cchen/Hiccup/core/PesExploration/tools/energy_structure_filter.py:97: DeprecationWarning: Please use atoms.calc = calc
  atoms.set_calculator(calculator)

2025-07-12 13:21:22,508 - WARNING - /home/cchen/Hiccup/core/PesExploration/tools/energy_structure_filter.py:97: DeprecationWarning: Please use atoms.calc = calc
  atoms.set_calculator(calculator)

2025-07-12 13:21:22,534 - WARNING - /home/cchen/Hiccup/core/PesExploration/tools/energy_structure_filter.py:97: DeprecationWarning: Please use atoms.calc = calc
  atoms.set_calculator(calculator)

2025-07-12 13:21:22,560 - WARNING - /home/cchen/Hiccup/core/PesExploration/tools/energy_structure_filter.py:97: DeprecationWarning: Please use atoms.calc = calc
  atoms.set_calculator(calculator)

2025-07-12 13:21:22,586 - WARNING - /home/cchen/Hiccup/core/PesExploration/tools/energy_structure_filter.py:97: DeprecationWarning: Please use atoms.calc = calc
  atoms.set_calculator(calculator)

2025-07-12 13:21:22,612 - WARNING - /home/cchen/Hiccup/core/PesExploration/tools/energy_structure_filter.py:97: DeprecationWarning: Please use atoms.calc = calc
  atoms.set_calculator(calculator)

2025-07-12 13:21:22,638 - WARNING - /home/cchen/Hiccup/core/PesExploration/tools/energy_structure_filter.py:97: DeprecationWarning: Please use atoms.calc = calc
  atoms.set_calculator(calculator)

2025-07-12 13:21:22,677 - WARNING - /home/cchen/Hiccup/core/PesExploration/tools/energy_structure_filter.py:97: DeprecationWarning: Please use atoms.calc = calc
  atoms.set_calculator(calculator)

2025-07-12 13:21:22,705 - WARNING - /home/cchen/Hiccup/core/PesExploration/tools/energy_structure_filter.py:97: DeprecationWarning: Please use atoms.calc = calc
  atoms.set_calculator(calculator)

2025-07-12 13:21:22,733 - WARNING - /home/cchen/Hiccup/core/PesExploration/tools/energy_structure_filter.py:97: DeprecationWarning: Please use atoms.calc = calc
  atoms.set_calculator(calculator)

2025-07-12 13:21:22,759 - WARNING - /home/cchen/Hiccup/core/PesExploration/tools/energy_structure_filter.py:97: DeprecationWarning: Please use atoms.calc = calc
  atoms.set_calculator(calculator)

2025-07-12 13:21:22,786 - WARNING - /home/cchen/Hiccup/core/PesExploration/tools/energy_structure_filter.py:97: DeprecationWarning: Please use atoms.calc = calc
  atoms.set_calculator(calculator)

2025-07-12 13:21:22,822 - WARNING - /home/cchen/Hiccup/core/PesExploration/tools/energy_structure_filter.py:97: DeprecationWarning: Please use atoms.calc = calc
  atoms.set_calculator(calculator)

2025-07-12 13:21:22,849 - WARNING - /home/cchen/Hiccup/core/PesExploration/tools/energy_structure_filter.py:97: DeprecationWarning: Please use atoms.calc = calc
  atoms.set_calculator(calculator)

2025-07-12 13:21:22,877 - WARNING - /home/cchen/Hiccup/core/PesExploration/tools/energy_structure_filter.py:97: DeprecationWarning: Please use atoms.calc = calc
  atoms.set_calculator(calculator)

2025-07-12 13:21:22,903 - WARNING - /home/cchen/Hiccup/core/PesExploration/tools/energy_structure_filter.py:97: DeprecationWarning: Please use atoms.calc = calc
  atoms.set_calculator(calculator)

2025-07-12 13:21:22,929 - WARNING - /home/cchen/Hiccup/core/PesExploration/tools/energy_structure_filter.py:97: DeprecationWarning: Please use atoms.calc = calc
  atoms.set_calculator(calculator)

2025-07-12 13:21:22,960 - WARNING - /home/cchen/Hiccup/core/PesExploration/tools/energy_structure_filter.py:97: DeprecationWarning: Please use atoms.calc = calc
  atoms.set_calculator(calculator)

2025-07-12 13:21:22,988 - WARNING - /home/cchen/Hiccup/core/PesExploration/tools/energy_structure_filter.py:97: DeprecationWarning: Please use atoms.calc = calc
  atoms.set_calculator(calculator)

2025-07-12 13:21:23,014 - WARNING - /home/cchen/Hiccup/core/PesExploration/tools/energy_structure_filter.py:97: DeprecationWarning: Please use atoms.calc = calc
  atoms.set_calculator(calculator)

2025-07-12 13:21:23,041 - WARNING - /home/cchen/Hiccup/core/PesExploration/tools/energy_structure_filter.py:97: DeprecationWarning: Please use atoms.calc = calc
  atoms.set_calculator(calculator)

2025-07-12 13:21:23,080 - WARNING - /home/cchen/Hiccup/core/PesExploration/tools/energy_structure_filter.py:97: DeprecationWarning: Please use atoms.calc = calc
  atoms.set_calculator(calculator)

2025-07-12 13:21:23,107 - WARNING - /home/cchen/Hiccup/core/PesExploration/tools/energy_structure_filter.py:97: DeprecationWarning: Please use atoms.calc = calc
  atoms.set_calculator(calculator)

2025-07-12 13:21:23,134 - WARNING - /home/cchen/Hiccup/core/PesExploration/tools/energy_structure_filter.py:97: DeprecationWarning: Please use atoms.calc = calc
  atoms.set_calculator(calculator)

2025-07-12 13:21:23,160 - WARNING - /home/cchen/Hiccup/core/PesExploration/tools/energy_structure_filter.py:97: DeprecationWarning: Please use atoms.calc = calc
  atoms.set_calculator(calculator)

2025-07-12 13:21:23,186 - WARNING - /home/cchen/Hiccup/core/PesExploration/tools/energy_structure_filter.py:97: DeprecationWarning: Please use atoms.calc = calc
  atoms.set_calculator(calculator)

2025-07-12 13:21:23,221 - WARNING - /home/cchen/Hiccup/core/PesExploration/tools/energy_structure_filter.py:97: DeprecationWarning: Please use atoms.calc = calc
  atoms.set_calculator(calculator)

2025-07-12 13:21:23,248 - WARNING - /home/cchen/Hiccup/core/PesExploration/tools/energy_structure_filter.py:97: DeprecationWarning: Please use atoms.calc = calc
  atoms.set_calculator(calculator)

2025-07-12 13:21:23,274 - WARNING - /home/cchen/Hiccup/core/PesExploration/tools/energy_structure_filter.py:97: DeprecationWarning: Please use atoms.calc = calc
  atoms.set_calculator(calculator)

2025-07-12 13:21:23,300 - WARNING - /home/cchen/Hiccup/core/PesExploration/tools/energy_structure_filter.py:97: DeprecationWarning: Please use atoms.calc = calc
  atoms.set_calculator(calculator)

2025-07-12 13:21:23,341 - WARNING - /home/cchen/Hiccup/core/PesExploration/tools/energy_structure_filter.py:97: DeprecationWarning: Please use atoms.calc = calc
  atoms.set_calculator(calculator)

2025-07-12 13:21:23,368 - WARNING - /home/cchen/Hiccup/core/PesExploration/tools/energy_structure_filter.py:97: DeprecationWarning: Please use atoms.calc = calc
  atoms.set_calculator(calculator)

2025-07-12 13:21:23,394 - WARNING - /home/cchen/Hiccup/core/PesExploration/tools/energy_structure_filter.py:97: DeprecationWarning: Please use atoms.calc = calc
  atoms.set_calculator(calculator)

2025-07-12 13:21:23,421 - WARNING - /home/cchen/Hiccup/core/PesExploration/tools/energy_structure_filter.py:97: DeprecationWarning: Please use atoms.calc = calc
  atoms.set_calculator(calculator)

2025-07-12 13:21:23,458 - WARNING - /home/cchen/Hiccup/core/PesExploration/tools/energy_structure_filter.py:97: DeprecationWarning: Please use atoms.calc = calc
  atoms.set_calculator(calculator)

2025-07-12 13:21:23,488 - WARNING - /home/cchen/Hiccup/core/PesExploration/tools/energy_structure_filter.py:97: DeprecationWarning: Please use atoms.calc = calc
  atoms.set_calculator(calculator)

2025-07-12 13:21:23,518 - WARNING - /home/cchen/Hiccup/core/PesExploration/tools/energy_structure_filter.py:97: DeprecationWarning: Please use atoms.calc = calc
  atoms.set_calculator(calculator)

2025-07-12 13:21:23,545 - WARNING - /home/cchen/Hiccup/core/PesExploration/tools/energy_structure_filter.py:97: DeprecationWarning: Please use atoms.calc = calc
  atoms.set_calculator(calculator)

2025-07-12 13:21:23,576 - WARNING - /home/cchen/Hiccup/core/PesExploration/tools/energy_structure_filter.py:97: DeprecationWarning: Please use atoms.calc = calc
  atoms.set_calculator(calculator)

2025-07-12 13:21:23,603 - WARNING - /home/cchen/Hiccup/core/PesExploration/tools/energy_structure_filter.py:97: DeprecationWarning: Please use atoms.calc = calc
  atoms.set_calculator(calculator)

2025-07-12 13:21:23,630 - WARNING - /home/cchen/Hiccup/core/PesExploration/tools/energy_structure_filter.py:97: DeprecationWarning: Please use atoms.calc = calc
  atoms.set_calculator(calculator)

2025-07-12 13:21:23,658 - WARNING - /home/cchen/Hiccup/core/PesExploration/tools/energy_structure_filter.py:97: DeprecationWarning: Please use atoms.calc = calc
  atoms.set_calculator(calculator)

2025-07-12 13:21:23,698 - WARNING - /home/cchen/Hiccup/core/PesExploration/tools/energy_structure_filter.py:97: DeprecationWarning: Please use atoms.calc = calc
  atoms.set_calculator(calculator)

2025-07-12 13:21:23,736 - WARNING - /home/cchen/Hiccup/core/PesExploration/tools/energy_structure_filter.py:97: DeprecationWarning: Please use atoms.calc = calc
  atoms.set_calculator(calculator)

2025-07-12 13:21:23,771 - WARNING - /home/cchen/Hiccup/core/PesExploration/tools/energy_structure_filter.py:97: DeprecationWarning: Please use atoms.calc = calc
  atoms.set_calculator(calculator)

2025-07-12 13:21:23,799 - WARNING - /home/cchen/Hiccup/core/PesExploration/tools/energy_structure_filter.py:97: DeprecationWarning: Please use atoms.calc = calc
  atoms.set_calculator(calculator)

2025-07-12 13:21:23,827 - WARNING - /home/cchen/Hiccup/core/PesExploration/tools/energy_structure_filter.py:97: DeprecationWarning: Please use atoms.calc = calc
  atoms.set_calculator(calculator)

2025-07-12 13:21:23,867 - WARNING - /home/cchen/Hiccup/core/PesExploration/tools/energy_structure_filter.py:97: DeprecationWarning: Please use atoms.calc = calc
  atoms.set_calculator(calculator)

2025-07-12 13:21:23,903 - WARNING - /home/cchen/Hiccup/core/PesExploration/tools/energy_structure_filter.py:97: DeprecationWarning: Please use atoms.calc = calc
  atoms.set_calculator(calculator)

2025-07-12 13:21:23,930 - WARNING - /home/cchen/Hiccup/core/PesExploration/tools/energy_structure_filter.py:97: DeprecationWarning: Please use atoms.calc = calc
  atoms.set_calculator(calculator)

2025-07-12 13:21:23,956 - WARNING - /home/cchen/Hiccup/core/PesExploration/tools/energy_structure_filter.py:97: DeprecationWarning: Please use atoms.calc = calc
  atoms.set_calculator(calculator)

2025-07-12 13:21:23,982 - WARNING - /home/cchen/Hiccup/core/PesExploration/tools/energy_structure_filter.py:97: DeprecationWarning: Please use atoms.calc = calc
  atoms.set_calculator(calculator)

2025-07-12 13:21:24,013 - WARNING - /home/cchen/Hiccup/core/PesExploration/tools/energy_structure_filter.py:97: DeprecationWarning: Please use atoms.calc = calc
  atoms.set_calculator(calculator)

2025-07-12 13:21:24,042 - WARNING - /home/cchen/Hiccup/core/PesExploration/tools/energy_structure_filter.py:97: DeprecationWarning: Please use atoms.calc = calc
  atoms.set_calculator(calculator)

2025-07-12 13:21:24,082 - WARNING - /home/cchen/Hiccup/core/PesExploration/tools/energy_structure_filter.py:97: DeprecationWarning: Please use atoms.calc = calc
  atoms.set_calculator(calculator)

2025-07-12 13:21:24,133 - WARNING - /home/cchen/Hiccup/core/PesExploration/tools/energy_structure_filter.py:97: DeprecationWarning: Please use atoms.calc = calc
  atoms.set_calculator(calculator)

2025-07-12 13:21:24,162 - WARNING - /home/cchen/Hiccup/core/PesExploration/tools/energy_structure_filter.py:97: DeprecationWarning: Please use atoms.calc = calc
  atoms.set_calculator(calculator)

2025-07-12 13:21:24,203 - WARNING - /home/cchen/Hiccup/core/PesExploration/tools/energy_structure_filter.py:97: DeprecationWarning: Please use atoms.calc = calc
  atoms.set_calculator(calculator)

2025-07-12 13:21:24,241 - WARNING - /home/cchen/Hiccup/core/PesExploration/tools/energy_structure_filter.py:97: DeprecationWarning: Please use atoms.calc = calc
  atoms.set_calculator(calculator)

2025-07-12 13:21:24,285 - WARNING - /home/cchen/Hiccup/core/PesExploration/tools/energy_structure_filter.py:97: DeprecationWarning: Please use atoms.calc = calc
  atoms.set_calculator(calculator)

2025-07-12 13:21:24,315 - WARNING - /home/cchen/Hiccup/core/PesExploration/tools/energy_structure_filter.py:97: DeprecationWarning: Please use atoms.calc = calc
  atoms.set_calculator(calculator)

2025-07-12 13:21:24,346 - WARNING - /home/cchen/Hiccup/core/PesExploration/tools/energy_structure_filter.py:97: DeprecationWarning: Please use atoms.calc = calc
  atoms.set_calculator(calculator)

2025-07-12 13:21:24,390 - WARNING - /home/cchen/Hiccup/core/PesExploration/tools/energy_structure_filter.py:97: DeprecationWarning: Please use atoms.calc = calc
  atoms.set_calculator(calculator)

2025-07-12 13:21:24,420 - WARNING - /home/cchen/Hiccup/core/PesExploration/tools/energy_structure_filter.py:97: DeprecationWarning: Please use atoms.calc = calc
  atoms.set_calculator(calculator)

2025-07-12 13:21:24,449 - WARNING - /home/cchen/Hiccup/core/PesExploration/tools/energy_structure_filter.py:97: DeprecationWarning: Please use atoms.calc = calc
  atoms.set_calculator(calculator)

2025-07-12 13:21:24,478 - WARNING - /home/cchen/Hiccup/core/PesExploration/tools/energy_structure_filter.py:97: DeprecationWarning: Please use atoms.calc = calc
  atoms.set_calculator(calculator)

2025-07-12 13:21:24,508 - WARNING - /home/cchen/Hiccup/core/PesExploration/tools/energy_structure_filter.py:97: DeprecationWarning: Please use atoms.calc = calc
  atoms.set_calculator(calculator)

2025-07-12 13:21:24,552 - WARNING - /home/cchen/Hiccup/core/PesExploration/tools/energy_structure_filter.py:97: DeprecationWarning: Please use atoms.calc = calc
  atoms.set_calculator(calculator)

2025-07-12 13:21:24,582 - WARNING - /home/cchen/Hiccup/core/PesExploration/tools/energy_structure_filter.py:97: DeprecationWarning: Please use atoms.calc = calc
  atoms.set_calculator(calculator)

2025-07-12 13:21:24,611 - WARNING - /home/cchen/Hiccup/core/PesExploration/tools/energy_structure_filter.py:97: DeprecationWarning: Please use atoms.calc = calc
  atoms.set_calculator(calculator)

2025-07-12 13:21:24,641 - WARNING - /home/cchen/Hiccup/core/PesExploration/tools/energy_structure_filter.py:97: DeprecationWarning: Please use atoms.calc = calc
  atoms.set_calculator(calculator)

2025-07-12 13:21:24,672 - WARNING - /home/cchen/Hiccup/core/PesExploration/tools/energy_structure_filter.py:97: DeprecationWarning: Please use atoms.calc = calc
  atoms.set_calculator(calculator)

2025-07-12 13:21:24,701 - WARNING - /home/cchen/Hiccup/core/PesExploration/tools/energy_structure_filter.py:97: DeprecationWarning: Please use atoms.calc = calc
  atoms.set_calculator(calculator)

2025-07-12 13:21:24,728 - WARNING - /home/cchen/Hiccup/core/PesExploration/tools/energy_structure_filter.py:97: DeprecationWarning: Please use atoms.calc = calc
  atoms.set_calculator(calculator)

2025-07-12 13:21:24,755 - WARNING - /home/cchen/Hiccup/core/PesExploration/tools/energy_structure_filter.py:97: DeprecationWarning: Please use atoms.calc = calc
  atoms.set_calculator(calculator)

2025-07-12 13:21:24,781 - WARNING - /home/cchen/Hiccup/core/PesExploration/tools/energy_structure_filter.py:97: DeprecationWarning: Please use atoms.calc = calc
  atoms.set_calculator(calculator)

2025-07-12 13:21:24,810 - WARNING - /home/cchen/Hiccup/core/PesExploration/tools/energy_structure_filter.py:97: DeprecationWarning: Please use atoms.calc = calc
  atoms.set_calculator(calculator)

2025-07-12 13:21:24,843 - WARNING - /home/cchen/Hiccup/core/PesExploration/tools/energy_structure_filter.py:97: DeprecationWarning: Please use atoms.calc = calc
  atoms.set_calculator(calculator)

2025-07-12 13:21:24,874 - WARNING - /home/cchen/Hiccup/core/PesExploration/tools/energy_structure_filter.py:97: DeprecationWarning: Please use atoms.calc = calc
  atoms.set_calculator(calculator)

2025-07-12 13:21:24,903 - WARNING - /home/cchen/Hiccup/core/PesExploration/tools/energy_structure_filter.py:97: DeprecationWarning: Please use atoms.calc = calc
  atoms.set_calculator(calculator)

2025-07-12 13:21:24,945 - WARNING - /home/cchen/Hiccup/core/PesExploration/tools/energy_structure_filter.py:97: DeprecationWarning: Please use atoms.calc = calc
  atoms.set_calculator(calculator)

2025-07-12 13:21:24,976 - WARNING - /home/cchen/Hiccup/core/PesExploration/tools/energy_structure_filter.py:97: DeprecationWarning: Please use atoms.calc = calc
  atoms.set_calculator(calculator)

2025-07-12 13:21:25,005 - WARNING - /home/cchen/Hiccup/core/PesExploration/tools/energy_structure_filter.py:97: DeprecationWarning: Please use atoms.calc = calc
  atoms.set_calculator(calculator)

2025-07-12 13:21:25,033 - WARNING - /home/cchen/Hiccup/core/PesExploration/tools/energy_structure_filter.py:97: DeprecationWarning: Please use atoms.calc = calc
  atoms.set_calculator(calculator)

2025-07-12 13:21:25,063 - WARNING - /home/cchen/Hiccup/core/PesExploration/tools/energy_structure_filter.py:97: DeprecationWarning: Please use atoms.calc = calc
  atoms.set_calculator(calculator)

2025-07-12 13:21:25,104 - WARNING - /home/cchen/Hiccup/core/PesExploration/tools/energy_structure_filter.py:97: DeprecationWarning: Please use atoms.calc = calc
  atoms.set_calculator(calculator)

2025-07-12 13:21:25,133 - WARNING - /home/cchen/Hiccup/core/PesExploration/tools/energy_structure_filter.py:97: DeprecationWarning: Please use atoms.calc = calc
  atoms.set_calculator(calculator)

2025-07-12 13:21:25,161 - WARNING - /home/cchen/Hiccup/core/PesExploration/tools/energy_structure_filter.py:97: DeprecationWarning: Please use atoms.calc = calc
  atoms.set_calculator(calculator)

2025-07-12 13:21:25,188 - WARNING - /home/cchen/Hiccup/core/PesExploration/tools/energy_structure_filter.py:97: DeprecationWarning: Please use atoms.calc = calc
  atoms.set_calculator(calculator)

2025-07-12 13:21:25,246 - WARNING - /home/cchen/Hiccup/core/PesExploration/tools/energy_structure_filter.py:97: DeprecationWarning: Please use atoms.calc = calc
  atoms.set_calculator(calculator)

2025-07-12 13:21:25,278 - WARNING - /home/cchen/Hiccup/core/PesExploration/tools/energy_structure_filter.py:97: DeprecationWarning: Please use atoms.calc = calc
  atoms.set_calculator(calculator)

2025-07-12 13:21:25,307 - WARNING - /home/cchen/Hiccup/core/PesExploration/tools/energy_structure_filter.py:97: DeprecationWarning: Please use atoms.calc = calc
  atoms.set_calculator(calculator)

2025-07-12 13:21:25,351 - WARNING - /home/cchen/Hiccup/core/PesExploration/tools/energy_structure_filter.py:97: DeprecationWarning: Please use atoms.calc = calc
  atoms.set_calculator(calculator)

2025-07-12 13:21:25,381 - WARNING - /home/cchen/Hiccup/core/PesExploration/tools/energy_structure_filter.py:97: DeprecationWarning: Please use atoms.calc = calc
  atoms.set_calculator(calculator)

2025-07-12 13:21:25,413 - WARNING - /home/cchen/Hiccup/core/PesExploration/tools/energy_structure_filter.py:97: DeprecationWarning: Please use atoms.calc = calc
  atoms.set_calculator(calculator)

2025-07-12 13:21:25,455 - WARNING - /home/cchen/Hiccup/core/PesExploration/tools/energy_structure_filter.py:97: DeprecationWarning: Please use atoms.calc = calc
  atoms.set_calculator(calculator)

2025-07-12 13:21:25,496 - WARNING - /home/cchen/Hiccup/core/PesExploration/tools/energy_structure_filter.py:97: DeprecationWarning: Please use atoms.calc = calc
  atoms.set_calculator(calculator)

2025-07-12 13:21:25,535 - WARNING - /home/cchen/Hiccup/core/PesExploration/tools/energy_structure_filter.py:97: DeprecationWarning: Please use atoms.calc = calc
  atoms.set_calculator(calculator)

2025-07-12 13:21:25,571 - WARNING - /home/cchen/Hiccup/core/PesExploration/tools/energy_structure_filter.py:97: DeprecationWarning: Please use atoms.calc = calc
  atoms.set_calculator(calculator)

2025-07-12 13:21:25,597 - WARNING - /home/cchen/Hiccup/core/PesExploration/tools/energy_structure_filter.py:97: DeprecationWarning: Please use atoms.calc = calc
  atoms.set_calculator(calculator)

2025-07-12 13:21:25,638 - WARNING - /home/cchen/Hiccup/core/PesExploration/tools/energy_structure_filter.py:97: DeprecationWarning: Please use atoms.calc = calc
  atoms.set_calculator(calculator)

2025-07-12 13:21:25,669 - WARNING - /home/cchen/Hiccup/core/PesExploration/tools/energy_structure_filter.py:97: DeprecationWarning: Please use atoms.calc = calc
  atoms.set_calculator(calculator)

2025-07-12 13:21:25,698 - WARNING - /home/cchen/Hiccup/core/PesExploration/tools/energy_structure_filter.py:97: DeprecationWarning: Please use atoms.calc = calc
  atoms.set_calculator(calculator)

2025-07-12 13:21:25,728 - WARNING - /home/cchen/Hiccup/core/PesExploration/tools/energy_structure_filter.py:97: DeprecationWarning: Please use atoms.calc = calc
  atoms.set_calculator(calculator)

2025-07-12 13:21:25,771 - WARNING - /home/cchen/Hiccup/core/PesExploration/tools/energy_structure_filter.py:97: DeprecationWarning: Please use atoms.calc = calc
  atoms.set_calculator(calculator)

2025-07-12 13:21:25,804 - WARNING - /home/cchen/Hiccup/core/PesExploration/tools/energy_structure_filter.py:97: DeprecationWarning: Please use atoms.calc = calc
  atoms.set_calculator(calculator)

2025-07-12 13:21:25,833 - WARNING - /home/cchen/Hiccup/core/PesExploration/tools/energy_structure_filter.py:97: DeprecationWarning: Please use atoms.calc = calc
  atoms.set_calculator(calculator)

2025-07-12 13:21:25,862 - WARNING - /home/cchen/Hiccup/core/PesExploration/tools/energy_structure_filter.py:97: DeprecationWarning: Please use atoms.calc = calc
  atoms.set_calculator(calculator)

2025-07-12 13:21:25,906 - WARNING - /home/cchen/Hiccup/core/PesExploration/tools/energy_structure_filter.py:97: DeprecationWarning: Please use atoms.calc = calc
  atoms.set_calculator(calculator)

2025-07-12 13:21:25,936 - WARNING - /home/cchen/Hiccup/core/PesExploration/tools/energy_structure_filter.py:97: DeprecationWarning: Please use atoms.calc = calc
  atoms.set_calculator(calculator)

2025-07-12 13:21:25,965 - WARNING - /home/cchen/Hiccup/core/PesExploration/tools/energy_structure_filter.py:97: DeprecationWarning: Please use atoms.calc = calc
  atoms.set_calculator(calculator)

2025-07-12 13:21:25,995 - WARNING - /home/cchen/Hiccup/core/PesExploration/tools/energy_structure_filter.py:97: DeprecationWarning: Please use atoms.calc = calc
  atoms.set_calculator(calculator)

2025-07-12 13:21:26,038 - WARNING - /home/cchen/Hiccup/core/PesExploration/tools/energy_structure_filter.py:97: DeprecationWarning: Please use atoms.calc = calc
  atoms.set_calculator(calculator)

2025-07-12 13:21:26,073 - WARNING - /home/cchen/Hiccup/core/PesExploration/tools/energy_structure_filter.py:97: DeprecationWarning: Please use atoms.calc = calc
  atoms.set_calculator(calculator)

2025-07-12 13:21:26,105 - WARNING - /home/cchen/Hiccup/core/PesExploration/tools/energy_structure_filter.py:97: DeprecationWarning: Please use atoms.calc = calc
  atoms.set_calculator(calculator)

2025-07-12 13:21:26,134 - WARNING - /home/cchen/Hiccup/core/PesExploration/tools/energy_structure_filter.py:97: DeprecationWarning: Please use atoms.calc = calc
  atoms.set_calculator(calculator)

2025-07-12 13:21:26,163 - WARNING - /home/cchen/Hiccup/core/PesExploration/tools/energy_structure_filter.py:97: DeprecationWarning: Please use atoms.calc = calc
  atoms.set_calculator(calculator)

2025-07-12 13:21:26,197 - WARNING - /home/cchen/Hiccup/core/PesExploration/tools/energy_structure_filter.py:97: DeprecationWarning: Please use atoms.calc = calc
  atoms.set_calculator(calculator)

2025-07-12 13:21:26,227 - WARNING - /home/cchen/Hiccup/core/PesExploration/tools/energy_structure_filter.py:97: DeprecationWarning: Please use atoms.calc = calc
  atoms.set_calculator(calculator)

2025-07-12 13:21:26,257 - WARNING - /home/cchen/Hiccup/core/PesExploration/tools/energy_structure_filter.py:97: DeprecationWarning: Please use atoms.calc = calc
  atoms.set_calculator(calculator)

2025-07-12 13:21:26,289 - WARNING - /home/cchen/Hiccup/core/PesExploration/tools/energy_structure_filter.py:97: DeprecationWarning: Please use atoms.calc = calc
  atoms.set_calculator(calculator)

2025-07-12 13:21:26,319 - WARNING - /home/cchen/Hiccup/core/PesExploration/tools/energy_structure_filter.py:97: DeprecationWarning: Please use atoms.calc = calc
  atoms.set_calculator(calculator)

2025-07-12 13:21:26,346 - WARNING - /home/cchen/Hiccup/core/PesExploration/tools/energy_structure_filter.py:97: DeprecationWarning: Please use atoms.calc = calc
  atoms.set_calculator(calculator)

2025-07-12 13:21:26,373 - WARNING - /home/cchen/Hiccup/core/PesExploration/tools/energy_structure_filter.py:97: DeprecationWarning: Please use atoms.calc = calc
  atoms.set_calculator(calculator)

2025-07-12 13:21:26,400 - WARNING - /home/cchen/Hiccup/core/PesExploration/tools/energy_structure_filter.py:97: DeprecationWarning: Please use atoms.calc = calc
  atoms.set_calculator(calculator)

2025-07-12 13:21:26,435 - WARNING - /home/cchen/Hiccup/core/PesExploration/tools/energy_structure_filter.py:97: DeprecationWarning: Please use atoms.calc = calc
  atoms.set_calculator(calculator)

2025-07-12 13:21:26,462 - WARNING - /home/cchen/Hiccup/core/PesExploration/tools/energy_structure_filter.py:97: DeprecationWarning: Please use atoms.calc = calc
  atoms.set_calculator(calculator)

2025-07-12 13:21:26,490 - WARNING - /home/cchen/Hiccup/core/PesExploration/tools/energy_structure_filter.py:97: DeprecationWarning: Please use atoms.calc = calc
  atoms.set_calculator(calculator)

2025-07-12 13:21:26,519 - WARNING - /home/cchen/Hiccup/core/PesExploration/tools/energy_structure_filter.py:97: DeprecationWarning: Please use atoms.calc = calc
  atoms.set_calculator(calculator)

2025-07-12 13:21:26,549 - WARNING - /home/cchen/Hiccup/core/PesExploration/tools/energy_structure_filter.py:97: DeprecationWarning: Please use atoms.calc = calc
  atoms.set_calculator(calculator)

2025-07-12 13:21:26,590 - WARNING - /home/cchen/Hiccup/core/PesExploration/tools/energy_structure_filter.py:97: DeprecationWarning: Please use atoms.calc = calc
  atoms.set_calculator(calculator)

2025-07-12 13:21:26,619 - WARNING - /home/cchen/Hiccup/core/PesExploration/tools/energy_structure_filter.py:97: DeprecationWarning: Please use atoms.calc = calc
  atoms.set_calculator(calculator)

2025-07-12 13:21:26,665 - WARNING - /home/cchen/Hiccup/core/PesExploration/tools/energy_structure_filter.py:97: DeprecationWarning: Please use atoms.calc = calc
  atoms.set_calculator(calculator)

2025-07-12 13:21:26,697 - WARNING - /home/cchen/Hiccup/core/PesExploration/tools/energy_structure_filter.py:97: DeprecationWarning: Please use atoms.calc = calc
  atoms.set_calculator(calculator)

2025-07-12 13:21:26,727 - WARNING - /home/cchen/Hiccup/core/PesExploration/tools/energy_structure_filter.py:97: DeprecationWarning: Please use atoms.calc = calc
  atoms.set_calculator(calculator)

2025-07-12 13:21:26,753 - WARNING - /home/cchen/Hiccup/core/PesExploration/tools/energy_structure_filter.py:97: DeprecationWarning: Please use atoms.calc = calc
  atoms.set_calculator(calculator)

2025-07-12 13:21:26,780 - WARNING - /home/cchen/Hiccup/core/PesExploration/tools/energy_structure_filter.py:97: DeprecationWarning: Please use atoms.calc = calc
  atoms.set_calculator(calculator)

2025-07-12 13:21:26,809 - WARNING - /home/cchen/Hiccup/core/PesExploration/tools/energy_structure_filter.py:97: DeprecationWarning: Please use atoms.calc = calc
  atoms.set_calculator(calculator)

2025-07-12 13:21:26,842 - WARNING - /home/cchen/Hiccup/core/PesExploration/tools/energy_structure_filter.py:97: DeprecationWarning: Please use atoms.calc = calc
  atoms.set_calculator(calculator)

2025-07-12 13:21:26,869 - WARNING - /home/cchen/Hiccup/core/PesExploration/tools/energy_structure_filter.py:97: DeprecationWarning: Please use atoms.calc = calc
  atoms.set_calculator(calculator)

2025-07-12 13:21:26,895 - WARNING - /home/cchen/Hiccup/core/PesExploration/tools/energy_structure_filter.py:97: DeprecationWarning: Please use atoms.calc = calc
  atoms.set_calculator(calculator)

2025-07-12 13:21:26,921 - WARNING - /home/cchen/Hiccup/core/PesExploration/tools/energy_structure_filter.py:97: DeprecationWarning: Please use atoms.calc = calc
  atoms.set_calculator(calculator)

2025-07-12 13:21:26,954 - WARNING - /home/cchen/Hiccup/core/PesExploration/tools/energy_structure_filter.py:97: DeprecationWarning: Please use atoms.calc = calc
  atoms.set_calculator(calculator)

2025-07-12 13:21:26,983 - WARNING - /home/cchen/Hiccup/core/PesExploration/tools/energy_structure_filter.py:97: DeprecationWarning: Please use atoms.calc = calc
  atoms.set_calculator(calculator)

2025-07-12 13:21:27,022 - WARNING - /home/cchen/Hiccup/core/PesExploration/tools/energy_structure_filter.py:97: DeprecationWarning: Please use atoms.calc = calc
  atoms.set_calculator(calculator)

2025-07-12 13:21:27,061 - WARNING - /home/cchen/Hiccup/core/PesExploration/tools/energy_structure_filter.py:97: DeprecationWarning: Please use atoms.calc = calc
  atoms.set_calculator(calculator)

2025-07-12 13:21:27,101 - WARNING - /home/cchen/Hiccup/core/PesExploration/tools/energy_structure_filter.py:97: DeprecationWarning: Please use atoms.calc = calc
  atoms.set_calculator(calculator)

2025-07-12 13:21:27,129 - WARNING - /home/cchen/Hiccup/core/PesExploration/tools/energy_structure_filter.py:97: DeprecationWarning: Please use atoms.calc = calc
  atoms.set_calculator(calculator)

2025-07-12 13:21:27,155 - WARNING - /home/cchen/Hiccup/core/PesExploration/tools/energy_structure_filter.py:97: DeprecationWarning: Please use atoms.calc = calc
  atoms.set_calculator(calculator)

2025-07-12 13:21:27,181 - WARNING - /home/cchen/Hiccup/core/PesExploration/tools/energy_structure_filter.py:97: DeprecationWarning: Please use atoms.calc = calc
  atoms.set_calculator(calculator)

2025-07-12 13:21:27,220 - WARNING - /home/cchen/Hiccup/core/PesExploration/tools/energy_structure_filter.py:97: DeprecationWarning: Please use atoms.calc = calc
  atoms.set_calculator(calculator)

2025-07-12 13:21:27,260 - WARNING - /home/cchen/Hiccup/core/PesExploration/tools/energy_structure_filter.py:97: DeprecationWarning: Please use atoms.calc = calc
  atoms.set_calculator(calculator)

2025-07-12 13:21:27,300 - WARNING - /home/cchen/Hiccup/core/PesExploration/tools/energy_structure_filter.py:97: DeprecationWarning: Please use atoms.calc = calc
  atoms.set_calculator(calculator)

2025-07-12 13:21:27,339 - WARNING - /home/cchen/Hiccup/core/PesExploration/tools/energy_structure_filter.py:97: DeprecationWarning: Please use atoms.calc = calc
  atoms.set_calculator(calculator)

2025-07-12 13:21:27,380 - WARNING - /home/cchen/Hiccup/core/PesExploration/tools/energy_structure_filter.py:97: DeprecationWarning: Please use atoms.calc = calc
  atoms.set_calculator(calculator)

2025-07-12 13:21:27,408 - WARNING - /home/cchen/Hiccup/core/PesExploration/tools/energy_structure_filter.py:97: DeprecationWarning: Please use atoms.calc = calc
  atoms.set_calculator(calculator)

2025-07-12 13:21:27,445 - WARNING - /home/cchen/Hiccup/core/PesExploration/tools/energy_structure_filter.py:97: DeprecationWarning: Please use atoms.calc = calc
  atoms.set_calculator(calculator)

2025-07-12 13:21:27,472 - WARNING - /home/cchen/Hiccup/core/PesExploration/tools/energy_structure_filter.py:97: DeprecationWarning: Please use atoms.calc = calc
  atoms.set_calculator(calculator)

2025-07-12 13:21:27,508 - WARNING - /home/cchen/Hiccup/core/PesExploration/tools/energy_structure_filter.py:97: DeprecationWarning: Please use atoms.calc = calc
  atoms.set_calculator(calculator)

2025-07-12 13:21:27,541 - WARNING - /home/cchen/Hiccup/core/PesExploration/tools/energy_structure_filter.py:97: DeprecationWarning: Please use atoms.calc = calc
  atoms.set_calculator(calculator)

2025-07-12 13:21:27,580 - WARNING - /home/cchen/Hiccup/core/PesExploration/tools/energy_structure_filter.py:97: DeprecationWarning: Please use atoms.calc = calc
  atoms.set_calculator(calculator)

2025-07-12 13:21:27,614 - WARNING - /home/cchen/Hiccup/core/PesExploration/tools/energy_structure_filter.py:97: DeprecationWarning: Please use atoms.calc = calc
  atoms.set_calculator(calculator)

2025-07-12 13:21:27,644 - WARNING - /home/cchen/Hiccup/core/PesExploration/tools/energy_structure_filter.py:97: DeprecationWarning: Please use atoms.calc = calc
  atoms.set_calculator(calculator)

2025-07-12 13:21:27,674 - WARNING - /home/cchen/Hiccup/core/PesExploration/tools/energy_structure_filter.py:97: DeprecationWarning: Please use atoms.calc = calc
  atoms.set_calculator(calculator)

2025-07-12 13:21:27,706 - WARNING - /home/cchen/Hiccup/core/PesExploration/tools/energy_structure_filter.py:97: DeprecationWarning: Please use atoms.calc = calc
  atoms.set_calculator(calculator)

2025-07-12 13:21:27,736 - WARNING - /home/cchen/Hiccup/core/PesExploration/tools/energy_structure_filter.py:97: DeprecationWarning: Please use atoms.calc = calc
  atoms.set_calculator(calculator)

2025-07-12 13:21:27,766 - WARNING - /home/cchen/Hiccup/core/PesExploration/tools/energy_structure_filter.py:97: DeprecationWarning: Please use atoms.calc = calc
  atoms.set_calculator(calculator)

2025-07-12 13:21:27,807 - WARNING - /home/cchen/Hiccup/core/PesExploration/tools/energy_structure_filter.py:97: DeprecationWarning: Please use atoms.calc = calc
  atoms.set_calculator(calculator)

2025-07-12 13:21:27,835 - WARNING - /home/cchen/Hiccup/core/PesExploration/tools/energy_structure_filter.py:97: DeprecationWarning: Please use atoms.calc = calc
  atoms.set_calculator(calculator)

2025-07-12 13:21:27,862 - WARNING - /home/cchen/Hiccup/core/PesExploration/tools/energy_structure_filter.py:97: DeprecationWarning: Please use atoms.calc = calc
  atoms.set_calculator(calculator)

2025-07-12 13:21:27,888 - WARNING - /home/cchen/Hiccup/core/PesExploration/tools/energy_structure_filter.py:97: DeprecationWarning: Please use atoms.calc = calc
  atoms.set_calculator(calculator)

2025-07-12 13:21:27,925 - WARNING - /home/cchen/Hiccup/core/PesExploration/tools/energy_structure_filter.py:97: DeprecationWarning: Please use atoms.calc = calc
  atoms.set_calculator(calculator)

2025-07-12 13:21:27,952 - WARNING - /home/cchen/Hiccup/core/PesExploration/tools/energy_structure_filter.py:97: DeprecationWarning: Please use atoms.calc = calc
  atoms.set_calculator(calculator)

2025-07-12 13:21:27,978 - WARNING - /home/cchen/Hiccup/core/PesExploration/tools/energy_structure_filter.py:97: DeprecationWarning: Please use atoms.calc = calc
  atoms.set_calculator(calculator)

2025-07-12 13:21:28,017 - WARNING - /home/cchen/Hiccup/core/PesExploration/tools/energy_structure_filter.py:97: DeprecationWarning: Please use atoms.calc = calc
  atoms.set_calculator(calculator)

2025-07-12 13:21:28,055 - WARNING - /home/cchen/Hiccup/core/PesExploration/tools/energy_structure_filter.py:97: DeprecationWarning: Please use atoms.calc = calc
  atoms.set_calculator(calculator)

2025-07-12 13:21:28,095 - WARNING - /home/cchen/Hiccup/core/PesExploration/tools/energy_structure_filter.py:97: DeprecationWarning: Please use atoms.calc = calc
  atoms.set_calculator(calculator)

2025-07-12 13:21:28,135 - WARNING - /home/cchen/Hiccup/core/PesExploration/tools/energy_structure_filter.py:97: DeprecationWarning: Please use atoms.calc = calc
  atoms.set_calculator(calculator)

2025-07-12 13:21:28,174 - WARNING - /home/cchen/Hiccup/core/PesExploration/tools/energy_structure_filter.py:97: DeprecationWarning: Please use atoms.calc = calc
  atoms.set_calculator(calculator)

2025-07-12 13:21:28,212 - WARNING - /home/cchen/Hiccup/core/PesExploration/tools/energy_structure_filter.py:97: DeprecationWarning: Please use atoms.calc = calc
  atoms.set_calculator(calculator)

2025-07-12 13:21:28,252 - WARNING - /home/cchen/Hiccup/core/PesExploration/tools/energy_structure_filter.py:97: DeprecationWarning: Please use atoms.calc = calc
  atoms.set_calculator(calculator)

2025-07-12 13:21:28,291 - WARNING - /home/cchen/Hiccup/core/PesExploration/tools/energy_structure_filter.py:97: DeprecationWarning: Please use atoms.calc = calc
  atoms.set_calculator(calculator)

2025-07-12 13:21:28,330 - WARNING - /home/cchen/Hiccup/core/PesExploration/tools/energy_structure_filter.py:97: DeprecationWarning: Please use atoms.calc = calc
  atoms.set_calculator(calculator)

2025-07-12 13:21:28,374 - WARNING - /home/cchen/Hiccup/core/PesExploration/tools/energy_structure_filter.py:97: DeprecationWarning: Please use atoms.calc = calc
  atoms.set_calculator(calculator)

2025-07-12 13:21:28,409 - WARNING - /home/cchen/Hiccup/core/PesExploration/tools/energy_structure_filter.py:97: DeprecationWarning: Please use atoms.calc = calc
  atoms.set_calculator(calculator)

2025-07-12 13:21:28,437 - WARNING - /home/cchen/Hiccup/core/PesExploration/tools/energy_structure_filter.py:97: DeprecationWarning: Please use atoms.calc = calc
  atoms.set_calculator(calculator)

2025-07-12 13:21:28,465 - WARNING - /home/cchen/Hiccup/core/PesExploration/tools/energy_structure_filter.py:97: DeprecationWarning: Please use atoms.calc = calc
  atoms.set_calculator(calculator)

2025-07-12 13:21:28,491 - WARNING - /home/cchen/Hiccup/core/PesExploration/tools/energy_structure_filter.py:97: DeprecationWarning: Please use atoms.calc = calc
  atoms.set_calculator(calculator)

2025-07-12 13:21:28,529 - WARNING - /home/cchen/Hiccup/core/PesExploration/tools/energy_structure_filter.py:97: DeprecationWarning: Please use atoms.calc = calc
  atoms.set_calculator(calculator)

2025-07-12 13:21:28,557 - WARNING - /home/cchen/Hiccup/core/PesExploration/tools/energy_structure_filter.py:97: DeprecationWarning: Please use atoms.calc = calc
  atoms.set_calculator(calculator)

2025-07-12 13:21:28,583 - WARNING - /home/cchen/Hiccup/core/PesExploration/tools/energy_structure_filter.py:97: DeprecationWarning: Please use atoms.calc = calc
  atoms.set_calculator(calculator)

2025-07-12 13:21:28,622 - WARNING - /home/cchen/Hiccup/core/PesExploration/tools/energy_structure_filter.py:97: DeprecationWarning: Please use atoms.calc = calc
  atoms.set_calculator(calculator)

2025-07-12 13:21:28,661 - WARNING - /home/cchen/Hiccup/core/PesExploration/tools/energy_structure_filter.py:97: DeprecationWarning: Please use atoms.calc = calc
  atoms.set_calculator(calculator)

2025-07-12 13:21:28,700 - WARNING - /home/cchen/Hiccup/core/PesExploration/tools/energy_structure_filter.py:97: DeprecationWarning: Please use atoms.calc = calc
  atoms.set_calculator(calculator)

2025-07-12 13:21:28,739 - WARNING - /home/cchen/Hiccup/core/PesExploration/tools/energy_structure_filter.py:97: DeprecationWarning: Please use atoms.calc = calc
  atoms.set_calculator(calculator)

2025-07-12 13:21:28,780 - WARNING - /home/cchen/Hiccup/core/PesExploration/tools/energy_structure_filter.py:97: DeprecationWarning: Please use atoms.calc = calc
  atoms.set_calculator(calculator)

2025-07-12 13:21:28,814 - WARNING - /home/cchen/Hiccup/core/PesExploration/tools/energy_structure_filter.py:97: DeprecationWarning: Please use atoms.calc = calc
  atoms.set_calculator(calculator)

2025-07-12 13:21:28,844 - WARNING - /home/cchen/Hiccup/core/PesExploration/tools/energy_structure_filter.py:97: DeprecationWarning: Please use atoms.calc = calc
  atoms.set_calculator(calculator)

2025-07-12 13:21:28,873 - WARNING - /home/cchen/Hiccup/core/PesExploration/tools/energy_structure_filter.py:97: DeprecationWarning: Please use atoms.calc = calc
  atoms.set_calculator(calculator)

2025-07-12 13:21:28,900 - WARNING - /home/cchen/Hiccup/core/PesExploration/tools/energy_structure_filter.py:97: DeprecationWarning: Please use atoms.calc = calc
  atoms.set_calculator(calculator)

2025-07-12 13:21:28,929 - WARNING - /home/cchen/Hiccup/core/PesExploration/tools/energy_structure_filter.py:97: DeprecationWarning: Please use atoms.calc = calc
  atoms.set_calculator(calculator)

2025-07-12 13:21:28,955 - WARNING - /home/cchen/Hiccup/core/PesExploration/tools/energy_structure_filter.py:97: DeprecationWarning: Please use atoms.calc = calc
  atoms.set_calculator(calculator)

2025-07-12 13:21:28,995 - WARNING - /home/cchen/Hiccup/core/PesExploration/tools/energy_structure_filter.py:97: DeprecationWarning: Please use atoms.calc = calc
  atoms.set_calculator(calculator)

2025-07-12 13:21:29,032 - WARNING - /home/cchen/Hiccup/core/PesExploration/tools/energy_structure_filter.py:97: DeprecationWarning: Please use atoms.calc = calc
  atoms.set_calculator(calculator)

2025-07-12 13:21:29,060 - WARNING - /home/cchen/Hiccup/core/PesExploration/tools/energy_structure_filter.py:97: DeprecationWarning: Please use atoms.calc = calc
  atoms.set_calculator(calculator)

2025-07-12 13:21:29,098 - WARNING - /home/cchen/Hiccup/core/PesExploration/tools/energy_structure_filter.py:97: DeprecationWarning: Please use atoms.calc = calc
  atoms.set_calculator(calculator)

2025-07-12 13:21:29,137 - WARNING - /home/cchen/Hiccup/core/PesExploration/tools/energy_structure_filter.py:97: DeprecationWarning: Please use atoms.calc = calc
  atoms.set_calculator(calculator)

2025-07-12 13:21:29,175 - WARNING - /home/cchen/Hiccup/core/PesExploration/tools/energy_structure_filter.py:97: DeprecationWarning: Please use atoms.calc = calc
  atoms.set_calculator(calculator)

2025-07-12 13:21:29,212 - WARNING - /home/cchen/Hiccup/core/PesExploration/tools/energy_structure_filter.py:97: DeprecationWarning: Please use atoms.calc = calc
  atoms.set_calculator(calculator)

2025-07-12 13:21:29,241 - WARNING - /home/cchen/Hiccup/core/PesExploration/tools/energy_structure_filter.py:97: DeprecationWarning: Please use atoms.calc = calc
  atoms.set_calculator(calculator)

2025-07-12 13:21:29,281 - WARNING - /home/cchen/Hiccup/core/PesExploration/tools/energy_structure_filter.py:97: DeprecationWarning: Please use atoms.calc = calc
  atoms.set_calculator(calculator)

2025-07-12 13:21:29,319 - WARNING - /home/cchen/Hiccup/core/PesExploration/tools/energy_structure_filter.py:97: DeprecationWarning: Please use atoms.calc = calc
  atoms.set_calculator(calculator)

2025-07-12 13:21:29,346 - WARNING - /home/cchen/Hiccup/core/PesExploration/tools/energy_structure_filter.py:97: DeprecationWarning: Please use atoms.calc = calc
  atoms.set_calculator(calculator)

2025-07-12 13:21:29,379 - WARNING - /home/cchen/Hiccup/core/PesExploration/tools/energy_structure_filter.py:97: DeprecationWarning: Please use atoms.calc = calc
  atoms.set_calculator(calculator)

2025-07-12 13:21:29,407 - WARNING - /home/cchen/Hiccup/core/PesExploration/tools/energy_structure_filter.py:97: DeprecationWarning: Please use atoms.calc = calc
  atoms.set_calculator(calculator)

2025-07-12 13:21:29,446 - WARNING - /home/cchen/Hiccup/core/PesExploration/tools/energy_structure_filter.py:97: DeprecationWarning: Please use atoms.calc = calc
  atoms.set_calculator(calculator)

2025-07-12 13:21:29,483 - WARNING - /home/cchen/Hiccup/core/PesExploration/tools/energy_structure_filter.py:97: DeprecationWarning: Please use atoms.calc = calc
  atoms.set_calculator(calculator)

2025-07-12 13:21:29,510 - WARNING - /home/cchen/Hiccup/core/PesExploration/tools/energy_structure_filter.py:97: DeprecationWarning: Please use atoms.calc = calc
  atoms.set_calculator(calculator)

2025-07-12 13:21:29,550 - WARNING - /home/cchen/Hiccup/core/PesExploration/tools/energy_structure_filter.py:97: DeprecationWarning: Please use atoms.calc = calc
  atoms.set_calculator(calculator)

2025-07-12 13:21:29,590 - WARNING - /home/cchen/Hiccup/core/PesExploration/tools/energy_structure_filter.py:97: DeprecationWarning: Please use atoms.calc = calc
  atoms.set_calculator(calculator)

2025-07-12 13:21:29,629 - WARNING - /home/cchen/Hiccup/core/PesExploration/tools/energy_structure_filter.py:97: DeprecationWarning: Please use atoms.calc = calc
  atoms.set_calculator(calculator)

2025-07-12 13:21:29,665 - WARNING - /home/cchen/Hiccup/core/PesExploration/tools/energy_structure_filter.py:97: DeprecationWarning: Please use atoms.calc = calc
  atoms.set_calculator(calculator)

2025-07-12 13:21:29,702 - WARNING - /home/cchen/Hiccup/core/PesExploration/tools/energy_structure_filter.py:97: DeprecationWarning: Please use atoms.calc = calc
  atoms.set_calculator(calculator)

2025-07-12 13:21:29,736 - WARNING - /home/cchen/Hiccup/core/PesExploration/tools/energy_structure_filter.py:97: DeprecationWarning: Please use atoms.calc = calc
  atoms.set_calculator(calculator)

2025-07-12 13:21:29,765 - WARNING - /home/cchen/Hiccup/core/PesExploration/tools/energy_structure_filter.py:97: DeprecationWarning: Please use atoms.calc = calc
  atoms.set_calculator(calculator)

2025-07-12 13:21:29,794 - WARNING - /home/cchen/Hiccup/core/PesExploration/tools/energy_structure_filter.py:97: DeprecationWarning: Please use atoms.calc = calc
  atoms.set_calculator(calculator)

2025-07-12 13:21:29,824 - WARNING - /home/cchen/Hiccup/core/PesExploration/tools/energy_structure_filter.py:97: DeprecationWarning: Please use atoms.calc = calc
  atoms.set_calculator(calculator)

2025-07-12 13:21:29,870 - WARNING - /home/cchen/Hiccup/core/PesExploration/tools/energy_structure_filter.py:97: DeprecationWarning: Please use atoms.calc = calc
  atoms.set_calculator(calculator)

2025-07-12 13:21:29,899 - WARNING - /home/cchen/Hiccup/core/PesExploration/tools/energy_structure_filter.py:97: DeprecationWarning: Please use atoms.calc = calc
  atoms.set_calculator(calculator)

2025-07-12 13:21:29,928 - WARNING - /home/cchen/Hiccup/core/PesExploration/tools/energy_structure_filter.py:97: DeprecationWarning: Please use atoms.calc = calc
  atoms.set_calculator(calculator)

2025-07-12 13:21:29,969 - WARNING - /home/cchen/Hiccup/core/PesExploration/tools/energy_structure_filter.py:97: DeprecationWarning: Please use atoms.calc = calc
  atoms.set_calculator(calculator)

2025-07-12 13:21:30,000 - WARNING - /home/cchen/Hiccup/core/PesExploration/tools/energy_structure_filter.py:97: DeprecationWarning: Please use atoms.calc = calc
  atoms.set_calculator(calculator)

2025-07-12 13:21:30,029 - WARNING - /home/cchen/Hiccup/core/PesExploration/tools/energy_structure_filter.py:97: DeprecationWarning: Please use atoms.calc = calc
  atoms.set_calculator(calculator)

2025-07-12 13:21:30,058 - WARNING - /home/cchen/Hiccup/core/PesExploration/tools/energy_structure_filter.py:97: DeprecationWarning: Please use atoms.calc = calc
  atoms.set_calculator(calculator)

2025-07-12 13:21:30,100 - WARNING - /home/cchen/Hiccup/core/PesExploration/tools/energy_structure_filter.py:97: DeprecationWarning: Please use atoms.calc = calc
  atoms.set_calculator(calculator)

2025-07-12 13:21:30,131 - WARNING - /home/cchen/Hiccup/core/PesExploration/tools/energy_structure_filter.py:97: DeprecationWarning: Please use atoms.calc = calc
  atoms.set_calculator(calculator)

2025-07-12 13:21:30,160 - WARNING - /home/cchen/Hiccup/core/PesExploration/tools/energy_structure_filter.py:97: DeprecationWarning: Please use atoms.calc = calc
  atoms.set_calculator(calculator)

2025-07-12 13:21:30,189 - WARNING - /home/cchen/Hiccup/core/PesExploration/tools/energy_structure_filter.py:97: DeprecationWarning: Please use atoms.calc = calc
  atoms.set_calculator(calculator)

2025-07-12 13:21:30,218 - WARNING - /home/cchen/Hiccup/core/PesExploration/tools/energy_structure_filter.py:97: DeprecationWarning: Please use atoms.calc = calc
  atoms.set_calculator(calculator)

2025-07-12 13:21:30,265 - WARNING - /home/cchen/Hiccup/core/PesExploration/tools/energy_structure_filter.py:97: DeprecationWarning: Please use atoms.calc = calc
  atoms.set_calculator(calculator)

2025-07-12 13:21:30,294 - WARNING - /home/cchen/Hiccup/core/PesExploration/tools/energy_structure_filter.py:97: DeprecationWarning: Please use atoms.calc = calc
  atoms.set_calculator(calculator)

2025-07-12 13:21:30,333 - WARNING - /home/cchen/Hiccup/core/PesExploration/tools/energy_structure_filter.py:97: DeprecationWarning: Please use atoms.calc = calc
  atoms.set_calculator(calculator)

2025-07-12 13:21:30,366 - WARNING - /home/cchen/Hiccup/core/PesExploration/tools/energy_structure_filter.py:97: DeprecationWarning: Please use atoms.calc = calc
  atoms.set_calculator(calculator)

2025-07-12 13:21:30,398 - WARNING - /home/cchen/Hiccup/core/PesExploration/tools/energy_structure_filter.py:97: DeprecationWarning: Please use atoms.calc = calc
  atoms.set_calculator(calculator)

2025-07-12 13:21:30,428 - WARNING - /home/cchen/Hiccup/core/PesExploration/tools/energy_structure_filter.py:97: DeprecationWarning: Please use atoms.calc = calc
  atoms.set_calculator(calculator)

2025-07-12 13:21:30,458 - WARNING - /home/cchen/Hiccup/core/PesExploration/tools/energy_structure_filter.py:97: DeprecationWarning: Please use atoms.calc = calc
  atoms.set_calculator(calculator)

2025-07-12 13:21:30,488 - WARNING - /home/cchen/Hiccup/core/PesExploration/tools/energy_structure_filter.py:97: DeprecationWarning: Please use atoms.calc = calc
  atoms.set_calculator(calculator)

2025-07-12 13:21:30,528 - WARNING - /home/cchen/Hiccup/core/PesExploration/tools/energy_structure_filter.py:97: DeprecationWarning: Please use atoms.calc = calc
  atoms.set_calculator(calculator)

2025-07-12 13:21:30,558 - WARNING - /home/cchen/Hiccup/core/PesExploration/tools/energy_structure_filter.py:97: DeprecationWarning: Please use atoms.calc = calc
  atoms.set_calculator(calculator)

2025-07-12 13:21:30,588 - WARNING - /home/cchen/Hiccup/core/PesExploration/tools/energy_structure_filter.py:97: DeprecationWarning: Please use atoms.calc = calc
  atoms.set_calculator(calculator)

2025-07-12 13:21:30,616 - WARNING - /home/cchen/Hiccup/core/PesExploration/tools/energy_structure_filter.py:97: DeprecationWarning: Please use atoms.calc = calc
  atoms.set_calculator(calculator)

2025-07-12 13:21:30,656 - WARNING - /home/cchen/Hiccup/core/PesExploration/tools/energy_structure_filter.py:97: DeprecationWarning: Please use atoms.calc = calc
  atoms.set_calculator(calculator)

2025-07-12 13:21:30,696 - WARNING - /home/cchen/Hiccup/core/PesExploration/tools/energy_structure_filter.py:97: DeprecationWarning: Please use atoms.calc = calc
  atoms.set_calculator(calculator)

2025-07-12 13:21:30,728 - WARNING - /home/cchen/Hiccup/core/PesExploration/tools/energy_structure_filter.py:97: DeprecationWarning: Please use atoms.calc = calc
  atoms.set_calculator(calculator)

2025-07-12 13:21:30,758 - WARNING - /home/cchen/Hiccup/core/PesExploration/tools/energy_structure_filter.py:97: DeprecationWarning: Please use atoms.calc = calc
  atoms.set_calculator(calculator)

2025-07-12 13:21:30,798 - WARNING - /home/cchen/Hiccup/core/PesExploration/tools/energy_structure_filter.py:97: DeprecationWarning: Please use atoms.calc = calc
  atoms.set_calculator(calculator)

2025-07-12 13:21:30,831 - WARNING - /home/cchen/Hiccup/core/PesExploration/tools/energy_structure_filter.py:97: DeprecationWarning: Please use atoms.calc = calc
  atoms.set_calculator(calculator)

2025-07-12 13:21:30,860 - WARNING - /home/cchen/Hiccup/core/PesExploration/tools/energy_structure_filter.py:97: DeprecationWarning: Please use atoms.calc = calc
  atoms.set_calculator(calculator)

2025-07-12 13:21:30,889 - WARNING - /home/cchen/Hiccup/core/PesExploration/tools/energy_structure_filter.py:97: DeprecationWarning: Please use atoms.calc = calc
  atoms.set_calculator(calculator)

2025-07-12 13:21:30,919 - WARNING - /home/cchen/Hiccup/core/PesExploration/tools/energy_structure_filter.py:97: DeprecationWarning: Please use atoms.calc = calc
  atoms.set_calculator(calculator)

2025-07-12 13:21:30,957 - WARNING - /home/cchen/Hiccup/core/PesExploration/tools/energy_structure_filter.py:97: DeprecationWarning: Please use atoms.calc = calc
  atoms.set_calculator(calculator)

2025-07-12 13:21:30,990 - WARNING - /home/cchen/Hiccup/core/PesExploration/tools/energy_structure_filter.py:97: DeprecationWarning: Please use atoms.calc = calc
  atoms.set_calculator(calculator)

2025-07-12 13:21:31,021 - WARNING - /home/cchen/Hiccup/core/PesExploration/tools/energy_structure_filter.py:97: DeprecationWarning: Please use atoms.calc = calc
  atoms.set_calculator(calculator)

2025-07-12 13:21:31,051 - WARNING - /home/cchen/Hiccup/core/PesExploration/tools/energy_structure_filter.py:97: DeprecationWarning: Please use atoms.calc = calc
  atoms.set_calculator(calculator)

2025-07-12 13:21:31,081 - WARNING - /home/cchen/Hiccup/core/PesExploration/tools/energy_structure_filter.py:97: DeprecationWarning: Please use atoms.calc = calc
  atoms.set_calculator(calculator)

2025-07-12 13:21:31,111 - WARNING - /home/cchen/Hiccup/core/PesExploration/tools/energy_structure_filter.py:97: DeprecationWarning: Please use atoms.calc = calc
  atoms.set_calculator(calculator)

2025-07-12 13:21:31,140 - WARNING - /home/cchen/Hiccup/core/PesExploration/tools/energy_structure_filter.py:97: DeprecationWarning: Please use atoms.calc = calc
  atoms.set_calculator(calculator)

2025-07-12 13:21:31,168 - WARNING - /home/cchen/Hiccup/core/PesExploration/tools/energy_structure_filter.py:97: DeprecationWarning: Please use atoms.calc = calc
  atoms.set_calculator(calculator)

2025-07-12 13:21:31,198 - WARNING - /home/cchen/Hiccup/core/PesExploration/tools/energy_structure_filter.py:97: DeprecationWarning: Please use atoms.calc = calc
  atoms.set_calculator(calculator)

2025-07-12 13:21:31,230 - WARNING - /home/cchen/Hiccup/core/PesExploration/tools/energy_structure_filter.py:97: DeprecationWarning: Please use atoms.calc = calc
  atoms.set_calculator(calculator)

2025-07-12 13:21:31,260 - WARNING - /home/cchen/Hiccup/core/PesExploration/tools/energy_structure_filter.py:97: DeprecationWarning: Please use atoms.calc = calc
  atoms.set_calculator(calculator)

2025-07-12 13:21:31,290 - WARNING - /home/cchen/Hiccup/core/PesExploration/tools/energy_structure_filter.py:97: DeprecationWarning: Please use atoms.calc = calc
  atoms.set_calculator(calculator)

2025-07-12 13:21:31,320 - WARNING - /home/cchen/Hiccup/core/PesExploration/tools/energy_structure_filter.py:97: DeprecationWarning: Please use atoms.calc = calc
  atoms.set_calculator(calculator)

2025-07-12 13:21:31,360 - WARNING - /home/cchen/Hiccup/core/PesExploration/tools/energy_structure_filter.py:97: DeprecationWarning: Please use atoms.calc = calc
  atoms.set_calculator(calculator)

2025-07-12 13:21:31,395 - WARNING - /home/cchen/Hiccup/core/PesExploration/tools/energy_structure_filter.py:97: DeprecationWarning: Please use atoms.calc = calc
  atoms.set_calculator(calculator)

2025-07-12 13:21:31,425 - WARNING - /home/cchen/Hiccup/core/PesExploration/tools/energy_structure_filter.py:97: DeprecationWarning: Please use atoms.calc = calc
  atoms.set_calculator(calculator)

2025-07-12 13:21:31,454 - WARNING - /home/cchen/Hiccup/core/PesExploration/tools/energy_structure_filter.py:97: DeprecationWarning: Please use atoms.calc = calc
  atoms.set_calculator(calculator)

2025-07-12 13:21:31,496 - WARNING - /home/cchen/Hiccup/core/PesExploration/tools/energy_structure_filter.py:97: DeprecationWarning: Please use atoms.calc = calc
  atoms.set_calculator(calculator)

2025-07-12 13:21:31,527 - WARNING - /home/cchen/Hiccup/core/PesExploration/tools/energy_structure_filter.py:97: DeprecationWarning: Please use atoms.calc = calc
  atoms.set_calculator(calculator)

2025-07-12 13:21:31,556 - WARNING - /home/cchen/Hiccup/core/PesExploration/tools/energy_structure_filter.py:97: DeprecationWarning: Please use atoms.calc = calc
  atoms.set_calculator(calculator)

2025-07-12 13:21:31,585 - WARNING - /home/cchen/Hiccup/core/PesExploration/tools/energy_structure_filter.py:97: DeprecationWarning: Please use atoms.calc = calc
  atoms.set_calculator(calculator)

2025-07-12 13:21:31,630 - WARNING - /home/cchen/Hiccup/core/PesExploration/tools/energy_structure_filter.py:97: DeprecationWarning: Please use atoms.calc = calc
  atoms.set_calculator(calculator)

2025-07-12 13:21:31,659 - WARNING - /home/cchen/Hiccup/core/PesExploration/tools/energy_structure_filter.py:97: DeprecationWarning: Please use atoms.calc = calc
  atoms.set_calculator(calculator)

2025-07-12 13:21:31,701 - WARNING - /home/cchen/Hiccup/core/PesExploration/tools/energy_structure_filter.py:97: DeprecationWarning: Please use atoms.calc = calc
  atoms.set_calculator(calculator)

2025-07-12 13:21:31,745 - WARNING - /home/cchen/Hiccup/core/PesExploration/tools/energy_structure_filter.py:97: DeprecationWarning: Please use atoms.calc = calc
  atoms.set_calculator(calculator)

2025-07-12 13:21:31,780 - WARNING - /home/cchen/Hiccup/core/PesExploration/tools/energy_structure_filter.py:97: DeprecationWarning: Please use atoms.calc = calc
  atoms.set_calculator(calculator)

2025-07-12 13:21:31,807 - WARNING - /home/cchen/Hiccup/core/PesExploration/tools/energy_structure_filter.py:97: DeprecationWarning: Please use atoms.calc = calc
  atoms.set_calculator(calculator)

2025-07-12 13:21:31,833 - WARNING - /home/cchen/Hiccup/core/PesExploration/tools/energy_structure_filter.py:97: DeprecationWarning: Please use atoms.calc = calc
  atoms.set_calculator(calculator)

2025-07-12 13:21:31,860 - WARNING - /home/cchen/Hiccup/core/PesExploration/tools/energy_structure_filter.py:97: DeprecationWarning: Please use atoms.calc = calc
  atoms.set_calculator(calculator)

2025-07-12 13:21:31,899 - WARNING - /home/cchen/Hiccup/core/PesExploration/tools/energy_structure_filter.py:97: DeprecationWarning: Please use atoms.calc = calc
  atoms.set_calculator(calculator)

2025-07-12 13:21:31,940 - WARNING - /home/cchen/Hiccup/core/PesExploration/tools/energy_structure_filter.py:97: DeprecationWarning: Please use atoms.calc = calc
  atoms.set_calculator(calculator)

2025-07-12 13:21:31,979 - WARNING - /home/cchen/Hiccup/core/PesExploration/tools/energy_structure_filter.py:97: DeprecationWarning: Please use atoms.calc = calc
  atoms.set_calculator(calculator)

2025-07-12 13:21:32,019 - WARNING - /home/cchen/Hiccup/core/PesExploration/tools/energy_structure_filter.py:97: DeprecationWarning: Please use atoms.calc = calc
  atoms.set_calculator(calculator)

2025-07-12 13:21:32,060 - WARNING - /home/cchen/Hiccup/core/PesExploration/tools/energy_structure_filter.py:97: DeprecationWarning: Please use atoms.calc = calc
  atoms.set_calculator(calculator)

2025-07-12 13:21:32,094 - WARNING - /home/cchen/Hiccup/core/PesExploration/tools/energy_structure_filter.py:97: DeprecationWarning: Please use atoms.calc = calc
  atoms.set_calculator(calculator)

2025-07-12 13:21:32,127 - WARNING - /home/cchen/Hiccup/core/PesExploration/tools/energy_structure_filter.py:97: DeprecationWarning: Please use atoms.calc = calc
  atoms.set_calculator(calculator)

2025-07-12 13:21:32,173 - WARNING - /home/cchen/Hiccup/core/PesExploration/tools/energy_structure_filter.py:97: DeprecationWarning: Please use atoms.calc = calc
  atoms.set_calculator(calculator)

2025-07-12 13:21:32,204 - WARNING - /home/cchen/Hiccup/core/PesExploration/tools/energy_structure_filter.py:97: DeprecationWarning: Please use atoms.calc = calc
  atoms.set_calculator(calculator)

2025-07-12 13:21:32,233 - WARNING - /home/cchen/Hiccup/core/PesExploration/tools/energy_structure_filter.py:97: DeprecationWarning: Please use atoms.calc = calc
  atoms.set_calculator(calculator)

2025-07-12 13:21:32,262 - WARNING - /home/cchen/Hiccup/core/PesExploration/tools/energy_structure_filter.py:97: DeprecationWarning: Please use atoms.calc = calc
  atoms.set_calculator(calculator)

2025-07-12 13:21:32,301 - WARNING - /home/cchen/Hiccup/core/PesExploration/tools/energy_structure_filter.py:97: DeprecationWarning: Please use atoms.calc = calc
  atoms.set_calculator(calculator)

2025-07-12 13:21:32,344 - WARNING - /home/cchen/Hiccup/core/PesExploration/tools/energy_structure_filter.py:97: DeprecationWarning: Please use atoms.calc = calc
  atoms.set_calculator(calculator)

2025-07-12 13:21:32,382 - WARNING - /home/cchen/Hiccup/core/PesExploration/tools/energy_structure_filter.py:97: DeprecationWarning: Please use atoms.calc = calc
  atoms.set_calculator(calculator)

2025-07-12 13:21:32,421 - WARNING - /home/cchen/Hiccup/core/PesExploration/tools/energy_structure_filter.py:97: DeprecationWarning: Please use atoms.calc = calc
  atoms.set_calculator(calculator)

2025-07-12 13:21:32,461 - WARNING - /home/cchen/Hiccup/core/PesExploration/tools/energy_structure_filter.py:97: DeprecationWarning: Please use atoms.calc = calc
  atoms.set_calculator(calculator)

2025-07-12 13:21:32,500 - WARNING - /home/cchen/Hiccup/core/PesExploration/tools/energy_structure_filter.py:97: DeprecationWarning: Please use atoms.calc = calc
  atoms.set_calculator(calculator)

2025-07-12 13:21:32,539 - WARNING - /home/cchen/Hiccup/core/PesExploration/tools/energy_structure_filter.py:97: DeprecationWarning: Please use atoms.calc = calc
  atoms.set_calculator(calculator)

2025-07-12 13:21:32,574 - WARNING - /home/cchen/Hiccup/core/PesExploration/tools/energy_structure_filter.py:97: DeprecationWarning: Please use atoms.calc = calc
  atoms.set_calculator(calculator)

2025-07-12 13:21:32,608 - WARNING - /home/cchen/Hiccup/core/PesExploration/tools/energy_structure_filter.py:97: DeprecationWarning: Please use atoms.calc = calc
  atoms.set_calculator(calculator)

2025-07-12 13:21:32,648 - WARNING - /home/cchen/Hiccup/core/PesExploration/tools/energy_structure_filter.py:97: DeprecationWarning: Please use atoms.calc = calc
  atoms.set_calculator(calculator)

2025-07-12 13:21:32,687 - WARNING - /home/cchen/Hiccup/core/PesExploration/tools/energy_structure_filter.py:97: DeprecationWarning: Please use atoms.calc = calc
  atoms.set_calculator(calculator)

2025-07-12 13:21:32,727 - WARNING - /home/cchen/Hiccup/core/PesExploration/tools/energy_structure_filter.py:97: DeprecationWarning: Please use atoms.calc = calc
  atoms.set_calculator(calculator)

2025-07-12 13:21:32,768 - WARNING - /home/cchen/Hiccup/core/PesExploration/tools/energy_structure_filter.py:97: DeprecationWarning: Please use atoms.calc = calc
  atoms.set_calculator(calculator)

2025-07-12 13:21:32,807 - WARNING - /home/cchen/Hiccup/core/PesExploration/tools/energy_structure_filter.py:97: DeprecationWarning: Please use atoms.calc = calc
  atoms.set_calculator(calculator)

2025-07-12 13:21:32,846 - WARNING - /home/cchen/Hiccup/core/PesExploration/tools/energy_structure_filter.py:97: DeprecationWarning: Please use atoms.calc = calc
  atoms.set_calculator(calculator)

2025-07-12 13:21:32,885 - WARNING - /home/cchen/Hiccup/core/PesExploration/tools/energy_structure_filter.py:97: DeprecationWarning: Please use atoms.calc = calc
  atoms.set_calculator(calculator)

2025-07-12 13:21:32,924 - WARNING - /home/cchen/Hiccup/core/PesExploration/tools/energy_structure_filter.py:97: DeprecationWarning: Please use atoms.calc = calc
  atoms.set_calculator(calculator)

2025-07-12 13:21:32,963 - WARNING - /home/cchen/Hiccup/core/PesExploration/tools/energy_structure_filter.py:97: DeprecationWarning: Please use atoms.calc = calc
  atoms.set_calculator(calculator)

2025-07-12 13:21:33,003 - WARNING - /home/cchen/Hiccup/core/PesExploration/tools/energy_structure_filter.py:97: DeprecationWarning: Please use atoms.calc = calc
  atoms.set_calculator(calculator)

2025-07-12 13:21:33,041 - WARNING - /home/cchen/Hiccup/core/PesExploration/tools/energy_structure_filter.py:97: DeprecationWarning: Please use atoms.calc = calc
  atoms.set_calculator(calculator)

2025-07-12 13:21:33,082 - WARNING - /home/cchen/Hiccup/core/PesExploration/tools/energy_structure_filter.py:97: DeprecationWarning: Please use atoms.calc = calc
  atoms.set_calculator(calculator)

2025-07-12 13:21:33,120 - WARNING - /home/cchen/Hiccup/core/PesExploration/tools/energy_structure_filter.py:97: DeprecationWarning: Please use atoms.calc = calc
  atoms.set_calculator(calculator)

2025-07-12 13:21:33,160 - WARNING - /home/cchen/Hiccup/core/PesExploration/tools/energy_structure_filter.py:97: DeprecationWarning: Please use atoms.calc = calc
  atoms.set_calculator(calculator)

2025-07-12 13:21:33,199 - WARNING - /home/cchen/Hiccup/core/PesExploration/tools/energy_structure_filter.py:97: DeprecationWarning: Please use atoms.calc = calc
  atoms.set_calculator(calculator)

2025-07-12 13:21:33,238 - WARNING - /home/cchen/Hiccup/core/PesExploration/tools/energy_structure_filter.py:97: DeprecationWarning: Please use atoms.calc = calc
  atoms.set_calculator(calculator)

2025-07-12 13:21:33,278 - WARNING - /home/cchen/Hiccup/core/PesExploration/tools/energy_structure_filter.py:97: DeprecationWarning: Please use atoms.calc = calc
  atoms.set_calculator(calculator)

2025-07-12 13:21:33,317 - WARNING - /home/cchen/Hiccup/core/PesExploration/tools/energy_structure_filter.py:97: DeprecationWarning: Please use atoms.calc = calc
  atoms.set_calculator(calculator)

2025-07-12 13:21:33,344 - WARNING - /home/cchen/Hiccup/core/PesExploration/tools/energy_structure_filter.py:97: DeprecationWarning: Please use atoms.calc = calc
  atoms.set_calculator(calculator)

2025-07-12 13:21:33,375 - WARNING - /home/cchen/Hiccup/core/PesExploration/tools/energy_structure_filter.py:97: DeprecationWarning: Please use atoms.calc = calc
  atoms.set_calculator(calculator)

2025-07-12 13:21:33,402 - WARNING - /home/cchen/Hiccup/core/PesExploration/tools/energy_structure_filter.py:97: DeprecationWarning: Please use atoms.calc = calc
  atoms.set_calculator(calculator)

2025-07-12 13:21:33,442 - WARNING - /home/cchen/Hiccup/core/PesExploration/tools/energy_structure_filter.py:97: DeprecationWarning: Please use atoms.calc = calc
  atoms.set_calculator(calculator)

2025-07-12 13:21:33,476 - WARNING - /home/cchen/Hiccup/core/PesExploration/tools/energy_structure_filter.py:97: DeprecationWarning: Please use atoms.calc = calc
  atoms.set_calculator(calculator)

2025-07-12 13:21:33,508 - WARNING - /home/cchen/Hiccup/core/PesExploration/tools/energy_structure_filter.py:97: DeprecationWarning: Please use atoms.calc = calc
  atoms.set_calculator(calculator)

2025-07-12 13:21:33,547 - WARNING - /home/cchen/Hiccup/core/PesExploration/tools/energy_structure_filter.py:97: DeprecationWarning: Please use atoms.calc = calc
  atoms.set_calculator(calculator)

2025-07-12 13:21:33,576 - WARNING - /home/cchen/Hiccup/core/PesExploration/tools/energy_structure_filter.py:97: DeprecationWarning: Please use atoms.calc = calc
  atoms.set_calculator(calculator)

2025-07-12 13:21:33,614 - WARNING - /home/cchen/Hiccup/core/PesExploration/tools/energy_structure_filter.py:97: DeprecationWarning: Please use atoms.calc = calc
  atoms.set_calculator(calculator)

2025-07-12 13:21:33,646 - WARNING - /home/cchen/Hiccup/core/PesExploration/tools/energy_structure_filter.py:97: DeprecationWarning: Please use atoms.calc = calc
  atoms.set_calculator(calculator)

2025-07-12 13:21:33,675 - WARNING - /home/cchen/Hiccup/core/PesExploration/tools/energy_structure_filter.py:97: DeprecationWarning: Please use atoms.calc = calc
  atoms.set_calculator(calculator)

2025-07-12 13:21:33,714 - WARNING - /home/cchen/Hiccup/core/PesExploration/tools/energy_structure_filter.py:97: DeprecationWarning: Please use atoms.calc = calc
  atoms.set_calculator(calculator)

2025-07-12 13:21:33,754 - WARNING - /home/cchen/Hiccup/core/PesExploration/tools/energy_structure_filter.py:97: DeprecationWarning: Please use atoms.calc = calc
  atoms.set_calculator(calculator)

2025-07-12 13:21:33,789 - WARNING - /home/cchen/Hiccup/core/PesExploration/tools/energy_structure_filter.py:97: DeprecationWarning: Please use atoms.calc = calc
  atoms.set_calculator(calculator)

2025-07-12 13:21:33,817 - WARNING - /home/cchen/Hiccup/core/PesExploration/tools/energy_structure_filter.py:97: DeprecationWarning: Please use atoms.calc = calc
  atoms.set_calculator(calculator)

2025-07-12 13:21:33,849 - WARNING - /home/cchen/Hiccup/core/PesExploration/tools/energy_structure_filter.py:97: DeprecationWarning: Please use atoms.calc = calc
  atoms.set_calculator(calculator)

2025-07-12 13:21:33,880 - WARNING - /home/cchen/Hiccup/core/PesExploration/tools/energy_structure_filter.py:97: DeprecationWarning: Please use atoms.calc = calc
  atoms.set_calculator(calculator)

2025-07-12 13:21:33,914 - WARNING - /home/cchen/Hiccup/core/PesExploration/tools/energy_structure_filter.py:97: DeprecationWarning: Please use atoms.calc = calc
  atoms.set_calculator(calculator)

2025-07-12 13:21:33,942 - WARNING - /home/cchen/Hiccup/core/PesExploration/tools/energy_structure_filter.py:97: DeprecationWarning: Please use atoms.calc = calc
  atoms.set_calculator(calculator)

2025-07-12 13:21:33,980 - WARNING - /home/cchen/Hiccup/core/PesExploration/tools/energy_structure_filter.py:97: DeprecationWarning: Please use atoms.calc = calc
  atoms.set_calculator(calculator)

2025-07-12 13:21:34,018 - WARNING - /home/cchen/Hiccup/core/PesExploration/tools/energy_structure_filter.py:97: DeprecationWarning: Please use atoms.calc = calc
  atoms.set_calculator(calculator)

2025-07-12 13:21:34,048 - WARNING - /home/cchen/Hiccup/core/PesExploration/tools/energy_structure_filter.py:97: DeprecationWarning: Please use atoms.calc = calc
  atoms.set_calculator(calculator)

2025-07-12 13:21:34,082 - WARNING - /home/cchen/Hiccup/core/PesExploration/tools/energy_structure_filter.py:97: DeprecationWarning: Please use atoms.calc = calc
  atoms.set_calculator(calculator)

2025-07-12 13:21:34,111 - WARNING - /home/cchen/Hiccup/core/PesExploration/tools/energy_structure_filter.py:97: DeprecationWarning: Please use atoms.calc = calc
  atoms.set_calculator(calculator)

2025-07-12 13:21:34,150 - WARNING - /home/cchen/Hiccup/core/PesExploration/tools/energy_structure_filter.py:97: DeprecationWarning: Please use atoms.calc = calc
  atoms.set_calculator(calculator)

2025-07-12 13:21:34,189 - WARNING - /home/cchen/Hiccup/core/PesExploration/tools/energy_structure_filter.py:97: DeprecationWarning: Please use atoms.calc = calc
  atoms.set_calculator(calculator)

2025-07-12 13:21:34,222 - WARNING - /home/cchen/Hiccup/core/PesExploration/tools/energy_structure_filter.py:97: DeprecationWarning: Please use atoms.calc = calc
  atoms.set_calculator(calculator)

2025-07-12 13:21:34,274 - WARNING - /home/cchen/Hiccup/core/PesExploration/tools/energy_structure_filter.py:97: DeprecationWarning: Please use atoms.calc = calc
  atoms.set_calculator(calculator)

2025-07-12 13:21:34,304 - WARNING - /home/cchen/Hiccup/core/PesExploration/tools/energy_structure_filter.py:97: DeprecationWarning: Please use atoms.calc = calc
  atoms.set_calculator(calculator)

2025-07-12 13:21:34,334 - WARNING - /home/cchen/Hiccup/core/PesExploration/tools/energy_structure_filter.py:97: DeprecationWarning: Please use atoms.calc = calc
  atoms.set_calculator(calculator)

2025-07-12 13:21:34,377 - WARNING - /home/cchen/Hiccup/core/PesExploration/tools/energy_structure_filter.py:97: DeprecationWarning: Please use atoms.calc = calc
  atoms.set_calculator(calculator)

2025-07-12 13:21:34,429 - WARNING - /home/cchen/Hiccup/core/PesExploration/tools/energy_structure_filter.py:97: DeprecationWarning: Please use atoms.calc = calc
  atoms.set_calculator(calculator)

2025-07-12 13:21:34,459 - WARNING - /home/cchen/Hiccup/core/PesExploration/tools/energy_structure_filter.py:97: DeprecationWarning: Please use atoms.calc = calc
  atoms.set_calculator(calculator)

2025-07-12 13:21:34,498 - WARNING - /home/cchen/Hiccup/core/PesExploration/tools/energy_structure_filter.py:97: DeprecationWarning: Please use atoms.calc = calc
  atoms.set_calculator(calculator)

2025-07-12 13:21:34,550 - WARNING - /home/cchen/Hiccup/core/PesExploration/tools/energy_structure_filter.py:97: DeprecationWarning: Please use atoms.calc = calc
  atoms.set_calculator(calculator)

2025-07-12 13:21:34,580 - WARNING - /home/cchen/Hiccup/core/PesExploration/tools/energy_structure_filter.py:97: DeprecationWarning: Please use atoms.calc = calc
  atoms.set_calculator(calculator)

2025-07-12 13:21:34,609 - WARNING - /home/cchen/Hiccup/core/PesExploration/tools/energy_structure_filter.py:97: DeprecationWarning: Please use atoms.calc = calc
  atoms.set_calculator(calculator)

2025-07-12 13:21:34,639 - WARNING - /home/cchen/Hiccup/core/PesExploration/tools/energy_structure_filter.py:97: DeprecationWarning: Please use atoms.calc = calc
  atoms.set_calculator(calculator)

2025-07-12 13:21:34,683 - WARNING - /home/cchen/Hiccup/core/PesExploration/tools/energy_structure_filter.py:97: DeprecationWarning: Please use atoms.calc = calc
  atoms.set_calculator(calculator)

2025-07-12 13:21:34,717 - WARNING - /home/cchen/Hiccup/core/PesExploration/tools/energy_structure_filter.py:97: DeprecationWarning: Please use atoms.calc = calc
  atoms.set_calculator(calculator)

2025-07-12 13:21:34,748 - WARNING - /home/cchen/Hiccup/core/PesExploration/tools/energy_structure_filter.py:97: DeprecationWarning: Please use atoms.calc = calc
  atoms.set_calculator(calculator)

2025-07-12 13:21:34,781 - WARNING - /home/cchen/Hiccup/core/PesExploration/tools/energy_structure_filter.py:97: DeprecationWarning: Please use atoms.calc = calc
  atoms.set_calculator(calculator)

2025-07-12 13:21:34,820 - WARNING - /home/cchen/Hiccup/core/PesExploration/tools/energy_structure_filter.py:97: DeprecationWarning: Please use atoms.calc = calc
  atoms.set_calculator(calculator)

2025-07-12 13:21:34,860 - WARNING - /home/cchen/Hiccup/core/PesExploration/tools/energy_structure_filter.py:97: DeprecationWarning: Please use atoms.calc = calc
  atoms.set_calculator(calculator)

2025-07-12 13:21:34,900 - WARNING - /home/cchen/Hiccup/core/PesExploration/tools/energy_structure_filter.py:97: DeprecationWarning: Please use atoms.calc = calc
  atoms.set_calculator(calculator)

2025-07-12 13:21:34,942 - WARNING - /home/cchen/Hiccup/core/PesExploration/tools/energy_structure_filter.py:97: DeprecationWarning: Please use atoms.calc = calc
  atoms.set_calculator(calculator)

2025-07-12 13:21:34,978 - WARNING - /home/cchen/Hiccup/core/PesExploration/tools/energy_structure_filter.py:97: DeprecationWarning: Please use atoms.calc = calc
  atoms.set_calculator(calculator)

2025-07-12 13:21:35,010 - WARNING - /home/cchen/Hiccup/core/PesExploration/tools/energy_structure_filter.py:97: DeprecationWarning: Please use atoms.calc = calc
  atoms.set_calculator(calculator)

2025-07-12 13:21:35,040 - WARNING - /home/cchen/Hiccup/core/PesExploration/tools/energy_structure_filter.py:97: DeprecationWarning: Please use atoms.calc = calc
  atoms.set_calculator(calculator)

2025-07-12 13:21:35,085 - WARNING - /home/cchen/Hiccup/core/PesExploration/tools/energy_structure_filter.py:97: DeprecationWarning: Please use atoms.calc = calc
  atoms.set_calculator(calculator)

2025-07-12 13:21:35,114 - WARNING - /home/cchen/Hiccup/core/PesExploration/tools/energy_structure_filter.py:97: DeprecationWarning: Please use atoms.calc = calc
  atoms.set_calculator(calculator)

2025-07-12 13:21:35,143 - WARNING - /home/cchen/Hiccup/core/PesExploration/tools/energy_structure_filter.py:97: DeprecationWarning: Please use atoms.calc = calc
  atoms.set_calculator(calculator)

2025-07-12 13:21:35,173 - WARNING - /home/cchen/Hiccup/core/PesExploration/tools/energy_structure_filter.py:97: DeprecationWarning: Please use atoms.calc = calc
  atoms.set_calculator(calculator)

2025-07-12 13:21:35,219 - WARNING - /home/cchen/Hiccup/core/PesExploration/tools/energy_structure_filter.py:97: DeprecationWarning: Please use atoms.calc = calc
  atoms.set_calculator(calculator)

2025-07-12 13:21:35,251 - WARNING - /home/cchen/Hiccup/core/PesExploration/tools/energy_structure_filter.py:97: DeprecationWarning: Please use atoms.calc = calc
  atoms.set_calculator(calculator)

2025-07-12 13:21:35,280 - WARNING - /home/cchen/Hiccup/core/PesExploration/tools/energy_structure_filter.py:97: DeprecationWarning: Please use atoms.calc = calc
  atoms.set_calculator(calculator)

2025-07-12 13:21:35,315 - WARNING - /home/cchen/Hiccup/core/PesExploration/tools/energy_structure_filter.py:97: DeprecationWarning: Please use atoms.calc = calc
  atoms.set_calculator(calculator)

2025-07-12 13:21:35,356 - WARNING - /home/cchen/Hiccup/core/PesExploration/tools/energy_structure_filter.py:97: DeprecationWarning: Please use atoms.calc = calc
  atoms.set_calculator(calculator)

2025-07-12 13:21:35,392 - WARNING - /home/cchen/Hiccup/core/PesExploration/tools/energy_structure_filter.py:97: DeprecationWarning: Please use atoms.calc = calc
  atoms.set_calculator(calculator)

2025-07-12 13:21:35,425 - WARNING - /home/cchen/Hiccup/core/PesExploration/tools/energy_structure_filter.py:97: DeprecationWarning: Please use atoms.calc = calc
  atoms.set_calculator(calculator)

2025-07-12 13:21:35,456 - WARNING - /home/cchen/Hiccup/core/PesExploration/tools/energy_structure_filter.py:97: DeprecationWarning: Please use atoms.calc = calc
  atoms.set_calculator(calculator)

2025-07-12 13:21:35,487 - WARNING - /home/cchen/Hiccup/core/PesExploration/tools/energy_structure_filter.py:97: DeprecationWarning: Please use atoms.calc = calc
  atoms.set_calculator(calculator)

2025-07-12 13:21:35,518 - WARNING - /home/cchen/Hiccup/core/PesExploration/tools/energy_structure_filter.py:97: DeprecationWarning: Please use atoms.calc = calc
  atoms.set_calculator(calculator)

2025-07-12 13:21:35,547 - WARNING - /home/cchen/Hiccup/core/PesExploration/tools/energy_structure_filter.py:97: DeprecationWarning: Please use atoms.calc = calc
  atoms.set_calculator(calculator)

2025-07-12 13:21:35,576 - WARNING - /home/cchen/Hiccup/core/PesExploration/tools/energy_structure_filter.py:97: DeprecationWarning: Please use atoms.calc = calc
  atoms.set_calculator(calculator)

2025-07-12 13:21:35,605 - WARNING - /home/cchen/Hiccup/core/PesExploration/tools/energy_structure_filter.py:97: DeprecationWarning: Please use atoms.calc = calc
  atoms.set_calculator(calculator)

2025-07-12 13:21:35,645 - WARNING - /home/cchen/Hiccup/core/PesExploration/tools/energy_structure_filter.py:97: DeprecationWarning: Please use atoms.calc = calc
  atoms.set_calculator(calculator)

2025-07-12 13:21:35,675 - WARNING - /home/cchen/Hiccup/core/PesExploration/tools/energy_structure_filter.py:97: DeprecationWarning: Please use atoms.calc = calc
  atoms.set_calculator(calculator)

2025-07-12 13:21:35,704 - WARNING - /home/cchen/Hiccup/core/PesExploration/tools/energy_structure_filter.py:97: DeprecationWarning: Please use atoms.calc = calc
  atoms.set_calculator(calculator)

2025-07-12 13:21:35,733 - WARNING - /home/cchen/Hiccup/core/PesExploration/tools/energy_structure_filter.py:97: DeprecationWarning: Please use atoms.calc = calc
  atoms.set_calculator(calculator)

2025-07-12 13:21:35,778 - WARNING - /home/cchen/Hiccup/core/PesExploration/tools/energy_structure_filter.py:97: DeprecationWarning: Please use atoms.calc = calc
  atoms.set_calculator(calculator)

2025-07-12 13:21:35,808 - WARNING - /home/cchen/Hiccup/core/PesExploration/tools/energy_structure_filter.py:97: DeprecationWarning: Please use atoms.calc = calc
  atoms.set_calculator(calculator)

2025-07-12 13:21:35,837 - WARNING - /home/cchen/Hiccup/core/PesExploration/tools/energy_structure_filter.py:97: DeprecationWarning: Please use atoms.calc = calc
  atoms.set_calculator(calculator)

2025-07-12 13:21:35,869 - WARNING - /home/cchen/Hiccup/core/PesExploration/tools/energy_structure_filter.py:97: DeprecationWarning: Please use atoms.calc = calc
  atoms.set_calculator(calculator)

2025-07-12 13:21:35,899 - WARNING - /home/cchen/Hiccup/core/PesExploration/tools/energy_structure_filter.py:97: DeprecationWarning: Please use atoms.calc = calc
  atoms.set_calculator(calculator)

2025-07-12 13:21:35,927 - WARNING - /home/cchen/Hiccup/core/PesExploration/tools/energy_structure_filter.py:97: DeprecationWarning: Please use atoms.calc = calc
  atoms.set_calculator(calculator)

2025-07-12 13:21:35,957 - WARNING - /home/cchen/Hiccup/core/PesExploration/tools/energy_structure_filter.py:97: DeprecationWarning: Please use atoms.calc = calc
  atoms.set_calculator(calculator)

2025-07-12 13:21:35,986 - WARNING - /home/cchen/Hiccup/core/PesExploration/tools/energy_structure_filter.py:97: DeprecationWarning: Please use atoms.calc = calc
  atoms.set_calculator(calculator)

2025-07-12 13:21:36,025 - WARNING - /home/cchen/Hiccup/core/PesExploration/tools/energy_structure_filter.py:97: DeprecationWarning: Please use atoms.calc = calc
  atoms.set_calculator(calculator)

2025-07-12 13:21:36,060 - WARNING - /home/cchen/Hiccup/core/PesExploration/tools/energy_structure_filter.py:97: DeprecationWarning: Please use atoms.calc = calc
  atoms.set_calculator(calculator)

2025-07-12 13:21:36,090 - WARNING - /home/cchen/Hiccup/core/PesExploration/tools/energy_structure_filter.py:97: DeprecationWarning: Please use atoms.calc = calc
  atoms.set_calculator(calculator)

2025-07-12 13:21:36,118 - WARNING - /home/cchen/Hiccup/core/PesExploration/tools/energy_structure_filter.py:97: DeprecationWarning: Please use atoms.calc = calc
  atoms.set_calculator(calculator)

2025-07-12 13:21:36,149 - WARNING - /home/cchen/Hiccup/core/PesExploration/tools/energy_structure_filter.py:97: DeprecationWarning: Please use atoms.calc = calc
  atoms.set_calculator(calculator)

2025-07-12 13:21:36,188 - WARNING - /home/cchen/Hiccup/core/PesExploration/tools/energy_structure_filter.py:97: DeprecationWarning: Please use atoms.calc = calc
  atoms.set_calculator(calculator)

2025-07-12 13:21:36,217 - WARNING - /home/cchen/Hiccup/core/PesExploration/tools/energy_structure_filter.py:97: DeprecationWarning: Please use atoms.calc = calc
  atoms.set_calculator(calculator)

2025-07-12 13:21:36,247 - WARNING - /home/cchen/Hiccup/core/PesExploration/tools/energy_structure_filter.py:97: DeprecationWarning: Please use atoms.calc = calc
  atoms.set_calculator(calculator)

2025-07-12 13:21:36,280 - WARNING - /home/cchen/Hiccup/core/PesExploration/tools/energy_structure_filter.py:97: DeprecationWarning: Please use atoms.calc = calc
  atoms.set_calculator(calculator)

2025-07-12 13:21:36,321 - WARNING - /home/cchen/Hiccup/core/PesExploration/tools/energy_structure_filter.py:97: DeprecationWarning: Please use atoms.calc = calc
  atoms.set_calculator(calculator)

2025-07-12 13:21:36,351 - WARNING - /home/cchen/Hiccup/core/PesExploration/tools/energy_structure_filter.py:97: DeprecationWarning: Please use atoms.calc = calc
  atoms.set_calculator(calculator)

2025-07-12 13:21:36,380 - WARNING - /home/cchen/Hiccup/core/PesExploration/tools/energy_structure_filter.py:97: DeprecationWarning: Please use atoms.calc = calc
  atoms.set_calculator(calculator)

2025-07-12 13:21:36,417 - WARNING - /home/cchen/Hiccup/core/PesExploration/tools/energy_structure_filter.py:97: DeprecationWarning: Please use atoms.calc = calc
  atoms.set_calculator(calculator)

2025-07-12 13:21:36,452 - WARNING - /home/cchen/Hiccup/core/PesExploration/tools/energy_structure_filter.py:97: DeprecationWarning: Please use atoms.calc = calc
  atoms.set_calculator(calculator)

2025-07-12 13:21:36,481 - WARNING - /home/cchen/Hiccup/core/PesExploration/tools/energy_structure_filter.py:97: DeprecationWarning: Please use atoms.calc = calc
  atoms.set_calculator(calculator)

2025-07-12 13:21:36,512 - WARNING - /home/cchen/Hiccup/core/PesExploration/tools/energy_structure_filter.py:97: DeprecationWarning: Please use atoms.calc = calc
  atoms.set_calculator(calculator)

2025-07-12 13:21:36,556 - WARNING - /home/cchen/Hiccup/core/PesExploration/tools/energy_structure_filter.py:97: DeprecationWarning: Please use atoms.calc = calc
  atoms.set_calculator(calculator)

2025-07-12 13:21:36,586 - WARNING - /home/cchen/Hiccup/core/PesExploration/tools/energy_structure_filter.py:97: DeprecationWarning: Please use atoms.calc = calc
  atoms.set_calculator(calculator)

2025-07-12 13:21:36,616 - WARNING - /home/cchen/Hiccup/core/PesExploration/tools/energy_structure_filter.py:97: DeprecationWarning: Please use atoms.calc = calc
  atoms.set_calculator(calculator)

2025-07-12 13:21:36,644 - WARNING - /home/cchen/Hiccup/core/PesExploration/tools/energy_structure_filter.py:97: DeprecationWarning: Please use atoms.calc = calc
  atoms.set_calculator(calculator)

2025-07-12 13:21:36,674 - WARNING - /home/cchen/Hiccup/core/PesExploration/tools/energy_structure_filter.py:97: DeprecationWarning: Please use atoms.calc = calc
  atoms.set_calculator(calculator)

2025-07-12 13:21:36,714 - WARNING - /home/cchen/Hiccup/core/PesExploration/tools/energy_structure_filter.py:97: DeprecationWarning: Please use atoms.calc = calc
  atoms.set_calculator(calculator)

2025-07-12 13:21:36,744 - WARNING - /home/cchen/Hiccup/core/PesExploration/tools/energy_structure_filter.py:97: DeprecationWarning: Please use atoms.calc = calc
  atoms.set_calculator(calculator)

2025-07-12 13:21:36,773 - WARNING - /home/cchen/Hiccup/core/PesExploration/tools/energy_structure_filter.py:97: DeprecationWarning: Please use atoms.calc = calc
  atoms.set_calculator(calculator)

2025-07-12 13:21:36,801 - WARNING - /home/cchen/Hiccup/core/PesExploration/tools/energy_structure_filter.py:97: DeprecationWarning: Please use atoms.calc = calc
  atoms.set_calculator(calculator)

2025-07-12 13:21:36,846 - WARNING - /home/cchen/Hiccup/core/PesExploration/tools/energy_structure_filter.py:97: DeprecationWarning: Please use atoms.calc = calc
  atoms.set_calculator(calculator)

2025-07-12 13:21:36,876 - WARNING - /home/cchen/Hiccup/core/PesExploration/tools/energy_structure_filter.py:97: DeprecationWarning: Please use atoms.calc = calc
  atoms.set_calculator(calculator)

2025-07-12 13:21:36,904 - WARNING - /home/cchen/Hiccup/core/PesExploration/tools/energy_structure_filter.py:97: DeprecationWarning: Please use atoms.calc = calc
  atoms.set_calculator(calculator)

2025-07-12 13:21:36,933 - WARNING - /home/cchen/Hiccup/core/PesExploration/tools/energy_structure_filter.py:97: DeprecationWarning: Please use atoms.calc = calc
  atoms.set_calculator(calculator)

2025-07-12 13:21:36,972 - WARNING - /home/cchen/Hiccup/core/PesExploration/tools/energy_structure_filter.py:97: DeprecationWarning: Please use atoms.calc = calc
  atoms.set_calculator(calculator)

2025-07-12 13:21:37,012 - WARNING - /home/cchen/Hiccup/core/PesExploration/tools/energy_structure_filter.py:97: DeprecationWarning: Please use atoms.calc = calc
  atoms.set_calculator(calculator)

2025-07-12 13:21:37,051 - WARNING - /home/cchen/Hiccup/core/PesExploration/tools/energy_structure_filter.py:97: DeprecationWarning: Please use atoms.calc = calc
  atoms.set_calculator(calculator)

2025-07-12 13:21:37,092 - WARNING - /home/cchen/Hiccup/core/PesExploration/tools/energy_structure_filter.py:97: DeprecationWarning: Please use atoms.calc = calc
  atoms.set_calculator(calculator)

2025-07-12 13:21:37,127 - WARNING - /home/cchen/Hiccup/core/PesExploration/tools/energy_structure_filter.py:97: DeprecationWarning: Please use atoms.calc = calc
  atoms.set_calculator(calculator)

2025-07-12 13:21:37,157 - WARNING - /home/cchen/Hiccup/core/PesExploration/tools/energy_structure_filter.py:97: DeprecationWarning: Please use atoms.calc = calc
  atoms.set_calculator(calculator)

2025-07-12 13:21:37,187 - WARNING - /home/cchen/Hiccup/core/PesExploration/tools/energy_structure_filter.py:97: DeprecationWarning: Please use atoms.calc = calc
  atoms.set_calculator(calculator)

2025-07-12 13:21:37,231 - WARNING - /home/cchen/Hiccup/core/PesExploration/tools/energy_structure_filter.py:97: DeprecationWarning: Please use atoms.calc = calc
  atoms.set_calculator(calculator)

2025-07-12 13:21:37,265 - WARNING - /home/cchen/Hiccup/core/PesExploration/tools/energy_structure_filter.py:97: DeprecationWarning: Please use atoms.calc = calc
  atoms.set_calculator(calculator)

2025-07-12 13:21:37,295 - WARNING - /home/cchen/Hiccup/core/PesExploration/tools/energy_structure_filter.py:97: DeprecationWarning: Please use atoms.calc = calc
  atoms.set_calculator(calculator)

2025-07-12 13:21:37,323 - WARNING - /home/cchen/Hiccup/core/PesExploration/tools/energy_structure_filter.py:97: DeprecationWarning: Please use atoms.calc = calc
  atoms.set_calculator(calculator)

2025-07-12 13:21:37,353 - WARNING - /home/cchen/Hiccup/core/PesExploration/tools/energy_structure_filter.py:97: DeprecationWarning: Please use atoms.calc = calc
  atoms.set_calculator(calculator)

2025-07-12 13:21:37,384 - WARNING - /home/cchen/Hiccup/core/PesExploration/tools/energy_structure_filter.py:97: DeprecationWarning: Please use atoms.calc = calc
  atoms.set_calculator(calculator)

2025-07-12 13:21:37,413 - WARNING - /home/cchen/Hiccup/core/PesExploration/tools/energy_structure_filter.py:97: DeprecationWarning: Please use atoms.calc = calc
  atoms.set_calculator(calculator)

2025-07-12 13:21:37,442 - WARNING - /home/cchen/Hiccup/core/PesExploration/tools/energy_structure_filter.py:97: DeprecationWarning: Please use atoms.calc = calc
  atoms.set_calculator(calculator)

2025-07-12 13:21:37,470 - WARNING - /home/cchen/Hiccup/core/PesExploration/tools/energy_structure_filter.py:97: DeprecationWarning: Please use atoms.calc = calc
  atoms.set_calculator(calculator)

2025-07-12 13:21:37,507 - WARNING - /home/cchen/Hiccup/core/PesExploration/tools/energy_structure_filter.py:97: DeprecationWarning: Please use atoms.calc = calc
  atoms.set_calculator(calculator)

2025-07-12 13:21:37,541 - WARNING - /home/cchen/Hiccup/core/PesExploration/tools/energy_structure_filter.py:97: DeprecationWarning: Please use atoms.calc = calc
  atoms.set_calculator(calculator)

2025-07-12 13:21:37,567 - WARNING - /home/cchen/Hiccup/core/PesExploration/tools/energy_structure_filter.py:97: DeprecationWarning: Please use atoms.calc = calc
  atoms.set_calculator(calculator)

2025-07-12 13:21:37,610 - WARNING - /home/cchen/Hiccup/core/PesExploration/tools/energy_structure_filter.py:97: DeprecationWarning: Please use atoms.calc = calc
  atoms.set_calculator(calculator)

2025-07-12 13:21:37,660 - WARNING - /home/cchen/Hiccup/core/PesExploration/tools/energy_structure_filter.py:97: DeprecationWarning: Please use atoms.calc = calc
  atoms.set_calculator(calculator)

2025-07-12 13:21:37,690 - WARNING - /home/cchen/Hiccup/core/PesExploration/tools/energy_structure_filter.py:97: DeprecationWarning: Please use atoms.calc = calc
  atoms.set_calculator(calculator)

2025-07-12 13:21:37,721 - WARNING - /home/cchen/Hiccup/core/PesExploration/tools/energy_structure_filter.py:97: DeprecationWarning: Please use atoms.calc = calc
  atoms.set_calculator(calculator)

2025-07-12 13:21:37,751 - WARNING - /home/cchen/Hiccup/core/PesExploration/tools/energy_structure_filter.py:97: DeprecationWarning: Please use atoms.calc = calc
  atoms.set_calculator(calculator)

2025-07-12 13:21:37,791 - WARNING - /home/cchen/Hiccup/core/PesExploration/tools/energy_structure_filter.py:97: DeprecationWarning: Please use atoms.calc = calc
  atoms.set_calculator(calculator)

2025-07-12 13:21:37,831 - WARNING - /home/cchen/Hiccup/core/PesExploration/tools/energy_structure_filter.py:97: DeprecationWarning: Please use atoms.calc = calc
  atoms.set_calculator(calculator)

2025-07-12 13:21:37,860 - WARNING - /home/cchen/Hiccup/core/PesExploration/tools/energy_structure_filter.py:97: DeprecationWarning: Please use atoms.calc = calc
  atoms.set_calculator(calculator)

2025-07-12 13:21:37,887 - WARNING - /home/cchen/Hiccup/core/PesExploration/tools/energy_structure_filter.py:97: DeprecationWarning: Please use atoms.calc = calc
  atoms.set_calculator(calculator)

2025-07-12 13:21:37,924 - WARNING - /home/cchen/Hiccup/core/PesExploration/tools/energy_structure_filter.py:97: DeprecationWarning: Please use atoms.calc = calc
  atoms.set_calculator(calculator)

2025-07-12 13:21:37,951 - WARNING - /home/cchen/Hiccup/core/PesExploration/tools/energy_structure_filter.py:97: DeprecationWarning: Please use atoms.calc = calc
  atoms.set_calculator(calculator)

2025-07-12 13:21:37,984 - WARNING - /home/cchen/Hiccup/core/PesExploration/tools/energy_structure_filter.py:97: DeprecationWarning: Please use atoms.calc = calc
  atoms.set_calculator(calculator)

2025-07-12 13:21:38,016 - WARNING - /home/cchen/Hiccup/core/PesExploration/tools/energy_structure_filter.py:97: DeprecationWarning: Please use atoms.calc = calc
  atoms.set_calculator(calculator)

2025-07-12 13:21:38,060 - WARNING - /home/cchen/Hiccup/core/PesExploration/tools/energy_structure_filter.py:97: DeprecationWarning: Please use atoms.calc = calc
  atoms.set_calculator(calculator)

2025-07-12 13:21:38,092 - WARNING - /home/cchen/Hiccup/core/PesExploration/tools/energy_structure_filter.py:97: DeprecationWarning: Please use atoms.calc = calc
  atoms.set_calculator(calculator)

2025-07-12 13:21:38,124 - WARNING - /home/cchen/Hiccup/core/PesExploration/tools/energy_structure_filter.py:97: DeprecationWarning: Please use atoms.calc = calc
  atoms.set_calculator(calculator)

2025-07-12 13:21:38,150 - WARNING - /home/cchen/Hiccup/core/PesExploration/tools/energy_structure_filter.py:97: DeprecationWarning: Please use atoms.calc = calc
  atoms.set_calculator(calculator)

2025-07-12 13:21:38,177 - WARNING - /home/cchen/Hiccup/core/PesExploration/tools/energy_structure_filter.py:97: DeprecationWarning: Please use atoms.calc = calc
  atoms.set_calculator(calculator)

2025-07-12 13:21:38,213 - WARNING - /home/cchen/Hiccup/core/PesExploration/tools/energy_structure_filter.py:97: DeprecationWarning: Please use atoms.calc = calc
  atoms.set_calculator(calculator)

2025-07-12 13:21:38,242 - WARNING - /home/cchen/Hiccup/core/PesExploration/tools/energy_structure_filter.py:97: DeprecationWarning: Please use atoms.calc = calc
  atoms.set_calculator(calculator)

2025-07-12 13:21:38,274 - WARNING - /home/cchen/Hiccup/core/PesExploration/tools/energy_structure_filter.py:97: DeprecationWarning: Please use atoms.calc = calc
  atoms.set_calculator(calculator)

2025-07-12 13:21:38,305 - WARNING - /home/cchen/Hiccup/core/PesExploration/tools/energy_structure_filter.py:97: DeprecationWarning: Please use atoms.calc = calc
  atoms.set_calculator(calculator)

2025-07-12 13:21:38,344 - WARNING - /home/cchen/Hiccup/core/PesExploration/tools/energy_structure_filter.py:97: DeprecationWarning: Please use atoms.calc = calc
  atoms.set_calculator(calculator)

2025-07-12 13:21:38,376 - WARNING - /home/cchen/Hiccup/core/PesExploration/tools/energy_structure_filter.py:97: DeprecationWarning: Please use atoms.calc = calc
  atoms.set_calculator(calculator)

2025-07-12 13:21:38,408 - WARNING - /home/cchen/Hiccup/core/PesExploration/tools/energy_structure_filter.py:97: DeprecationWarning: Please use atoms.calc = calc
  atoms.set_calculator(calculator)

2025-07-12 13:21:38,438 - WARNING - /home/cchen/Hiccup/core/PesExploration/tools/energy_structure_filter.py:97: DeprecationWarning: Please use atoms.calc = calc
  atoms.set_calculator(calculator)

2025-07-12 13:21:38,472 - WARNING - /home/cchen/Hiccup/core/PesExploration/tools/energy_structure_filter.py:97: DeprecationWarning: Please use atoms.calc = calc
  atoms.set_calculator(calculator)

2025-07-12 13:21:38,503 - WARNING - /home/cchen/Hiccup/core/PesExploration/tools/energy_structure_filter.py:97: DeprecationWarning: Please use atoms.calc = calc
  atoms.set_calculator(calculator)

2025-07-12 13:21:38,532 - WARNING - /home/cchen/Hiccup/core/PesExploration/tools/energy_structure_filter.py:97: DeprecationWarning: Please use atoms.calc = calc
  atoms.set_calculator(calculator)

2025-07-12 13:21:38,561 - WARNING - /home/cchen/Hiccup/core/PesExploration/tools/energy_structure_filter.py:97: DeprecationWarning: Please use atoms.calc = calc
  atoms.set_calculator(calculator)

2025-07-12 13:21:38,590 - WARNING - /home/cchen/Hiccup/core/PesExploration/tools/energy_structure_filter.py:97: DeprecationWarning: Please use atoms.calc = calc
  atoms.set_calculator(calculator)

2025-07-12 13:21:38,636 - WARNING - /home/cchen/Hiccup/core/PesExploration/tools/energy_structure_filter.py:97: DeprecationWarning: Please use atoms.calc = calc
  atoms.set_calculator(calculator)

2025-07-12 13:21:38,665 - WARNING - /home/cchen/Hiccup/core/PesExploration/tools/energy_structure_filter.py:97: DeprecationWarning: Please use atoms.calc = calc
  atoms.set_calculator(calculator)

2025-07-12 13:21:38,694 - WARNING - /home/cchen/Hiccup/core/PesExploration/tools/energy_structure_filter.py:97: DeprecationWarning: Please use atoms.calc = calc
  atoms.set_calculator(calculator)

2025-07-12 13:21:38,724 - WARNING - /home/cchen/Hiccup/core/PesExploration/tools/energy_structure_filter.py:97: DeprecationWarning: Please use atoms.calc = calc
  atoms.set_calculator(calculator)

2025-07-12 13:21:38,770 - WARNING - /home/cchen/Hiccup/core/PesExploration/tools/energy_structure_filter.py:97: DeprecationWarning: Please use atoms.calc = calc
  atoms.set_calculator(calculator)

2025-07-12 13:21:38,800 - WARNING - /home/cchen/Hiccup/core/PesExploration/tools/energy_structure_filter.py:97: DeprecationWarning: Please use atoms.calc = calc
  atoms.set_calculator(calculator)

2025-07-12 13:21:38,828 - WARNING - /home/cchen/Hiccup/core/PesExploration/tools/energy_structure_filter.py:97: DeprecationWarning: Please use atoms.calc = calc
  atoms.set_calculator(calculator)

2025-07-12 13:21:38,858 - WARNING - /home/cchen/Hiccup/core/PesExploration/tools/energy_structure_filter.py:97: DeprecationWarning: Please use atoms.calc = calc
  atoms.set_calculator(calculator)

2025-07-12 13:21:38,888 - WARNING - /home/cchen/Hiccup/core/PesExploration/tools/energy_structure_filter.py:97: DeprecationWarning: Please use atoms.calc = calc
  atoms.set_calculator(calculator)

2025-07-12 13:21:38,919 - WARNING - /home/cchen/Hiccup/core/PesExploration/tools/energy_structure_filter.py:97: DeprecationWarning: Please use atoms.calc = calc
  atoms.set_calculator(calculator)

2025-07-12 13:21:38,948 - WARNING - /home/cchen/Hiccup/core/PesExploration/tools/energy_structure_filter.py:97: DeprecationWarning: Please use atoms.calc = calc
  atoms.set_calculator(calculator)

2025-07-12 13:21:38,977 - WARNING - /home/cchen/Hiccup/core/PesExploration/tools/energy_structure_filter.py:97: DeprecationWarning: Please use atoms.calc = calc
  atoms.set_calculator(calculator)

2025-07-12 13:21:39,018 - WARNING - /home/cchen/Hiccup/core/PesExploration/tools/energy_structure_filter.py:97: DeprecationWarning: Please use atoms.calc = calc
  atoms.set_calculator(calculator)

2025-07-12 13:21:39,049 - WARNING - /home/cchen/Hiccup/core/PesExploration/tools/energy_structure_filter.py:97: DeprecationWarning: Please use atoms.calc = calc
  atoms.set_calculator(calculator)

2025-07-12 13:21:39,081 - WARNING - /home/cchen/Hiccup/core/PesExploration/tools/energy_structure_filter.py:97: DeprecationWarning: Please use atoms.calc = calc
  atoms.set_calculator(calculator)

2025-07-12 13:21:39,112 - WARNING - /home/cchen/Hiccup/core/PesExploration/tools/energy_structure_filter.py:97: DeprecationWarning: Please use atoms.calc = calc
  atoms.set_calculator(calculator)

2025-07-12 13:21:39,141 - WARNING - /home/cchen/Hiccup/core/PesExploration/tools/energy_structure_filter.py:97: DeprecationWarning: Please use atoms.calc = calc
  atoms.set_calculator(calculator)

2025-07-12 13:21:39,172 - WARNING - /home/cchen/Hiccup/core/PesExploration/tools/energy_structure_filter.py:97: DeprecationWarning: Please use atoms.calc = calc
  atoms.set_calculator(calculator)

2025-07-12 13:21:39,205 - WARNING - /home/cchen/Hiccup/core/PesExploration/tools/energy_structure_filter.py:97: DeprecationWarning: Please use atoms.calc = calc
  atoms.set_calculator(calculator)

2025-07-12 13:21:39,235 - WARNING - /home/cchen/Hiccup/core/PesExploration/tools/energy_structure_filter.py:97: DeprecationWarning: Please use atoms.calc = calc
  atoms.set_calculator(calculator)

2025-07-12 13:21:39,265 - WARNING - /home/cchen/Hiccup/core/PesExploration/tools/energy_structure_filter.py:97: DeprecationWarning: Please use atoms.calc = calc
  atoms.set_calculator(calculator)

2025-07-12 13:21:39,295 - WARNING - /home/cchen/Hiccup/core/PesExploration/tools/energy_structure_filter.py:97: DeprecationWarning: Please use atoms.calc = calc
  atoms.set_calculator(calculator)

2025-07-12 13:21:39,330 - WARNING - /home/cchen/Hiccup/core/PesExploration/tools/energy_structure_filter.py:97: DeprecationWarning: Please use atoms.calc = calc
  atoms.set_calculator(calculator)

2025-07-12 13:21:39,361 - WARNING - /home/cchen/Hiccup/core/PesExploration/tools/energy_structure_filter.py:97: DeprecationWarning: Please use atoms.calc = calc
  atoms.set_calculator(calculator)

2025-07-12 13:21:39,391 - WARNING - /home/cchen/Hiccup/core/PesExploration/tools/energy_structure_filter.py:97: DeprecationWarning: Please use atoms.calc = calc
  atoms.set_calculator(calculator)

2025-07-12 13:21:39,431 - WARNING - /home/cchen/Hiccup/core/PesExploration/tools/energy_structure_filter.py:97: DeprecationWarning: Please use atoms.calc = calc
  atoms.set_calculator(calculator)

2025-07-12 13:21:39,468 - WARNING - /home/cchen/Hiccup/core/PesExploration/tools/energy_structure_filter.py:97: DeprecationWarning: Please use atoms.calc = calc
  atoms.set_calculator(calculator)

2025-07-12 13:21:39,499 - WARNING - /home/cchen/Hiccup/core/PesExploration/tools/energy_structure_filter.py:97: DeprecationWarning: Please use atoms.calc = calc
  atoms.set_calculator(calculator)

2025-07-12 13:21:39,527 - WARNING - /home/cchen/Hiccup/core/PesExploration/tools/energy_structure_filter.py:97: DeprecationWarning: Please use atoms.calc = calc
  atoms.set_calculator(calculator)

2025-07-12 13:21:39,571 - WARNING - /home/cchen/Hiccup/core/PesExploration/tools/energy_structure_filter.py:97: DeprecationWarning: Please use atoms.calc = calc
  atoms.set_calculator(calculator)

2025-07-12 13:21:39,602 - WARNING - /home/cchen/Hiccup/core/PesExploration/tools/energy_structure_filter.py:97: DeprecationWarning: Please use atoms.calc = calc
  atoms.set_calculator(calculator)

2025-07-12 13:21:39,632 - WARNING - /home/cchen/Hiccup/core/PesExploration/tools/energy_structure_filter.py:97: DeprecationWarning: Please use atoms.calc = calc
  atoms.set_calculator(calculator)

2025-07-12 13:21:39,661 - WARNING - /home/cchen/Hiccup/core/PesExploration/tools/energy_structure_filter.py:97: DeprecationWarning: Please use atoms.calc = calc
  atoms.set_calculator(calculator)

2025-07-12 13:21:39,692 - WARNING - /home/cchen/Hiccup/core/PesExploration/tools/energy_structure_filter.py:97: DeprecationWarning: Please use atoms.calc = calc
  atoms.set_calculator(calculator)

2025-07-12 13:21:39,733 - WARNING - /home/cchen/Hiccup/core/PesExploration/tools/energy_structure_filter.py:97: DeprecationWarning: Please use atoms.calc = calc
  atoms.set_calculator(calculator)

2025-07-12 13:21:39,763 - WARNING - /home/cchen/Hiccup/core/PesExploration/tools/energy_structure_filter.py:97: DeprecationWarning: Please use atoms.calc = calc
  atoms.set_calculator(calculator)

2025-07-12 13:21:39,796 - WARNING - /home/cchen/Hiccup/core/PesExploration/tools/energy_structure_filter.py:97: DeprecationWarning: Please use atoms.calc = calc
  atoms.set_calculator(calculator)

2025-07-12 13:21:39,829 - WARNING - /home/cchen/Hiccup/core/PesExploration/tools/energy_structure_filter.py:97: DeprecationWarning: Please use atoms.calc = calc
  atoms.set_calculator(calculator)

2025-07-12 13:21:39,870 - WARNING - /home/cchen/Hiccup/core/PesExploration/tools/energy_structure_filter.py:97: DeprecationWarning: Please use atoms.calc = calc
  atoms.set_calculator(calculator)

2025-07-12 13:21:39,899 - WARNING - /home/cchen/Hiccup/core/PesExploration/tools/energy_structure_filter.py:97: DeprecationWarning: Please use atoms.calc = calc
  atoms.set_calculator(calculator)

2025-07-12 13:21:39,931 - WARNING - /home/cchen/Hiccup/core/PesExploration/tools/energy_structure_filter.py:97: DeprecationWarning: Please use atoms.calc = calc
  atoms.set_calculator(calculator)

2025-07-12 13:21:39,960 - WARNING - /home/cchen/Hiccup/core/PesExploration/tools/energy_structure_filter.py:97: DeprecationWarning: Please use atoms.calc = calc
  atoms.set_calculator(calculator)

2025-07-12 13:21:39,991 - WARNING - /home/cchen/Hiccup/core/PesExploration/tools/energy_structure_filter.py:97: DeprecationWarning: Please use atoms.calc = calc
  atoms.set_calculator(calculator)

2025-07-12 13:21:40,029 - WARNING - /home/cchen/Hiccup/core/PesExploration/tools/energy_structure_filter.py:97: DeprecationWarning: Please use atoms.calc = calc
  atoms.set_calculator(calculator)

2025-07-12 13:21:40,064 - WARNING - /home/cchen/Hiccup/core/PesExploration/tools/energy_structure_filter.py:97: DeprecationWarning: Please use atoms.calc = calc
  atoms.set_calculator(calculator)

2025-07-12 13:21:40,098 - WARNING - /home/cchen/Hiccup/core/PesExploration/tools/energy_structure_filter.py:97: DeprecationWarning: Please use atoms.calc = calc
  atoms.set_calculator(calculator)

2025-07-12 13:21:40,144 - WARNING - /home/cchen/Hiccup/core/PesExploration/tools/energy_structure_filter.py:97: DeprecationWarning: Please use atoms.calc = calc
  atoms.set_calculator(calculator)

2025-07-12 13:21:40,176 - WARNING - /home/cchen/Hiccup/core/PesExploration/tools/energy_structure_filter.py:97: DeprecationWarning: Please use atoms.calc = calc
  atoms.set_calculator(calculator)

2025-07-12 13:21:40,205 - WARNING - /home/cchen/Hiccup/core/PesExploration/tools/energy_structure_filter.py:97: DeprecationWarning: Please use atoms.calc = calc
  atoms.set_calculator(calculator)

2025-07-12 13:21:40,235 - WARNING - /home/cchen/Hiccup/core/PesExploration/tools/energy_structure_filter.py:97: DeprecationWarning: Please use atoms.calc = calc
  atoms.set_calculator(calculator)

2025-07-12 13:21:40,265 - WARNING - /home/cchen/Hiccup/core/PesExploration/tools/energy_structure_filter.py:97: DeprecationWarning: Please use atoms.calc = calc
  atoms.set_calculator(calculator)

2025-07-12 13:21:40,295 - WARNING - /home/cchen/Hiccup/core/PesExploration/tools/energy_structure_filter.py:97: DeprecationWarning: Please use atoms.calc = calc
  atoms.set_calculator(calculator)

2025-07-12 13:21:40,323 - WARNING - /home/cchen/Hiccup/core/PesExploration/tools/energy_structure_filter.py:97: DeprecationWarning: Please use atoms.calc = calc
  atoms.set_calculator(calculator)

2025-07-12 13:21:40,352 - WARNING - /home/cchen/Hiccup/core/PesExploration/tools/energy_structure_filter.py:97: DeprecationWarning: Please use atoms.calc = calc
  atoms.set_calculator(calculator)

2025-07-12 13:21:40,387 - WARNING - /home/cchen/Hiccup/core/PesExploration/tools/energy_structure_filter.py:97: DeprecationWarning: Please use atoms.calc = calc
  atoms.set_calculator(calculator)

2025-07-12 13:21:40,418 - WARNING - /home/cchen/Hiccup/core/PesExploration/tools/energy_structure_filter.py:97: DeprecationWarning: Please use atoms.calc = calc
  atoms.set_calculator(calculator)

2025-07-12 13:21:40,447 - WARNING - /home/cchen/Hiccup/core/PesExploration/tools/energy_structure_filter.py:97: DeprecationWarning: Please use atoms.calc = calc
  atoms.set_calculator(calculator)

2025-07-12 13:21:40,476 - WARNING - /home/cchen/Hiccup/core/PesExploration/tools/energy_structure_filter.py:97: DeprecationWarning: Please use atoms.calc = calc
  atoms.set_calculator(calculator)

2025-07-12 13:21:40,518 - WARNING - /home/cchen/Hiccup/core/PesExploration/tools/energy_structure_filter.py:97: DeprecationWarning: Please use atoms.calc = calc
  atoms.set_calculator(calculator)

2025-07-12 13:21:40,553 - WARNING - /home/cchen/Hiccup/core/PesExploration/tools/energy_structure_filter.py:97: DeprecationWarning: Please use atoms.calc = calc
  atoms.set_calculator(calculator)

2025-07-12 13:21:40,584 - WARNING - /home/cchen/Hiccup/core/PesExploration/tools/energy_structure_filter.py:97: DeprecationWarning: Please use atoms.calc = calc
  atoms.set_calculator(calculator)

2025-07-12 13:21:40,614 - WARNING - /home/cchen/Hiccup/core/PesExploration/tools/energy_structure_filter.py:97: DeprecationWarning: Please use atoms.calc = calc
  atoms.set_calculator(calculator)

2025-07-12 13:21:40,644 - WARNING - /home/cchen/Hiccup/core/PesExploration/tools/energy_structure_filter.py:97: DeprecationWarning: Please use atoms.calc = calc
  atoms.set_calculator(calculator)

2025-07-12 13:21:40,674 - WARNING - /home/cchen/Hiccup/core/PesExploration/tools/energy_structure_filter.py:97: DeprecationWarning: Please use atoms.calc = calc
  atoms.set_calculator(calculator)

2025-07-12 13:21:40,704 - WARNING - /home/cchen/Hiccup/core/PesExploration/tools/energy_structure_filter.py:97: DeprecationWarning: Please use atoms.calc = calc
  atoms.set_calculator(calculator)

2025-07-12 13:21:40,733 - WARNING - /home/cchen/Hiccup/core/PesExploration/tools/energy_structure_filter.py:97: DeprecationWarning: Please use atoms.calc = calc
  atoms.set_calculator(calculator)

2025-07-12 13:21:40,774 - WARNING - /home/cchen/Hiccup/core/PesExploration/tools/energy_structure_filter.py:97: DeprecationWarning: Please use atoms.calc = calc
  atoms.set_calculator(calculator)

2025-07-12 13:21:40,813 - WARNING - /home/cchen/Hiccup/core/PesExploration/tools/energy_structure_filter.py:97: DeprecationWarning: Please use atoms.calc = calc
  atoms.set_calculator(calculator)

2025-07-12 13:21:40,845 - WARNING - /home/cchen/Hiccup/core/PesExploration/tools/energy_structure_filter.py:97: DeprecationWarning: Please use atoms.calc = calc
  atoms.set_calculator(calculator)

2025-07-12 13:21:40,875 - WARNING - /home/cchen/Hiccup/core/PesExploration/tools/energy_structure_filter.py:97: DeprecationWarning: Please use atoms.calc = calc
  atoms.set_calculator(calculator)

2025-07-12 13:21:40,905 - WARNING - /home/cchen/Hiccup/core/PesExploration/tools/energy_structure_filter.py:97: DeprecationWarning: Please use atoms.calc = calc
  atoms.set_calculator(calculator)

2025-07-12 13:21:40,945 - WARNING - /home/cchen/Hiccup/core/PesExploration/tools/energy_structure_filter.py:97: DeprecationWarning: Please use atoms.calc = calc
  atoms.set_calculator(calculator)

2025-07-12 13:21:40,978 - WARNING - /home/cchen/Hiccup/core/PesExploration/tools/energy_structure_filter.py:97: DeprecationWarning: Please use atoms.calc = calc
  atoms.set_calculator(calculator)

2025-07-12 13:21:41,007 - WARNING - /home/cchen/Hiccup/core/PesExploration/tools/energy_structure_filter.py:97: DeprecationWarning: Please use atoms.calc = calc
  atoms.set_calculator(calculator)

2025-07-12 13:21:41,053 - WARNING - /home/cchen/Hiccup/core/PesExploration/tools/energy_structure_filter.py:97: DeprecationWarning: Please use atoms.calc = calc
  atoms.set_calculator(calculator)

2025-07-12 13:21:41,097 - WARNING - /home/cchen/Hiccup/core/PesExploration/tools/energy_structure_filter.py:97: DeprecationWarning: Please use atoms.calc = calc
  atoms.set_calculator(calculator)

2025-07-12 13:21:41,126 - WARNING - /home/cchen/Hiccup/core/PesExploration/tools/energy_structure_filter.py:97: DeprecationWarning: Please use atoms.calc = calc
  atoms.set_calculator(calculator)

2025-07-12 13:21:41,155 - WARNING - /home/cchen/Hiccup/core/PesExploration/tools/energy_structure_filter.py:97: DeprecationWarning: Please use atoms.calc = calc
  atoms.set_calculator(calculator)

2025-07-12 13:21:41,185 - WARNING - /home/cchen/Hiccup/core/PesExploration/tools/energy_structure_filter.py:97: DeprecationWarning: Please use atoms.calc = calc
  atoms.set_calculator(calculator)

2025-07-12 13:21:41,215 - WARNING - /home/cchen/Hiccup/core/PesExploration/tools/energy_structure_filter.py:97: DeprecationWarning: Please use atoms.calc = calc
  atoms.set_calculator(calculator)

2025-07-12 13:21:41,247 - WARNING - /home/cchen/Hiccup/core/PesExploration/tools/energy_structure_filter.py:97: DeprecationWarning: Please use atoms.calc = calc
  atoms.set_calculator(calculator)

2025-07-12 13:21:41,277 - WARNING - /home/cchen/Hiccup/core/PesExploration/tools/energy_structure_filter.py:97: DeprecationWarning: Please use atoms.calc = calc
  atoms.set_calculator(calculator)

2025-07-12 13:21:41,307 - WARNING - /home/cchen/Hiccup/core/PesExploration/tools/energy_structure_filter.py:97: DeprecationWarning: Please use atoms.calc = calc
  atoms.set_calculator(calculator)

2025-07-12 13:21:41,337 - WARNING - /home/cchen/Hiccup/core/PesExploration/tools/energy_structure_filter.py:97: DeprecationWarning: Please use atoms.calc = calc
  atoms.set_calculator(calculator)

2025-07-12 13:21:41,368 - WARNING - /home/cchen/Hiccup/core/PesExploration/tools/energy_structure_filter.py:97: DeprecationWarning: Please use atoms.calc = calc
  atoms.set_calculator(calculator)

2025-07-12 13:21:41,398 - WARNING - /home/cchen/Hiccup/core/PesExploration/tools/energy_structure_filter.py:97: DeprecationWarning: Please use atoms.calc = calc
  atoms.set_calculator(calculator)

2025-07-12 13:21:41,426 - WARNING - /home/cchen/Hiccup/core/PesExploration/tools/energy_structure_filter.py:97: DeprecationWarning: Please use atoms.calc = calc
  atoms.set_calculator(calculator)

2025-07-12 13:21:41,456 - WARNING - /home/cchen/Hiccup/core/PesExploration/tools/energy_structure_filter.py:97: DeprecationWarning: Please use atoms.calc = calc
  atoms.set_calculator(calculator)

2025-07-12 13:21:41,502 - WARNING - /home/cchen/Hiccup/core/PesExploration/tools/energy_structure_filter.py:97: DeprecationWarning: Please use atoms.calc = calc
  atoms.set_calculator(calculator)

2025-07-12 13:21:41,531 - WARNING - /home/cchen/Hiccup/core/PesExploration/tools/energy_structure_filter.py:97: DeprecationWarning: Please use atoms.calc = calc
  atoms.set_calculator(calculator)

2025-07-12 13:21:41,563 - WARNING - /home/cchen/Hiccup/core/PesExploration/tools/energy_structure_filter.py:97: DeprecationWarning: Please use atoms.calc = calc
  atoms.set_calculator(calculator)

2025-07-12 13:21:41,596 - WARNING - /home/cchen/Hiccup/core/PesExploration/tools/energy_structure_filter.py:97: DeprecationWarning: Please use atoms.calc = calc
  atoms.set_calculator(calculator)

2025-07-12 13:21:41,641 - WARNING - /home/cchen/Hiccup/core/PesExploration/tools/energy_structure_filter.py:97: DeprecationWarning: Please use atoms.calc = calc
  atoms.set_calculator(calculator)

2025-07-12 13:21:41,671 - WARNING - /home/cchen/Hiccup/core/PesExploration/tools/energy_structure_filter.py:97: DeprecationWarning: Please use atoms.calc = calc
  atoms.set_calculator(calculator)

2025-07-12 13:21:41,700 - WARNING - /home/cchen/Hiccup/core/PesExploration/tools/energy_structure_filter.py:97: DeprecationWarning: Please use atoms.calc = calc
  atoms.set_calculator(calculator)

2025-07-12 13:21:41,738 - WARNING - /home/cchen/Hiccup/core/PesExploration/tools/energy_structure_filter.py:97: DeprecationWarning: Please use atoms.calc = calc
  atoms.set_calculator(calculator)

2025-07-12 13:21:41,783 - WARNING - /home/cchen/Hiccup/core/PesExploration/tools/energy_structure_filter.py:97: DeprecationWarning: Please use atoms.calc = calc
  atoms.set_calculator(calculator)

2025-07-12 13:21:41,812 - WARNING - /home/cchen/Hiccup/core/PesExploration/tools/energy_structure_filter.py:97: DeprecationWarning: Please use atoms.calc = calc
  atoms.set_calculator(calculator)

2025-07-12 13:21:41,840 - WARNING - /home/cchen/Hiccup/core/PesExploration/tools/energy_structure_filter.py:97: DeprecationWarning: Please use atoms.calc = calc
  atoms.set_calculator(calculator)

2025-07-12 13:21:41,870 - WARNING - /home/cchen/Hiccup/core/PesExploration/tools/energy_structure_filter.py:97: DeprecationWarning: Please use atoms.calc = calc
  atoms.set_calculator(calculator)

2025-07-12 13:21:41,912 - WARNING - /home/cchen/Hiccup/core/PesExploration/tools/energy_structure_filter.py:97: DeprecationWarning: Please use atoms.calc = calc
  atoms.set_calculator(calculator)

2025-07-12 13:21:41,942 - WARNING - /home/cchen/Hiccup/core/PesExploration/tools/energy_structure_filter.py:97: DeprecationWarning: Please use atoms.calc = calc
  atoms.set_calculator(calculator)

2025-07-12 13:21:41,971 - WARNING - /home/cchen/Hiccup/core/PesExploration/tools/energy_structure_filter.py:97: DeprecationWarning: Please use atoms.calc = calc
  atoms.set_calculator(calculator)

2025-07-12 13:21:42,003 - WARNING - /home/cchen/Hiccup/core/PesExploration/tools/energy_structure_filter.py:97: DeprecationWarning: Please use atoms.calc = calc
  atoms.set_calculator(calculator)

2025-07-12 13:21:42,048 - WARNING - /home/cchen/Hiccup/core/PesExploration/tools/energy_structure_filter.py:97: DeprecationWarning: Please use atoms.calc = calc
  atoms.set_calculator(calculator)

2025-07-12 13:21:42,078 - WARNING - /home/cchen/Hiccup/core/PesExploration/tools/energy_structure_filter.py:97: DeprecationWarning: Please use atoms.calc = calc
  atoms.set_calculator(calculator)

2025-07-12 13:21:42,117 - WARNING - /home/cchen/Hiccup/core/PesExploration/tools/energy_structure_filter.py:97: DeprecationWarning: Please use atoms.calc = calc
  atoms.set_calculator(calculator)

2025-07-12 13:21:42,155 - WARNING - /home/cchen/Hiccup/core/PesExploration/tools/energy_structure_filter.py:97: DeprecationWarning: Please use atoms.calc = calc
  atoms.set_calculator(calculator)

2025-07-12 13:21:42,189 - WARNING - /home/cchen/Hiccup/core/PesExploration/tools/energy_structure_filter.py:97: DeprecationWarning: Please use atoms.calc = calc
  atoms.set_calculator(calculator)

2025-07-12 13:21:42,220 - WARNING - /home/cchen/Hiccup/core/PesExploration/tools/energy_structure_filter.py:97: DeprecationWarning: Please use atoms.calc = calc
  atoms.set_calculator(calculator)

2025-07-12 13:21:42,260 - WARNING - /home/cchen/Hiccup/core/PesExploration/tools/energy_structure_filter.py:97: DeprecationWarning: Please use atoms.calc = calc
  atoms.set_calculator(calculator)

2025-07-12 13:21:42,318 - WARNING - /home/cchen/Hiccup/core/PesExploration/tools/energy_structure_filter.py:97: DeprecationWarning: Please use atoms.calc = calc
  atoms.set_calculator(calculator)

2025-07-12 13:21:42,349 - WARNING - /home/cchen/Hiccup/core/PesExploration/tools/energy_structure_filter.py:97: DeprecationWarning: Please use atoms.calc = calc
  atoms.set_calculator(calculator)

2025-07-12 13:21:42,390 - WARNING - /home/cchen/Hiccup/core/PesExploration/tools/energy_structure_filter.py:97: DeprecationWarning: Please use atoms.calc = calc
  atoms.set_calculator(calculator)

2025-07-12 13:21:42,432 - WARNING - /home/cchen/Hiccup/core/PesExploration/tools/energy_structure_filter.py:97: DeprecationWarning: Please use atoms.calc = calc
  atoms.set_calculator(calculator)

2025-07-12 13:21:42,472 - WARNING - /home/cchen/Hiccup/core/PesExploration/tools/energy_structure_filter.py:97: DeprecationWarning: Please use atoms.calc = calc
  atoms.set_calculator(calculator)

2025-07-12 13:21:42,504 - WARNING - /home/cchen/Hiccup/core/PesExploration/tools/energy_structure_filter.py:97: DeprecationWarning: Please use atoms.calc = calc
  atoms.set_calculator(calculator)

2025-07-12 13:21:42,535 - WARNING - /home/cchen/Hiccup/core/PesExploration/tools/energy_structure_filter.py:97: DeprecationWarning: Please use atoms.calc = calc
  atoms.set_calculator(calculator)

2025-07-12 13:21:42,574 - WARNING - /home/cchen/Hiccup/core/PesExploration/tools/energy_structure_filter.py:97: DeprecationWarning: Please use atoms.calc = calc
  atoms.set_calculator(calculator)

2025-07-12 13:21:42,606 - WARNING - /home/cchen/Hiccup/core/PesExploration/tools/energy_structure_filter.py:97: DeprecationWarning: Please use atoms.calc = calc
  atoms.set_calculator(calculator)

2025-07-12 13:21:42,639 - WARNING - /home/cchen/Hiccup/core/PesExploration/tools/energy_structure_filter.py:97: DeprecationWarning: Please use atoms.calc = calc
  atoms.set_calculator(calculator)

2025-07-12 13:21:42,669 - WARNING - /home/cchen/Hiccup/core/PesExploration/tools/energy_structure_filter.py:97: DeprecationWarning: Please use atoms.calc = calc
  atoms.set_calculator(calculator)

2025-07-12 13:21:42,698 - WARNING - /home/cchen/Hiccup/core/PesExploration/tools/energy_structure_filter.py:97: DeprecationWarning: Please use atoms.calc = calc
  atoms.set_calculator(calculator)

2025-07-12 13:21:42,740 - WARNING - /home/cchen/Hiccup/core/PesExploration/tools/energy_structure_filter.py:97: DeprecationWarning: Please use atoms.calc = calc
  atoms.set_calculator(calculator)

2025-07-12 13:21:42,774 - WARNING - /home/cchen/Hiccup/core/PesExploration/tools/energy_structure_filter.py:97: DeprecationWarning: Please use atoms.calc = calc
  atoms.set_calculator(calculator)

2025-07-12 13:21:42,807 - WARNING - /home/cchen/Hiccup/core/PesExploration/tools/energy_structure_filter.py:97: DeprecationWarning: Please use atoms.calc = calc
  atoms.set_calculator(calculator)

2025-07-12 13:21:42,842 - WARNING - /home/cchen/Hiccup/core/PesExploration/tools/energy_structure_filter.py:97: DeprecationWarning: Please use atoms.calc = calc
  atoms.set_calculator(calculator)

2025-07-12 13:21:42,891 - WARNING - /home/cchen/Hiccup/core/PesExploration/tools/energy_structure_filter.py:97: DeprecationWarning: Please use atoms.calc = calc
  atoms.set_calculator(calculator)

2025-07-12 13:21:42,924 - WARNING - /home/cchen/Hiccup/core/PesExploration/tools/energy_structure_filter.py:97: DeprecationWarning: Please use atoms.calc = calc
  atoms.set_calculator(calculator)

2025-07-12 13:21:42,954 - WARNING - /home/cchen/Hiccup/core/PesExploration/tools/energy_structure_filter.py:97: DeprecationWarning: Please use atoms.calc = calc
  atoms.set_calculator(calculator)

2025-07-12 13:21:42,998 - WARNING - /home/cchen/Hiccup/core/PesExploration/tools/energy_structure_filter.py:97: DeprecationWarning: Please use atoms.calc = calc
  atoms.set_calculator(calculator)

2025-07-12 13:21:43,030 - WARNING - /home/cchen/Hiccup/core/PesExploration/tools/energy_structure_filter.py:97: DeprecationWarning: Please use atoms.calc = calc
  atoms.set_calculator(calculator)

2025-07-12 13:21:43,061 - WARNING - /home/cchen/Hiccup/core/PesExploration/tools/energy_structure_filter.py:97: DeprecationWarning: Please use atoms.calc = calc
  atoms.set_calculator(calculator)

2025-07-12 13:21:43,098 - WARNING - /home/cchen/Hiccup/core/PesExploration/tools/energy_structure_filter.py:97: DeprecationWarning: Please use atoms.calc = calc
  atoms.set_calculator(calculator)

2025-07-12 13:21:43,147 - WARNING - /home/cchen/Hiccup/core/PesExploration/tools/energy_structure_filter.py:97: DeprecationWarning: Please use atoms.calc = calc
  atoms.set_calculator(calculator)

2025-07-12 13:21:43,177 - WARNING - /home/cchen/Hiccup/core/PesExploration/tools/energy_structure_filter.py:97: DeprecationWarning: Please use atoms.calc = calc
  atoms.set_calculator(calculator)

2025-07-12 13:21:43,217 - WARNING - /home/cchen/Hiccup/core/PesExploration/tools/energy_structure_filter.py:97: DeprecationWarning: Please use atoms.calc = calc
  atoms.set_calculator(calculator)

2025-07-12 13:21:43,252 - WARNING - /home/cchen/Hiccup/core/PesExploration/tools/energy_structure_filter.py:97: DeprecationWarning: Please use atoms.calc = calc
  atoms.set_calculator(calculator)

2025-07-12 13:21:43,285 - WARNING - /home/cchen/Hiccup/core/PesExploration/tools/energy_structure_filter.py:97: DeprecationWarning: Please use atoms.calc = calc
  atoms.set_calculator(calculator)

2025-07-12 13:21:43,314 - WARNING - /home/cchen/Hiccup/core/PesExploration/tools/energy_structure_filter.py:97: DeprecationWarning: Please use atoms.calc = calc
  atoms.set_calculator(calculator)

2025-07-12 13:21:43,352 - WARNING - /home/cchen/Hiccup/core/PesExploration/tools/energy_structure_filter.py:97: DeprecationWarning: Please use atoms.calc = calc
  atoms.set_calculator(calculator)

2025-07-12 13:21:43,386 - WARNING - /home/cchen/Hiccup/core/PesExploration/tools/energy_structure_filter.py:97: DeprecationWarning: Please use atoms.calc = calc
  atoms.set_calculator(calculator)

2025-07-12 13:21:43,424 - WARNING - /home/cchen/Hiccup/core/PesExploration/tools/energy_structure_filter.py:97: DeprecationWarning: Please use atoms.calc = calc
  atoms.set_calculator(calculator)

2025-07-12 13:21:43,454 - WARNING - /home/cchen/Hiccup/core/PesExploration/tools/energy_structure_filter.py:97: DeprecationWarning: Please use atoms.calc = calc
  atoms.set_calculator(calculator)

2025-07-12 13:21:43,484 - WARNING - /home/cchen/Hiccup/core/PesExploration/tools/energy_structure_filter.py:97: DeprecationWarning: Please use atoms.calc = calc
  atoms.set_calculator(calculator)

2025-07-12 13:21:43,515 - WARNING - /home/cchen/Hiccup/core/PesExploration/tools/energy_structure_filter.py:97: DeprecationWarning: Please use atoms.calc = calc
  atoms.set_calculator(calculator)

2025-07-12 13:21:43,578 - WARNING - /home/cchen/Hiccup/core/PesExploration/tools/energy_structure_filter.py:97: DeprecationWarning: Please use atoms.calc = calc
  atoms.set_calculator(calculator)

2025-07-12 13:21:43,611 - WARNING - /home/cchen/Hiccup/core/PesExploration/tools/energy_structure_filter.py:97: DeprecationWarning: Please use atoms.calc = calc
  atoms.set_calculator(calculator)

2025-07-12 13:21:43,640 - WARNING - /home/cchen/Hiccup/core/PesExploration/tools/energy_structure_filter.py:97: DeprecationWarning: Please use atoms.calc = calc
  atoms.set_calculator(calculator)

2025-07-12 13:21:43,670 - WARNING - /home/cchen/Hiccup/core/PesExploration/tools/energy_structure_filter.py:97: DeprecationWarning: Please use atoms.calc = calc
  atoms.set_calculator(calculator)

2025-07-12 13:21:43,715 - WARNING - /home/cchen/Hiccup/core/PesExploration/tools/energy_structure_filter.py:97: DeprecationWarning: Please use atoms.calc = calc
  atoms.set_calculator(calculator)

2025-07-12 13:21:43,749 - WARNING - /home/cchen/Hiccup/core/PesExploration/tools/energy_structure_filter.py:97: DeprecationWarning: Please use atoms.calc = calc
  atoms.set_calculator(calculator)

2025-07-12 13:21:43,779 - WARNING - /home/cchen/Hiccup/core/PesExploration/tools/energy_structure_filter.py:97: DeprecationWarning: Please use atoms.calc = calc
  atoms.set_calculator(calculator)

2025-07-12 13:21:43,808 - WARNING - /home/cchen/Hiccup/core/PesExploration/tools/energy_structure_filter.py:97: DeprecationWarning: Please use atoms.calc = calc
  atoms.set_calculator(calculator)

2025-07-12 13:21:43,850 - WARNING - /home/cchen/Hiccup/core/PesExploration/tools/energy_structure_filter.py:97: DeprecationWarning: Please use atoms.calc = calc
  atoms.set_calculator(calculator)

2025-07-12 13:21:43,889 - WARNING - /home/cchen/Hiccup/core/PesExploration/tools/energy_structure_filter.py:97: DeprecationWarning: Please use atoms.calc = calc
  atoms.set_calculator(calculator)

2025-07-12 13:21:43,930 - WARNING - /home/cchen/Hiccup/core/PesExploration/tools/energy_structure_filter.py:97: DeprecationWarning: Please use atoms.calc = calc
  atoms.set_calculator(calculator)

2025-07-12 13:21:43,970 - WARNING - /home/cchen/Hiccup/core/PesExploration/tools/energy_structure_filter.py:97: DeprecationWarning: Please use atoms.calc = calc
  atoms.set_calculator(calculator)

2025-07-12 13:21:44,015 - WARNING - /home/cchen/Hiccup/core/PesExploration/tools/energy_structure_filter.py:97: DeprecationWarning: Please use atoms.calc = calc
  atoms.set_calculator(calculator)

2025-07-12 13:21:44,045 - WARNING - /home/cchen/Hiccup/core/PesExploration/tools/energy_structure_filter.py:97: DeprecationWarning: Please use atoms.calc = calc
  atoms.set_calculator(calculator)

2025-07-12 13:21:44,088 - WARNING - /home/cchen/Hiccup/core/PesExploration/tools/energy_structure_filter.py:97: DeprecationWarning: Please use atoms.calc = calc
  atoms.set_calculator(calculator)

2025-07-12 13:21:44,126 - WARNING - /home/cchen/Hiccup/core/PesExploration/tools/energy_structure_filter.py:97: DeprecationWarning: Please use atoms.calc = calc
  atoms.set_calculator(calculator)

2025-07-12 13:21:44,158 - WARNING - /home/cchen/Hiccup/core/PesExploration/tools/energy_structure_filter.py:97: DeprecationWarning: Please use atoms.calc = calc
  atoms.set_calculator(calculator)

2025-07-12 13:21:44,187 - WARNING - /home/cchen/Hiccup/core/PesExploration/tools/energy_structure_filter.py:97: DeprecationWarning: Please use atoms.calc = calc
  atoms.set_calculator(calculator)

2025-07-12 13:21:44,217 - WARNING - /home/cchen/Hiccup/core/PesExploration/tools/energy_structure_filter.py:97: DeprecationWarning: Please use atoms.calc = calc
  atoms.set_calculator(calculator)

2025-07-12 13:21:44,259 - WARNING - /home/cchen/Hiccup/core/PesExploration/tools/energy_structure_filter.py:97: DeprecationWarning: Please use atoms.calc = calc
  atoms.set_calculator(calculator)

2025-07-12 13:21:44,294 - WARNING - /home/cchen/Hiccup/core/PesExploration/tools/energy_structure_filter.py:97: DeprecationWarning: Please use atoms.calc = calc
  atoms.set_calculator(calculator)

2025-07-12 13:21:44,327 - WARNING - /home/cchen/Hiccup/core/PesExploration/tools/energy_structure_filter.py:97: DeprecationWarning: Please use atoms.calc = calc
  atoms.set_calculator(calculator)

2025-07-12 13:21:44,358 - WARNING - /home/cchen/Hiccup/core/PesExploration/tools/energy_structure_filter.py:97: DeprecationWarning: Please use atoms.calc = calc
  atoms.set_calculator(calculator)

2025-07-12 13:21:44,404 - WARNING - /home/cchen/Hiccup/core/PesExploration/tools/energy_structure_filter.py:97: DeprecationWarning: Please use atoms.calc = calc
  atoms.set_calculator(calculator)

2025-07-12 13:21:44,434 - WARNING - /home/cchen/Hiccup/core/PesExploration/tools/energy_structure_filter.py:97: DeprecationWarning: Please use atoms.calc = calc
  atoms.set_calculator(calculator)

2025-07-12 13:21:44,465 - WARNING - /home/cchen/Hiccup/core/PesExploration/tools/energy_structure_filter.py:97: DeprecationWarning: Please use atoms.calc = calc
  atoms.set_calculator(calculator)

2025-07-12 13:21:44,495 - WARNING - /home/cchen/Hiccup/core/PesExploration/tools/energy_structure_filter.py:97: DeprecationWarning: Please use atoms.calc = calc
  atoms.set_calculator(calculator)

2025-07-12 13:21:44,541 - WARNING - /home/cchen/Hiccup/core/PesExploration/tools/energy_structure_filter.py:97: DeprecationWarning: Please use atoms.calc = calc
  atoms.set_calculator(calculator)

2025-07-12 13:21:44,570 - WARNING - /home/cchen/Hiccup/core/PesExploration/tools/energy_structure_filter.py:97: DeprecationWarning: Please use atoms.calc = calc
  atoms.set_calculator(calculator)

2025-07-12 13:21:44,598 - WARNING - /home/cchen/Hiccup/core/PesExploration/tools/energy_structure_filter.py:97: DeprecationWarning: Please use atoms.calc = calc
  atoms.set_calculator(calculator)

2025-07-12 13:21:44,630 - WARNING - /home/cchen/Hiccup/core/PesExploration/tools/energy_structure_filter.py:97: DeprecationWarning: Please use atoms.calc = calc
  atoms.set_calculator(calculator)

2025-07-12 13:21:44,663 - WARNING - /home/cchen/Hiccup/core/PesExploration/tools/energy_structure_filter.py:97: DeprecationWarning: Please use atoms.calc = calc
  atoms.set_calculator(calculator)

2025-07-12 13:21:44,694 - WARNING - /home/cchen/Hiccup/core/PesExploration/tools/energy_structure_filter.py:97: DeprecationWarning: Please use atoms.calc = calc
  atoms.set_calculator(calculator)

2025-07-12 13:21:44,723 - WARNING - /home/cchen/Hiccup/core/PesExploration/tools/energy_structure_filter.py:97: DeprecationWarning: Please use atoms.calc = calc
  atoms.set_calculator(calculator)

2025-07-12 13:21:44,765 - WARNING - /home/cchen/Hiccup/core/PesExploration/tools/energy_structure_filter.py:97: DeprecationWarning: Please use atoms.calc = calc
  atoms.set_calculator(calculator)

2025-07-12 13:21:44,808 - WARNING - /home/cchen/Hiccup/core/PesExploration/tools/energy_structure_filter.py:97: DeprecationWarning: Please use atoms.calc = calc
  atoms.set_calculator(calculator)

2025-07-12 13:21:44,838 - WARNING - /home/cchen/Hiccup/core/PesExploration/tools/energy_structure_filter.py:97: DeprecationWarning: Please use atoms.calc = calc
  atoms.set_calculator(calculator)

2025-07-12 13:21:44,866 - WARNING - /home/cchen/Hiccup/core/PesExploration/tools/energy_structure_filter.py:97: DeprecationWarning: Please use atoms.calc = calc
  atoms.set_calculator(calculator)

2025-07-12 13:21:44,899 - WARNING - /home/cchen/Hiccup/core/PesExploration/tools/energy_structure_filter.py:97: DeprecationWarning: Please use atoms.calc = calc
  atoms.set_calculator(calculator)

2025-07-12 13:21:44,934 - WARNING - /home/cchen/Hiccup/core/PesExploration/tools/energy_structure_filter.py:97: DeprecationWarning: Please use atoms.calc = calc
  atoms.set_calculator(calculator)

2025-07-12 13:21:44,964 - WARNING - /home/cchen/Hiccup/core/PesExploration/tools/energy_structure_filter.py:97: DeprecationWarning: Please use atoms.calc = calc
  atoms.set_calculator(calculator)

2025-07-12 13:21:44,993 - WARNING - /home/cchen/Hiccup/core/PesExploration/tools/energy_structure_filter.py:97: DeprecationWarning: Please use atoms.calc = calc
  atoms.set_calculator(calculator)

2025-07-12 13:21:45,023 - WARNING - /home/cchen/Hiccup/core/PesExploration/tools/energy_structure_filter.py:97: DeprecationWarning: Please use atoms.calc = calc
  atoms.set_calculator(calculator)

2025-07-12 13:21:45,063 - WARNING - /home/cchen/Hiccup/core/PesExploration/tools/energy_structure_filter.py:97: DeprecationWarning: Please use atoms.calc = calc
  atoms.set_calculator(calculator)

2025-07-12 13:21:45,091 - WARNING - /home/cchen/Hiccup/core/PesExploration/tools/energy_structure_filter.py:97: DeprecationWarning: Please use atoms.calc = calc
  atoms.set_calculator(calculator)

2025-07-12 13:21:45,117 - WARNING - /home/cchen/Hiccup/core/PesExploration/tools/energy_structure_filter.py:97: DeprecationWarning: Please use atoms.calc = calc
  atoms.set_calculator(calculator)

2025-07-12 13:21:45,143 - WARNING - /home/cchen/Hiccup/core/PesExploration/tools/energy_structure_filter.py:97: DeprecationWarning: Please use atoms.calc = calc
  atoms.set_calculator(calculator)

2025-07-12 13:21:45,180 - WARNING - /home/cchen/Hiccup/core/PesExploration/tools/energy_structure_filter.py:97: DeprecationWarning: Please use atoms.calc = calc
  atoms.set_calculator(calculator)

2025-07-12 13:21:45,208 - WARNING - /home/cchen/Hiccup/core/PesExploration/tools/energy_structure_filter.py:97: DeprecationWarning: Please use atoms.calc = calc
  atoms.set_calculator(calculator)

2025-07-12 13:21:45,246 - WARNING - /home/cchen/Hiccup/core/PesExploration/tools/energy_structure_filter.py:97: DeprecationWarning: Please use atoms.calc = calc
  atoms.set_calculator(calculator)

2025-07-12 13:21:45,274 - WARNING - /home/cchen/Hiccup/core/PesExploration/tools/energy_structure_filter.py:97: DeprecationWarning: Please use atoms.calc = calc
  atoms.set_calculator(calculator)

2025-07-12 13:21:45,313 - WARNING - /home/cchen/Hiccup/core/PesExploration/tools/energy_structure_filter.py:97: DeprecationWarning: Please use atoms.calc = calc
  atoms.set_calculator(calculator)

2025-07-12 13:21:45,351 - WARNING - /home/cchen/Hiccup/core/PesExploration/tools/energy_structure_filter.py:97: DeprecationWarning: Please use atoms.calc = calc
  atoms.set_calculator(calculator)

2025-07-12 13:21:45,379 - WARNING - /home/cchen/Hiccup/core/PesExploration/tools/energy_structure_filter.py:97: DeprecationWarning: Please use atoms.calc = calc
  atoms.set_calculator(calculator)

2025-07-12 13:21:45,415 - WARNING - /home/cchen/Hiccup/core/PesExploration/tools/energy_structure_filter.py:97: DeprecationWarning: Please use atoms.calc = calc
  atoms.set_calculator(calculator)

2025-07-12 13:21:45,442 - WARNING - /home/cchen/Hiccup/core/PesExploration/tools/energy_structure_filter.py:97: DeprecationWarning: Please use atoms.calc = calc
  atoms.set_calculator(calculator)

2025-07-12 13:21:45,484 - WARNING - /home/cchen/Hiccup/core/PesExploration/tools/energy_structure_filter.py:97: DeprecationWarning: Please use atoms.calc = calc
  atoms.set_calculator(calculator)

2025-07-12 13:21:45,510 - WARNING - /home/cchen/Hiccup/core/PesExploration/tools/energy_structure_filter.py:97: DeprecationWarning: Please use atoms.calc = calc
  atoms.set_calculator(calculator)

2025-07-12 13:21:45,549 - WARNING - /home/cchen/Hiccup/core/PesExploration/tools/energy_structure_filter.py:97: DeprecationWarning: Please use atoms.calc = calc
  atoms.set_calculator(calculator)

2025-07-12 13:21:45,576 - WARNING - /home/cchen/Hiccup/core/PesExploration/tools/energy_structure_filter.py:97: DeprecationWarning: Please use atoms.calc = calc
  atoms.set_calculator(calculator)

2025-07-12 13:21:45,618 - WARNING - /home/cchen/Hiccup/core/PesExploration/tools/energy_structure_filter.py:97: DeprecationWarning: Please use atoms.calc = calc
  atoms.set_calculator(calculator)

2025-07-12 13:21:45,645 - WARNING - /home/cchen/Hiccup/core/PesExploration/tools/energy_structure_filter.py:97: DeprecationWarning: Please use atoms.calc = calc
  atoms.set_calculator(calculator)

2025-07-12 13:21:45,672 - WARNING - /home/cchen/Hiccup/core/PesExploration/tools/energy_structure_filter.py:97: DeprecationWarning: Please use atoms.calc = calc
  atoms.set_calculator(calculator)

2025-07-12 13:21:45,698 - WARNING - /home/cchen/Hiccup/core/PesExploration/tools/energy_structure_filter.py:97: DeprecationWarning: Please use atoms.calc = calc
  atoms.set_calculator(calculator)

2025-07-12 13:21:45,736 - WARNING - /home/cchen/Hiccup/core/PesExploration/tools/energy_structure_filter.py:97: DeprecationWarning: Please use atoms.calc = calc
  atoms.set_calculator(calculator)

2025-07-12 13:21:45,771 - WARNING - /home/cchen/Hiccup/core/PesExploration/tools/energy_structure_filter.py:97: DeprecationWarning: Please use atoms.calc = calc
  atoms.set_calculator(calculator)

2025-07-12 13:21:45,810 - WARNING - /home/cchen/Hiccup/core/PesExploration/tools/energy_structure_filter.py:97: DeprecationWarning: Please use atoms.calc = calc
  atoms.set_calculator(calculator)

2025-07-12 13:21:45,842 - WARNING - /home/cchen/Hiccup/core/PesExploration/tools/energy_structure_filter.py:97: DeprecationWarning: Please use atoms.calc = calc
  atoms.set_calculator(calculator)

2025-07-12 13:21:45,870 - WARNING - /home/cchen/Hiccup/core/PesExploration/tools/energy_structure_filter.py:97: DeprecationWarning: Please use atoms.calc = calc
  atoms.set_calculator(calculator)

2025-07-12 13:21:45,910 - WARNING - /home/cchen/Hiccup/core/PesExploration/tools/energy_structure_filter.py:97: DeprecationWarning: Please use atoms.calc = calc
  atoms.set_calculator(calculator)

2025-07-12 13:21:45,937 - WARNING - /home/cchen/Hiccup/core/PesExploration/tools/energy_structure_filter.py:97: DeprecationWarning: Please use atoms.calc = calc
  atoms.set_calculator(calculator)

2025-07-12 13:21:45,973 - WARNING - /home/cchen/Hiccup/core/PesExploration/tools/energy_structure_filter.py:97: DeprecationWarning: Please use atoms.calc = calc
  atoms.set_calculator(calculator)

2025-07-12 13:21:46,001 - WARNING - /home/cchen/Hiccup/core/PesExploration/tools/energy_structure_filter.py:97: DeprecationWarning: Please use atoms.calc = calc
  atoms.set_calculator(calculator)

2025-07-12 13:21:46,039 - WARNING - /home/cchen/Hiccup/core/PesExploration/tools/energy_structure_filter.py:97: DeprecationWarning: Please use atoms.calc = calc
  atoms.set_calculator(calculator)

2025-07-12 13:21:46,077 - WARNING - /home/cchen/Hiccup/core/PesExploration/tools/energy_structure_filter.py:97: DeprecationWarning: Please use atoms.calc = calc
  atoms.set_calculator(calculator)

2025-07-12 13:21:46,109 - WARNING - /home/cchen/Hiccup/core/PesExploration/tools/energy_structure_filter.py:97: DeprecationWarning: Please use atoms.calc = calc
  atoms.set_calculator(calculator)

2025-07-12 13:21:46,135 - WARNING - /home/cchen/Hiccup/core/PesExploration/tools/energy_structure_filter.py:97: DeprecationWarning: Please use atoms.calc = calc
  atoms.set_calculator(calculator)

2025-07-12 13:21:46,160 - WARNING - /home/cchen/Hiccup/core/PesExploration/tools/energy_structure_filter.py:97: DeprecationWarning: Please use atoms.calc = calc
  atoms.set_calculator(calculator)

2025-07-12 13:21:46,189 - WARNING - /home/cchen/Hiccup/core/PesExploration/tools/energy_structure_filter.py:97: DeprecationWarning: Please use atoms.calc = calc
  atoms.set_calculator(calculator)

2025-07-12 13:21:46,227 - WARNING - /home/cchen/Hiccup/core/PesExploration/tools/energy_structure_filter.py:97: DeprecationWarning: Please use atoms.calc = calc
  atoms.set_calculator(calculator)

2025-07-12 13:21:46,255 - WARNING - /home/cchen/Hiccup/core/PesExploration/tools/energy_structure_filter.py:97: DeprecationWarning: Please use atoms.calc = calc
  atoms.set_calculator(calculator)

2025-07-12 13:21:46,282 - WARNING - /home/cchen/Hiccup/core/PesExploration/tools/energy_structure_filter.py:97: DeprecationWarning: Please use atoms.calc = calc
  atoms.set_calculator(calculator)

2025-07-12 13:21:46,310 - WARNING - /home/cchen/Hiccup/core/PesExploration/tools/energy_structure_filter.py:97: DeprecationWarning: Please use atoms.calc = calc
  atoms.set_calculator(calculator)

2025-07-12 13:21:46,344 - WARNING - /home/cchen/Hiccup/core/PesExploration/tools/energy_structure_filter.py:97: DeprecationWarning: Please use atoms.calc = calc
  atoms.set_calculator(calculator)

2025-07-12 13:21:46,371 - WARNING - /home/cchen/Hiccup/core/PesExploration/tools/energy_structure_filter.py:97: DeprecationWarning: Please use atoms.calc = calc
  atoms.set_calculator(calculator)

2025-07-12 13:21:46,409 - WARNING - /home/cchen/Hiccup/core/PesExploration/tools/energy_structure_filter.py:97: DeprecationWarning: Please use atoms.calc = calc
  atoms.set_calculator(calculator)

2025-07-12 13:21:46,449 - WARNING - /home/cchen/Hiccup/core/PesExploration/tools/energy_structure_filter.py:97: DeprecationWarning: Please use atoms.calc = calc
  atoms.set_calculator(calculator)

2025-07-12 13:21:46,486 - WARNING - /home/cchen/Hiccup/core/PesExploration/tools/energy_structure_filter.py:97: DeprecationWarning: Please use atoms.calc = calc
  atoms.set_calculator(calculator)

2025-07-12 13:21:46,514 - WARNING - /home/cchen/Hiccup/core/PesExploration/tools/energy_structure_filter.py:97: DeprecationWarning: Please use atoms.calc = calc
  atoms.set_calculator(calculator)

2025-07-12 13:21:46,555 - WARNING - /home/cchen/Hiccup/core/PesExploration/tools/energy_structure_filter.py:97: DeprecationWarning: Please use atoms.calc = calc
  atoms.set_calculator(calculator)

2025-07-12 13:21:46,593 - WARNING - /home/cchen/Hiccup/core/PesExploration/tools/energy_structure_filter.py:97: DeprecationWarning: Please use atoms.calc = calc
  atoms.set_calculator(calculator)

2025-07-12 13:21:46,620 - WARNING - /home/cchen/Hiccup/core/PesExploration/tools/energy_structure_filter.py:97: DeprecationWarning: Please use atoms.calc = calc
  atoms.set_calculator(calculator)

2025-07-12 13:21:46,653 - WARNING - /home/cchen/Hiccup/core/PesExploration/tools/energy_structure_filter.py:97: DeprecationWarning: Please use atoms.calc = calc
  atoms.set_calculator(calculator)

2025-07-12 13:21:46,686 - WARNING - /home/cchen/Hiccup/core/PesExploration/tools/energy_structure_filter.py:97: DeprecationWarning: Please use atoms.calc = calc
  atoms.set_calculator(calculator)

2025-07-12 13:21:46,719 - WARNING - /home/cchen/Hiccup/core/PesExploration/tools/energy_structure_filter.py:97: DeprecationWarning: Please use atoms.calc = calc
  atoms.set_calculator(calculator)

2025-07-12 13:21:46,745 - WARNING - /home/cchen/Hiccup/core/PesExploration/tools/energy_structure_filter.py:97: DeprecationWarning: Please use atoms.calc = calc
  atoms.set_calculator(calculator)

2025-07-12 13:21:46,772 - WARNING - /home/cchen/Hiccup/core/PesExploration/tools/energy_structure_filter.py:97: DeprecationWarning: Please use atoms.calc = calc
  atoms.set_calculator(calculator)

2025-07-12 13:21:46,799 - WARNING - /home/cchen/Hiccup/core/PesExploration/tools/energy_structure_filter.py:97: DeprecationWarning: Please use atoms.calc = calc
  atoms.set_calculator(calculator)

2025-07-12 13:21:46,828 - WARNING - /home/cchen/Hiccup/core/PesExploration/tools/energy_structure_filter.py:97: DeprecationWarning: Please use atoms.calc = calc
  atoms.set_calculator(calculator)

2025-07-12 13:21:46,853 - WARNING - /home/cchen/Hiccup/core/PesExploration/tools/energy_structure_filter.py:97: DeprecationWarning: Please use atoms.calc = calc
  atoms.set_calculator(calculator)

2025-07-12 13:21:46,879 - WARNING - /home/cchen/Hiccup/core/PesExploration/tools/energy_structure_filter.py:97: DeprecationWarning: Please use atoms.calc = calc
  atoms.set_calculator(calculator)

2025-07-12 13:21:46,905 - WARNING - /home/cchen/Hiccup/core/PesExploration/tools/energy_structure_filter.py:97: DeprecationWarning: Please use atoms.calc = calc
  atoms.set_calculator(calculator)

2025-07-12 13:21:46,931 - WARNING - /home/cchen/Hiccup/core/PesExploration/tools/energy_structure_filter.py:97: DeprecationWarning: Please use atoms.calc = calc
  atoms.set_calculator(calculator)

2025-07-12 13:21:46,958 - WARNING - /home/cchen/Hiccup/core/PesExploration/tools/energy_structure_filter.py:97: DeprecationWarning: Please use atoms.calc = calc
  atoms.set_calculator(calculator)

2025-07-12 13:21:46,995 - WARNING - /home/cchen/Hiccup/core/PesExploration/tools/energy_structure_filter.py:97: DeprecationWarning: Please use atoms.calc = calc
  atoms.set_calculator(calculator)

2025-07-12 13:21:47,034 - WARNING - /home/cchen/Hiccup/core/PesExploration/tools/energy_structure_filter.py:97: DeprecationWarning: Please use atoms.calc = calc
  atoms.set_calculator(calculator)

2025-07-12 13:21:47,066 - WARNING - /home/cchen/Hiccup/core/PesExploration/tools/energy_structure_filter.py:97: DeprecationWarning: Please use atoms.calc = calc
  atoms.set_calculator(calculator)

2025-07-12 13:21:47,095 - WARNING - /home/cchen/Hiccup/core/PesExploration/tools/energy_structure_filter.py:97: DeprecationWarning: Please use atoms.calc = calc
  atoms.set_calculator(calculator)

2025-07-12 13:21:47,124 - WARNING - /home/cchen/Hiccup/core/PesExploration/tools/energy_structure_filter.py:97: DeprecationWarning: Please use atoms.calc = calc
  atoms.set_calculator(calculator)

2025-07-12 13:21:47,154 - WARNING - /home/cchen/Hiccup/core/PesExploration/tools/energy_structure_filter.py:97: DeprecationWarning: Please use atoms.calc = calc
  atoms.set_calculator(calculator)

2025-07-12 13:21:47,179 - WARNING - /home/cchen/Hiccup/core/PesExploration/tools/energy_structure_filter.py:97: DeprecationWarning: Please use atoms.calc = calc
  atoms.set_calculator(calculator)

2025-07-12 13:21:47,205 - WARNING - /home/cchen/Hiccup/core/PesExploration/tools/energy_structure_filter.py:97: DeprecationWarning: Please use atoms.calc = calc
  atoms.set_calculator(calculator)

2025-07-12 13:21:47,236 - WARNING - /home/cchen/Hiccup/core/PesExploration/tools/energy_structure_filter.py:97: DeprecationWarning: Please use atoms.calc = calc
  atoms.set_calculator(calculator)

2025-07-12 13:21:47,264 - WARNING - /home/cchen/Hiccup/core/PesExploration/tools/energy_structure_filter.py:97: DeprecationWarning: Please use atoms.calc = calc
  atoms.set_calculator(calculator)

2025-07-12 13:21:47,302 - WARNING - /home/cchen/Hiccup/core/PesExploration/tools/energy_structure_filter.py:97: DeprecationWarning: Please use atoms.calc = calc
  atoms.set_calculator(calculator)

2025-07-12 13:21:47,331 - WARNING - /home/cchen/Hiccup/core/PesExploration/tools/energy_structure_filter.py:97: DeprecationWarning: Please use atoms.calc = calc
  atoms.set_calculator(calculator)

2025-07-12 13:21:47,364 - WARNING - /home/cchen/Hiccup/core/PesExploration/tools/energy_structure_filter.py:97: DeprecationWarning: Please use atoms.calc = calc
  atoms.set_calculator(calculator)

2025-07-12 13:21:47,393 - WARNING - /home/cchen/Hiccup/core/PesExploration/tools/energy_structure_filter.py:97: DeprecationWarning: Please use atoms.calc = calc
  atoms.set_calculator(calculator)

2025-07-12 13:21:47,428 - WARNING - /home/cchen/Hiccup/core/PesExploration/tools/energy_structure_filter.py:97: DeprecationWarning: Please use atoms.calc = calc
  atoms.set_calculator(calculator)

2025-07-12 13:21:47,463 - WARNING - /home/cchen/Hiccup/core/PesExploration/tools/energy_structure_filter.py:97: DeprecationWarning: Please use atoms.calc = calc
  atoms.set_calculator(calculator)

2025-07-12 13:21:47,501 - WARNING - /home/cchen/Hiccup/core/PesExploration/tools/energy_structure_filter.py:97: DeprecationWarning: Please use atoms.calc = calc
  atoms.set_calculator(calculator)

2025-07-12 13:21:47,539 - WARNING - /home/cchen/Hiccup/core/PesExploration/tools/energy_structure_filter.py:97: DeprecationWarning: Please use atoms.calc = calc
  atoms.set_calculator(calculator)

2025-07-12 13:21:47,577 - WARNING - /home/cchen/Hiccup/core/PesExploration/tools/energy_structure_filter.py:97: DeprecationWarning: Please use atoms.calc = calc
  atoms.set_calculator(calculator)

2025-07-12 13:21:47,617 - WARNING - /home/cchen/Hiccup/core/PesExploration/tools/energy_structure_filter.py:97: DeprecationWarning: Please use atoms.calc = calc
  atoms.set_calculator(calculator)

2025-07-12 13:21:47,656 - WARNING - /home/cchen/Hiccup/core/PesExploration/tools/energy_structure_filter.py:97: DeprecationWarning: Please use atoms.calc = calc
  atoms.set_calculator(calculator)

2025-07-12 13:21:47,696 - WARNING - /home/cchen/Hiccup/core/PesExploration/tools/energy_structure_filter.py:97: DeprecationWarning: Please use atoms.calc = calc
  atoms.set_calculator(calculator)

2025-07-12 13:21:47,735 - WARNING - /home/cchen/Hiccup/core/PesExploration/tools/energy_structure_filter.py:97: DeprecationWarning: Please use atoms.calc = calc
  atoms.set_calculator(calculator)

2025-07-12 13:21:47,774 - WARNING - /home/cchen/Hiccup/core/PesExploration/tools/energy_structure_filter.py:97: DeprecationWarning: Please use atoms.calc = calc
  atoms.set_calculator(calculator)

2025-07-12 13:21:47,812 - WARNING - /home/cchen/Hiccup/core/PesExploration/tools/energy_structure_filter.py:97: DeprecationWarning: Please use atoms.calc = calc
  atoms.set_calculator(calculator)

2025-07-12 13:21:47,850 - WARNING - /home/cchen/Hiccup/core/PesExploration/tools/energy_structure_filter.py:97: DeprecationWarning: Please use atoms.calc = calc
  atoms.set_calculator(calculator)

2025-07-12 13:21:47,889 - WARNING - /home/cchen/Hiccup/core/PesExploration/tools/energy_structure_filter.py:97: DeprecationWarning: Please use atoms.calc = calc
  atoms.set_calculator(calculator)

2025-07-12 13:21:47,933 - WARNING - /home/cchen/Hiccup/core/PesExploration/tools/energy_structure_filter.py:97: DeprecationWarning: Please use atoms.calc = calc
  atoms.set_calculator(calculator)

2025-07-12 13:21:47,972 - WARNING - /home/cchen/Hiccup/core/PesExploration/tools/energy_structure_filter.py:97: DeprecationWarning: Please use atoms.calc = calc
  atoms.set_calculator(calculator)

2025-07-12 13:21:48,012 - WARNING - /home/cchen/Hiccup/core/PesExploration/tools/energy_structure_filter.py:97: DeprecationWarning: Please use atoms.calc = calc
  atoms.set_calculator(calculator)

2025-07-12 13:21:48,048 - WARNING - /home/cchen/Hiccup/core/PesExploration/tools/energy_structure_filter.py:97: DeprecationWarning: Please use atoms.calc = calc
  atoms.set_calculator(calculator)

2025-07-12 13:21:48,074 - WARNING - /home/cchen/Hiccup/core/PesExploration/tools/energy_structure_filter.py:97: DeprecationWarning: Please use atoms.calc = calc
  atoms.set_calculator(calculator)

2025-07-12 13:21:48,101 - WARNING - /home/cchen/Hiccup/core/PesExploration/tools/energy_structure_filter.py:97: DeprecationWarning: Please use atoms.calc = calc
  atoms.set_calculator(calculator)

2025-07-12 13:21:48,129 - WARNING - /home/cchen/Hiccup/core/PesExploration/tools/energy_structure_filter.py:97: DeprecationWarning: Please use atoms.calc = calc
  atoms.set_calculator(calculator)

2025-07-12 13:21:48,161 - WARNING - /home/cchen/Hiccup/core/PesExploration/tools/energy_structure_filter.py:97: DeprecationWarning: Please use atoms.calc = calc
  atoms.set_calculator(calculator)

2025-07-12 13:21:48,196 - WARNING - /home/cchen/Hiccup/core/PesExploration/tools/energy_structure_filter.py:97: DeprecationWarning: Please use atoms.calc = calc
  atoms.set_calculator(calculator)

2025-07-12 13:21:48,234 - WARNING - /home/cchen/Hiccup/core/PesExploration/tools/energy_structure_filter.py:97: DeprecationWarning: Please use atoms.calc = calc
  atoms.set_calculator(calculator)

2025-07-12 13:21:48,274 - WARNING - /home/cchen/Hiccup/core/PesExploration/tools/energy_structure_filter.py:97: DeprecationWarning: Please use atoms.calc = calc
  atoms.set_calculator(calculator)

2025-07-12 13:21:48,313 - WARNING - /home/cchen/Hiccup/core/PesExploration/tools/energy_structure_filter.py:97: DeprecationWarning: Please use atoms.calc = calc
  atoms.set_calculator(calculator)

2025-07-12 13:21:48,352 - WARNING - /home/cchen/Hiccup/core/PesExploration/tools/energy_structure_filter.py:97: DeprecationWarning: Please use atoms.calc = calc
  atoms.set_calculator(calculator)

2025-07-12 13:21:48,391 - WARNING - /home/cchen/Hiccup/core/PesExploration/tools/energy_structure_filter.py:97: DeprecationWarning: Please use atoms.calc = calc
  atoms.set_calculator(calculator)

2025-07-12 13:21:48,429 - WARNING - /home/cchen/Hiccup/core/PesExploration/tools/energy_structure_filter.py:97: DeprecationWarning: Please use atoms.calc = calc
  atoms.set_calculator(calculator)

2025-07-12 13:21:48,470 - WARNING - /home/cchen/Hiccup/core/PesExploration/tools/energy_structure_filter.py:97: DeprecationWarning: Please use atoms.calc = calc
  atoms.set_calculator(calculator)

2025-07-12 13:21:48,508 - WARNING - /home/cchen/Hiccup/core/PesExploration/tools/energy_structure_filter.py:97: DeprecationWarning: Please use atoms.calc = calc
  atoms.set_calculator(calculator)

2025-07-12 13:21:48,536 - WARNING - /home/cchen/Hiccup/core/PesExploration/tools/energy_structure_filter.py:97: DeprecationWarning: Please use atoms.calc = calc
  atoms.set_calculator(calculator)

2025-07-12 13:21:48,562 - WARNING - /home/cchen/Hiccup/core/PesExploration/tools/energy_structure_filter.py:97: DeprecationWarning: Please use atoms.calc = calc
  atoms.set_calculator(calculator)

2025-07-12 13:21:48,592 - WARNING - /home/cchen/Hiccup/core/PesExploration/tools/energy_structure_filter.py:97: DeprecationWarning: Please use atoms.calc = calc
  atoms.set_calculator(calculator)

2025-07-12 13:21:48,619 - WARNING - /home/cchen/Hiccup/core/PesExploration/tools/energy_structure_filter.py:97: DeprecationWarning: Please use atoms.calc = calc
  atoms.set_calculator(calculator)

2025-07-12 13:21:48,653 - WARNING - /home/cchen/Hiccup/core/PesExploration/tools/energy_structure_filter.py:97: DeprecationWarning: Please use atoms.calc = calc
  atoms.set_calculator(calculator)

2025-07-12 13:21:48,690 - WARNING - /home/cchen/Hiccup/core/PesExploration/tools/energy_structure_filter.py:97: DeprecationWarning: Please use atoms.calc = calc
  atoms.set_calculator(calculator)

2025-07-12 13:21:48,729 - WARNING - /home/cchen/Hiccup/core/PesExploration/tools/energy_structure_filter.py:97: DeprecationWarning: Please use atoms.calc = calc
  atoms.set_calculator(calculator)

2025-07-12 13:21:48,768 - WARNING - /home/cchen/Hiccup/core/PesExploration/tools/energy_structure_filter.py:97: DeprecationWarning: Please use atoms.calc = calc
  atoms.set_calculator(calculator)

2025-07-12 13:21:48,805 - WARNING - /home/cchen/Hiccup/core/PesExploration/tools/energy_structure_filter.py:97: DeprecationWarning: Please use atoms.calc = calc
  atoms.set_calculator(calculator)

2025-07-12 13:21:48,831 - WARNING - /home/cchen/Hiccup/core/PesExploration/tools/energy_structure_filter.py:97: DeprecationWarning: Please use atoms.calc = calc
  atoms.set_calculator(calculator)

2025-07-12 13:21:48,860 - WARNING - /home/cchen/Hiccup/core/PesExploration/tools/energy_structure_filter.py:97: DeprecationWarning: Please use atoms.calc = calc
  atoms.set_calculator(calculator)

2025-07-12 13:21:48,899 - WARNING - /home/cchen/Hiccup/core/PesExploration/tools/energy_structure_filter.py:97: DeprecationWarning: Please use atoms.calc = calc
  atoms.set_calculator(calculator)

2025-07-12 13:21:48,938 - WARNING - /home/cchen/Hiccup/core/PesExploration/tools/energy_structure_filter.py:97: DeprecationWarning: Please use atoms.calc = calc
  atoms.set_calculator(calculator)

2025-07-12 13:21:48,976 - WARNING - /home/cchen/Hiccup/core/PesExploration/tools/energy_structure_filter.py:97: DeprecationWarning: Please use atoms.calc = calc
  atoms.set_calculator(calculator)

2025-07-12 13:21:49,015 - WARNING - /home/cchen/Hiccup/core/PesExploration/tools/energy_structure_filter.py:97: DeprecationWarning: Please use atoms.calc = calc
  atoms.set_calculator(calculator)

2025-07-12 13:21:49,053 - WARNING - /home/cchen/Hiccup/core/PesExploration/tools/energy_structure_filter.py:97: DeprecationWarning: Please use atoms.calc = calc
  atoms.set_calculator(calculator)

2025-07-12 13:21:49,085 - WARNING - /home/cchen/Hiccup/core/PesExploration/tools/energy_structure_filter.py:97: DeprecationWarning: Please use atoms.calc = calc
  atoms.set_calculator(calculator)

2025-07-12 13:21:49,112 - WARNING - /home/cchen/Hiccup/core/PesExploration/tools/energy_structure_filter.py:97: DeprecationWarning: Please use atoms.calc = calc
  atoms.set_calculator(calculator)

2025-07-12 13:21:49,139 - WARNING - /home/cchen/Hiccup/core/PesExploration/tools/energy_structure_filter.py:97: DeprecationWarning: Please use atoms.calc = calc
  atoms.set_calculator(calculator)

2025-07-12 13:21:49,165 - WARNING - /home/cchen/Hiccup/core/PesExploration/tools/energy_structure_filter.py:97: DeprecationWarning: Please use atoms.calc = calc
  atoms.set_calculator(calculator)

2025-07-12 13:21:49,190 - WARNING - /home/cchen/Hiccup/core/PesExploration/tools/energy_structure_filter.py:97: DeprecationWarning: Please use atoms.calc = calc
  atoms.set_calculator(calculator)

2025-07-12 13:21:49,217 - WARNING - /home/cchen/Hiccup/core/PesExploration/tools/energy_structure_filter.py:97: DeprecationWarning: Please use atoms.calc = calc
  atoms.set_calculator(calculator)

2025-07-12 13:21:49,243 - WARNING - /home/cchen/Hiccup/core/PesExploration/tools/energy_structure_filter.py:97: DeprecationWarning: Please use atoms.calc = calc
  atoms.set_calculator(calculator)

2025-07-12 13:21:49,270 - WARNING - /home/cchen/Hiccup/core/PesExploration/tools/energy_structure_filter.py:97: DeprecationWarning: Please use atoms.calc = calc
  atoms.set_calculator(calculator)

2025-07-12 13:21:49,296 - WARNING - /home/cchen/Hiccup/core/PesExploration/tools/energy_structure_filter.py:97: DeprecationWarning: Please use atoms.calc = calc
  atoms.set_calculator(calculator)

2025-07-12 13:21:49,322 - WARNING - /home/cchen/Hiccup/core/PesExploration/tools/energy_structure_filter.py:97: DeprecationWarning: Please use atoms.calc = calc
  atoms.set_calculator(calculator)

2025-07-12 13:21:49,363 - WARNING - /home/cchen/Hiccup/core/PesExploration/tools/energy_structure_filter.py:97: DeprecationWarning: Please use atoms.calc = calc
  atoms.set_calculator(calculator)

2025-07-12 13:21:49,411 - WARNING - /home/cchen/Hiccup/core/PesExploration/tools/energy_structure_filter.py:97: DeprecationWarning: Please use atoms.calc = calc
  atoms.set_calculator(calculator)

2025-07-12 13:21:49,450 - WARNING - /home/cchen/Hiccup/core/PesExploration/tools/energy_structure_filter.py:97: DeprecationWarning: Please use atoms.calc = calc
  atoms.set_calculator(calculator)

2025-07-12 13:21:49,483 - WARNING - /home/cchen/Hiccup/core/PesExploration/tools/energy_structure_filter.py:97: DeprecationWarning: Please use atoms.calc = calc
  atoms.set_calculator(calculator)

2025-07-12 13:21:49,511 - WARNING - /home/cchen/Hiccup/core/PesExploration/tools/energy_structure_filter.py:97: DeprecationWarning: Please use atoms.calc = calc
  atoms.set_calculator(calculator)

2025-07-12 13:21:49,550 - WARNING - /home/cchen/Hiccup/core/PesExploration/tools/energy_structure_filter.py:97: DeprecationWarning: Please use atoms.calc = calc
  atoms.set_calculator(calculator)

2025-07-12 13:21:49,589 - WARNING - /home/cchen/Hiccup/core/PesExploration/tools/energy_structure_filter.py:97: DeprecationWarning: Please use atoms.calc = calc
  atoms.set_calculator(calculator)

2025-07-12 13:21:49,629 - WARNING - /home/cchen/Hiccup/core/PesExploration/tools/energy_structure_filter.py:97: DeprecationWarning: Please use atoms.calc = calc
  atoms.set_calculator(calculator)

2025-07-12 13:21:49,668 - WARNING - /home/cchen/Hiccup/core/PesExploration/tools/energy_structure_filter.py:97: DeprecationWarning: Please use atoms.calc = calc
  atoms.set_calculator(calculator)

2025-07-12 13:21:49,704 - WARNING - /home/cchen/Hiccup/core/PesExploration/tools/energy_structure_filter.py:97: DeprecationWarning: Please use atoms.calc = calc
  atoms.set_calculator(calculator)

2025-07-12 13:21:49,743 - WARNING - /home/cchen/Hiccup/core/PesExploration/tools/energy_structure_filter.py:97: DeprecationWarning: Please use atoms.calc = calc
  atoms.set_calculator(calculator)

2025-07-12 13:21:49,780 - WARNING - /home/cchen/Hiccup/core/PesExploration/tools/energy_structure_filter.py:97: DeprecationWarning: Please use atoms.calc = calc
  atoms.set_calculator(calculator)

2025-07-12 13:21:49,818 - WARNING - /home/cchen/Hiccup/core/PesExploration/tools/energy_structure_filter.py:97: DeprecationWarning: Please use atoms.calc = calc
  atoms.set_calculator(calculator)

2025-07-12 13:21:49,857 - WARNING - /home/cchen/Hiccup/core/PesExploration/tools/energy_structure_filter.py:97: DeprecationWarning: Please use atoms.calc = calc
  atoms.set_calculator(calculator)

2025-07-12 13:21:49,891 - WARNING - /home/cchen/Hiccup/core/PesExploration/tools/energy_structure_filter.py:97: DeprecationWarning: Please use atoms.calc = calc
  atoms.set_calculator(calculator)

2025-07-12 13:21:49,924 - WARNING - /home/cchen/Hiccup/core/PesExploration/tools/energy_structure_filter.py:97: DeprecationWarning: Please use atoms.calc = calc
  atoms.set_calculator(calculator)

2025-07-12 13:21:49,950 - WARNING - /home/cchen/Hiccup/core/PesExploration/tools/energy_structure_filter.py:97: DeprecationWarning: Please use atoms.calc = calc
  atoms.set_calculator(calculator)

2025-07-12 13:21:49,988 - WARNING - /home/cchen/Hiccup/core/PesExploration/tools/energy_structure_filter.py:97: DeprecationWarning: Please use atoms.calc = calc
  atoms.set_calculator(calculator)

2025-07-12 13:21:50,028 - WARNING - /home/cchen/Hiccup/core/PesExploration/tools/energy_structure_filter.py:97: DeprecationWarning: Please use atoms.calc = calc
  atoms.set_calculator(calculator)

2025-07-12 13:21:50,057 - WARNING - /home/cchen/Hiccup/core/PesExploration/tools/energy_structure_filter.py:97: DeprecationWarning: Please use atoms.calc = calc
  atoms.set_calculator(calculator)

2025-07-12 13:21:50,093 - WARNING - /home/cchen/Hiccup/core/PesExploration/tools/energy_structure_filter.py:97: DeprecationWarning: Please use atoms.calc = calc
  atoms.set_calculator(calculator)

2025-07-12 13:21:50,130 - WARNING - /home/cchen/Hiccup/core/PesExploration/tools/energy_structure_filter.py:97: DeprecationWarning: Please use atoms.calc = calc
  atoms.set_calculator(calculator)

2025-07-12 13:21:50,161 - WARNING - /home/cchen/Hiccup/core/PesExploration/tools/energy_structure_filter.py:97: DeprecationWarning: Please use atoms.calc = calc
  atoms.set_calculator(calculator)

2025-07-12 13:21:50,189 - WARNING - /home/cchen/Hiccup/core/PesExploration/tools/energy_structure_filter.py:97: DeprecationWarning: Please use atoms.calc = calc
  atoms.set_calculator(calculator)

2025-07-12 13:21:50,215 - WARNING - /home/cchen/Hiccup/core/PesExploration/tools/energy_structure_filter.py:97: DeprecationWarning: Please use atoms.calc = calc
  atoms.set_calculator(calculator)

2025-07-12 13:21:50,253 - WARNING - /home/cchen/Hiccup/core/PesExploration/tools/energy_structure_filter.py:97: DeprecationWarning: Please use atoms.calc = calc
  atoms.set_calculator(calculator)

2025-07-12 13:21:50,281 - WARNING - /home/cchen/Hiccup/core/PesExploration/tools/energy_structure_filter.py:97: DeprecationWarning: Please use atoms.calc = calc
  atoms.set_calculator(calculator)

2025-07-12 13:21:50,307 - WARNING - /home/cchen/Hiccup/core/PesExploration/tools/energy_structure_filter.py:97: DeprecationWarning: Please use atoms.calc = calc
  atoms.set_calculator(calculator)

2025-07-12 13:21:50,344 - WARNING - /home/cchen/Hiccup/core/PesExploration/tools/energy_structure_filter.py:97: DeprecationWarning: Please use atoms.calc = calc
  atoms.set_calculator(calculator)

2025-07-12 13:21:50,372 - WARNING - /home/cchen/Hiccup/core/PesExploration/tools/energy_structure_filter.py:97: DeprecationWarning: Please use atoms.calc = calc
  atoms.set_calculator(calculator)

2025-07-12 13:21:50,402 - WARNING - /home/cchen/Hiccup/core/PesExploration/tools/energy_structure_filter.py:97: DeprecationWarning: Please use atoms.calc = calc
  atoms.set_calculator(calculator)

2025-07-12 13:21:50,429 - WARNING - /home/cchen/Hiccup/core/PesExploration/tools/energy_structure_filter.py:97: DeprecationWarning: Please use atoms.calc = calc
  atoms.set_calculator(calculator)

2025-07-12 13:21:50,456 - WARNING - /home/cchen/Hiccup/core/PesExploration/tools/energy_structure_filter.py:97: DeprecationWarning: Please use atoms.calc = calc
  atoms.set_calculator(calculator)

2025-07-12 13:21:50,483 - WARNING - /home/cchen/Hiccup/core/PesExploration/tools/energy_structure_filter.py:97: DeprecationWarning: Please use atoms.calc = calc
  atoms.set_calculator(calculator)

2025-07-12 13:21:50,511 - WARNING - /home/cchen/Hiccup/core/PesExploration/tools/energy_structure_filter.py:97: DeprecationWarning: Please use atoms.calc = calc
  atoms.set_calculator(calculator)

2025-07-12 13:21:50,536 - WARNING - /home/cchen/Hiccup/core/PesExploration/tools/energy_structure_filter.py:97: DeprecationWarning: Please use atoms.calc = calc
  atoms.set_calculator(calculator)

2025-07-12 13:21:50,562 - WARNING - /home/cchen/Hiccup/core/PesExploration/tools/energy_structure_filter.py:97: DeprecationWarning: Please use atoms.calc = calc
  atoms.set_calculator(calculator)

2025-07-12 13:21:50,589 - WARNING - /home/cchen/Hiccup/core/PesExploration/tools/energy_structure_filter.py:97: DeprecationWarning: Please use atoms.calc = calc
  atoms.set_calculator(calculator)

2025-07-12 13:21:50,616 - WARNING - /home/cchen/Hiccup/core/PesExploration/tools/energy_structure_filter.py:97: DeprecationWarning: Please use atoms.calc = calc
  atoms.set_calculator(calculator)

2025-07-12 13:21:50,643 - WARNING - /home/cchen/Hiccup/core/PesExploration/tools/energy_structure_filter.py:97: DeprecationWarning: Please use atoms.calc = calc
  atoms.set_calculator(calculator)

2025-07-12 13:21:50,669 - WARNING - /home/cchen/Hiccup/core/PesExploration/tools/energy_structure_filter.py:97: DeprecationWarning: Please use atoms.calc = calc
  atoms.set_calculator(calculator)

2025-07-12 13:21:50,695 - WARNING - /home/cchen/Hiccup/core/PesExploration/tools/energy_structure_filter.py:97: DeprecationWarning: Please use atoms.calc = calc
  atoms.set_calculator(calculator)

2025-07-12 13:21:50,721 - WARNING - /home/cchen/Hiccup/core/PesExploration/tools/energy_structure_filter.py:97: DeprecationWarning: Please use atoms.calc = calc
  atoms.set_calculator(calculator)

2025-07-12 13:21:50,763 - WARNING - /home/cchen/Hiccup/core/PesExploration/tools/energy_structure_filter.py:97: DeprecationWarning: Please use atoms.calc = calc
  atoms.set_calculator(calculator)

2025-07-12 13:21:50,801 - WARNING - /home/cchen/Hiccup/core/PesExploration/tools/energy_structure_filter.py:97: DeprecationWarning: Please use atoms.calc = calc
  atoms.set_calculator(calculator)

2025-07-12 13:21:50,839 - WARNING - /home/cchen/Hiccup/core/PesExploration/tools/energy_structure_filter.py:97: DeprecationWarning: Please use atoms.calc = calc
  atoms.set_calculator(calculator)

2025-07-12 13:21:50,879 - WARNING - /home/cchen/Hiccup/core/PesExploration/tools/energy_structure_filter.py:97: DeprecationWarning: Please use atoms.calc = calc
  atoms.set_calculator(calculator)

2025-07-12 13:21:50,918 - WARNING - /home/cchen/Hiccup/core/PesExploration/tools/energy_structure_filter.py:97: DeprecationWarning: Please use atoms.calc = calc
  atoms.set_calculator(calculator)

2025-07-12 13:21:50,958 - WARNING - /home/cchen/Hiccup/core/PesExploration/tools/energy_structure_filter.py:97: DeprecationWarning: Please use atoms.calc = calc
  atoms.set_calculator(calculator)

2025-07-12 13:21:50,991 - WARNING - /home/cchen/Hiccup/core/PesExploration/tools/energy_structure_filter.py:97: DeprecationWarning: Please use atoms.calc = calc
  atoms.set_calculator(calculator)

2025-07-12 13:21:51,022 - WARNING - /home/cchen/Hiccup/core/PesExploration/tools/energy_structure_filter.py:97: DeprecationWarning: Please use atoms.calc = calc
  atoms.set_calculator(calculator)

2025-07-12 13:21:51,060 - WARNING - /home/cchen/Hiccup/core/PesExploration/tools/energy_structure_filter.py:97: DeprecationWarning: Please use atoms.calc = calc
  atoms.set_calculator(calculator)

2025-07-12 13:21:51,099 - WARNING - /home/cchen/Hiccup/core/PesExploration/tools/energy_structure_filter.py:97: DeprecationWarning: Please use atoms.calc = calc
  atoms.set_calculator(calculator)

2025-07-12 13:21:51,137 - WARNING - /home/cchen/Hiccup/core/PesExploration/tools/energy_structure_filter.py:97: DeprecationWarning: Please use atoms.calc = calc
  atoms.set_calculator(calculator)

2025-07-12 13:21:51,170 - WARNING - /home/cchen/Hiccup/core/PesExploration/tools/energy_structure_filter.py:97: DeprecationWarning: Please use atoms.calc = calc
  atoms.set_calculator(calculator)

2025-07-12 13:21:51,203 - WARNING - /home/cchen/Hiccup/core/PesExploration/tools/energy_structure_filter.py:97: DeprecationWarning: Please use atoms.calc = calc
  atoms.set_calculator(calculator)

2025-07-12 13:21:51,229 - WARNING - /home/cchen/Hiccup/core/PesExploration/tools/energy_structure_filter.py:97: DeprecationWarning: Please use atoms.calc = calc
  atoms.set_calculator(calculator)

2025-07-12 13:21:51,268 - WARNING - /home/cchen/Hiccup/core/PesExploration/tools/energy_structure_filter.py:97: DeprecationWarning: Please use atoms.calc = calc
  atoms.set_calculator(calculator)

2025-07-12 13:21:51,309 - WARNING - /home/cchen/Hiccup/core/PesExploration/tools/energy_structure_filter.py:97: DeprecationWarning: Please use atoms.calc = calc
  atoms.set_calculator(calculator)

2025-07-12 13:21:51,341 - WARNING - /home/cchen/Hiccup/core/PesExploration/tools/energy_structure_filter.py:97: DeprecationWarning: Please use atoms.calc = calc
  atoms.set_calculator(calculator)

2025-07-12 13:21:51,368 - WARNING - /home/cchen/Hiccup/core/PesExploration/tools/energy_structure_filter.py:97: DeprecationWarning: Please use atoms.calc = calc
  atoms.set_calculator(calculator)

2025-07-12 13:21:51,407 - WARNING - /home/cchen/Hiccup/core/PesExploration/tools/energy_structure_filter.py:97: DeprecationWarning: Please use atoms.calc = calc
  atoms.set_calculator(calculator)

2025-07-12 13:21:51,445 - WARNING - /home/cchen/Hiccup/core/PesExploration/tools/energy_structure_filter.py:97: DeprecationWarning: Please use atoms.calc = calc
  atoms.set_calculator(calculator)

2025-07-12 13:21:51,472 - WARNING - /home/cchen/Hiccup/core/PesExploration/tools/energy_structure_filter.py:97: DeprecationWarning: Please use atoms.calc = calc
  atoms.set_calculator(calculator)

2025-07-12 13:21:51,511 - WARNING - /home/cchen/Hiccup/core/PesExploration/tools/energy_structure_filter.py:97: DeprecationWarning: Please use atoms.calc = calc
  atoms.set_calculator(calculator)

2025-07-12 13:21:51,549 - WARNING - /home/cchen/Hiccup/core/PesExploration/tools/energy_structure_filter.py:97: DeprecationWarning: Please use atoms.calc = calc
  atoms.set_calculator(calculator)

2025-07-12 13:21:51,589 - WARNING - /home/cchen/Hiccup/core/PesExploration/tools/energy_structure_filter.py:97: DeprecationWarning: Please use atoms.calc = calc
  atoms.set_calculator(calculator)

2025-07-12 13:21:51,616 - WARNING - /home/cchen/Hiccup/core/PesExploration/tools/energy_structure_filter.py:97: DeprecationWarning: Please use atoms.calc = calc
  atoms.set_calculator(calculator)

2025-07-12 13:21:51,650 - WARNING - /home/cchen/Hiccup/core/PesExploration/tools/energy_structure_filter.py:97: DeprecationWarning: Please use atoms.calc = calc
  atoms.set_calculator(calculator)

2025-07-12 13:21:51,690 - WARNING - /home/cchen/Hiccup/core/PesExploration/tools/energy_structure_filter.py:97: DeprecationWarning: Please use atoms.calc = calc
  atoms.set_calculator(calculator)

2025-07-12 13:21:51,731 - WARNING - /home/cchen/Hiccup/core/PesExploration/tools/energy_structure_filter.py:97: DeprecationWarning: Please use atoms.calc = calc
  atoms.set_calculator(calculator)

2025-07-12 13:21:51,758 - WARNING - /home/cchen/Hiccup/core/PesExploration/tools/energy_structure_filter.py:97: DeprecationWarning: Please use atoms.calc = calc
  atoms.set_calculator(calculator)

2025-07-12 13:21:51,787 - WARNING - /home/cchen/Hiccup/core/PesExploration/tools/energy_structure_filter.py:97: DeprecationWarning: Please use atoms.calc = calc
  atoms.set_calculator(calculator)

2025-07-12 13:21:51,814 - WARNING - /home/cchen/Hiccup/core/PesExploration/tools/energy_structure_filter.py:97: DeprecationWarning: Please use atoms.calc = calc
  atoms.set_calculator(calculator)

2025-07-12 13:21:51,849 - WARNING - /home/cchen/Hiccup/core/PesExploration/tools/energy_structure_filter.py:97: DeprecationWarning: Please use atoms.calc = calc
  atoms.set_calculator(calculator)

2025-07-12 13:21:51,888 - WARNING - /home/cchen/Hiccup/core/PesExploration/tools/energy_structure_filter.py:97: DeprecationWarning: Please use atoms.calc = calc
  atoms.set_calculator(calculator)

2025-07-12 13:21:51,924 - WARNING - /home/cchen/Hiccup/core/PesExploration/tools/energy_structure_filter.py:97: DeprecationWarning: Please use atoms.calc = calc
  atoms.set_calculator(calculator)

2025-07-12 13:21:51,953 - WARNING - /home/cchen/Hiccup/core/PesExploration/tools/energy_structure_filter.py:97: DeprecationWarning: Please use atoms.calc = calc
  atoms.set_calculator(calculator)

2025-07-12 13:21:51,986 - WARNING - /home/cchen/Hiccup/core/PesExploration/tools/energy_structure_filter.py:97: DeprecationWarning: Please use atoms.calc = calc
  atoms.set_calculator(calculator)

2025-07-12 13:21:52,014 - WARNING - /home/cchen/Hiccup/core/PesExploration/tools/energy_structure_filter.py:97: DeprecationWarning: Please use atoms.calc = calc
  atoms.set_calculator(calculator)

2025-07-12 13:21:52,052 - WARNING - /home/cchen/Hiccup/core/PesExploration/tools/energy_structure_filter.py:97: DeprecationWarning: Please use atoms.calc = calc
  atoms.set_calculator(calculator)

2025-07-12 13:21:52,091 - WARNING - /home/cchen/Hiccup/core/PesExploration/tools/energy_structure_filter.py:97: DeprecationWarning: Please use atoms.calc = calc
  atoms.set_calculator(calculator)

2025-07-12 13:21:52,133 - WARNING - /home/cchen/Hiccup/core/PesExploration/tools/energy_structure_filter.py:97: DeprecationWarning: Please use atoms.calc = calc
  atoms.set_calculator(calculator)

2025-07-12 13:21:52,173 - WARNING - /home/cchen/Hiccup/core/PesExploration/tools/energy_structure_filter.py:97: DeprecationWarning: Please use atoms.calc = calc
  atoms.set_calculator(calculator)

2025-07-12 13:21:52,212 - WARNING - /home/cchen/Hiccup/core/PesExploration/tools/energy_structure_filter.py:97: DeprecationWarning: Please use atoms.calc = calc
  atoms.set_calculator(calculator)

2025-07-12 13:21:52,253 - WARNING - /home/cchen/Hiccup/core/PesExploration/tools/energy_structure_filter.py:97: DeprecationWarning: Please use atoms.calc = calc
  atoms.set_calculator(calculator)

2025-07-12 13:21:52,280 - WARNING - /home/cchen/Hiccup/core/PesExploration/tools/energy_structure_filter.py:97: DeprecationWarning: Please use atoms.calc = calc
  atoms.set_calculator(calculator)

2025-07-12 13:21:52,306 - WARNING - /home/cchen/Hiccup/core/PesExploration/tools/energy_structure_filter.py:97: DeprecationWarning: Please use atoms.calc = calc
  atoms.set_calculator(calculator)

2025-07-12 13:21:52,340 - WARNING - /home/cchen/Hiccup/core/PesExploration/tools/energy_structure_filter.py:97: DeprecationWarning: Please use atoms.calc = calc
  atoms.set_calculator(calculator)

2025-07-12 13:21:52,367 - WARNING - /home/cchen/Hiccup/core/PesExploration/tools/energy_structure_filter.py:97: DeprecationWarning: Please use atoms.calc = calc
  atoms.set_calculator(calculator)

2025-07-12 13:21:52,401 - WARNING - /home/cchen/Hiccup/core/PesExploration/tools/energy_structure_filter.py:97: DeprecationWarning: Please use atoms.calc = calc
  atoms.set_calculator(calculator)

2025-07-12 13:21:52,435 - WARNING - /home/cchen/Hiccup/core/PesExploration/tools/energy_structure_filter.py:97: DeprecationWarning: Please use atoms.calc = calc
  atoms.set_calculator(calculator)

2025-07-12 13:21:52,461 - WARNING - /home/cchen/Hiccup/core/PesExploration/tools/energy_structure_filter.py:97: DeprecationWarning: Please use atoms.calc = calc
  atoms.set_calculator(calculator)

2025-07-12 13:21:52,488 - WARNING - /home/cchen/Hiccup/core/PesExploration/tools/energy_structure_filter.py:97: DeprecationWarning: Please use atoms.calc = calc
  atoms.set_calculator(calculator)

2025-07-12 13:21:52,515 - WARNING - /home/cchen/Hiccup/core/PesExploration/tools/energy_structure_filter.py:97: DeprecationWarning: Please use atoms.calc = calc
  atoms.set_calculator(calculator)

2025-07-12 13:21:52,557 - WARNING - /home/cchen/Hiccup/core/PesExploration/tools/energy_structure_filter.py:97: DeprecationWarning: Please use atoms.calc = calc
  atoms.set_calculator(calculator)

2025-07-12 13:21:52,596 - WARNING - /home/cchen/Hiccup/core/PesExploration/tools/energy_structure_filter.py:97: DeprecationWarning: Please use atoms.calc = calc
  atoms.set_calculator(calculator)

2025-07-12 13:21:52,635 - WARNING - /home/cchen/Hiccup/core/PesExploration/tools/energy_structure_filter.py:97: DeprecationWarning: Please use atoms.calc = calc
  atoms.set_calculator(calculator)

2025-07-12 13:21:52,676 - WARNING - /home/cchen/Hiccup/core/PesExploration/tools/energy_structure_filter.py:97: DeprecationWarning: Please use atoms.calc = calc
  atoms.set_calculator(calculator)

2025-07-12 13:21:52,705 - WARNING - /home/cchen/Hiccup/core/PesExploration/tools/energy_structure_filter.py:97: DeprecationWarning: Please use atoms.calc = calc
  atoms.set_calculator(calculator)

2025-07-12 13:21:52,732 - WARNING - /home/cchen/Hiccup/core/PesExploration/tools/energy_structure_filter.py:97: DeprecationWarning: Please use atoms.calc = calc
  atoms.set_calculator(calculator)

2025-07-12 13:21:52,759 - WARNING - /home/cchen/Hiccup/core/PesExploration/tools/energy_structure_filter.py:97: DeprecationWarning: Please use atoms.calc = calc
  atoms.set_calculator(calculator)

2025-07-12 13:21:52,786 - WARNING - /home/cchen/Hiccup/core/PesExploration/tools/energy_structure_filter.py:97: DeprecationWarning: Please use atoms.calc = calc
  atoms.set_calculator(calculator)

2025-07-12 13:21:52,823 - WARNING - /home/cchen/Hiccup/core/PesExploration/tools/energy_structure_filter.py:97: DeprecationWarning: Please use atoms.calc = calc
  atoms.set_calculator(calculator)

2025-07-12 13:21:52,862 - WARNING - /home/cchen/Hiccup/core/PesExploration/tools/energy_structure_filter.py:97: DeprecationWarning: Please use atoms.calc = calc
  atoms.set_calculator(calculator)

2025-07-12 13:21:52,900 - WARNING - /home/cchen/Hiccup/core/PesExploration/tools/energy_structure_filter.py:97: DeprecationWarning: Please use atoms.calc = calc
  atoms.set_calculator(calculator)

2025-07-12 13:21:52,939 - WARNING - /home/cchen/Hiccup/core/PesExploration/tools/energy_structure_filter.py:97: DeprecationWarning: Please use atoms.calc = calc
  atoms.set_calculator(calculator)

2025-07-12 13:21:52,978 - WARNING - /home/cchen/Hiccup/core/PesExploration/tools/energy_structure_filter.py:97: DeprecationWarning: Please use atoms.calc = calc
  atoms.set_calculator(calculator)

2025-07-12 13:21:53,017 - WARNING - /home/cchen/Hiccup/core/PesExploration/tools/energy_structure_filter.py:97: DeprecationWarning: Please use atoms.calc = calc
  atoms.set_calculator(calculator)

2025-07-12 13:21:53,056 - WARNING - /home/cchen/Hiccup/core/PesExploration/tools/energy_structure_filter.py:97: DeprecationWarning: Please use atoms.calc = calc
  atoms.set_calculator(calculator)

2025-07-12 13:21:53,097 - WARNING - /home/cchen/Hiccup/core/PesExploration/tools/energy_structure_filter.py:97: DeprecationWarning: Please use atoms.calc = calc
  atoms.set_calculator(calculator)

2025-07-12 13:21:53,136 - WARNING - /home/cchen/Hiccup/core/PesExploration/tools/energy_structure_filter.py:97: DeprecationWarning: Please use atoms.calc = calc
  atoms.set_calculator(calculator)

2025-07-12 13:21:53,176 - WARNING - /home/cchen/Hiccup/core/PesExploration/tools/energy_structure_filter.py:97: DeprecationWarning: Please use atoms.calc = calc
  atoms.set_calculator(calculator)

2025-07-12 13:21:53,215 - WARNING - /home/cchen/Hiccup/core/PesExploration/tools/energy_structure_filter.py:97: DeprecationWarning: Please use atoms.calc = calc
  atoms.set_calculator(calculator)

2025-07-12 13:21:53,255 - WARNING - /home/cchen/Hiccup/core/PesExploration/tools/energy_structure_filter.py:97: DeprecationWarning: Please use atoms.calc = calc
  atoms.set_calculator(calculator)

2025-07-12 13:21:53,295 - WARNING - /home/cchen/Hiccup/core/PesExploration/tools/energy_structure_filter.py:97: DeprecationWarning: Please use atoms.calc = calc
  atoms.set_calculator(calculator)

2025-07-12 13:21:53,321 - WARNING - /home/cchen/Hiccup/core/PesExploration/tools/energy_structure_filter.py:97: DeprecationWarning: Please use atoms.calc = calc
  atoms.set_calculator(calculator)

2025-07-12 13:21:53,361 - WARNING - /home/cchen/Hiccup/core/PesExploration/tools/energy_structure_filter.py:97: DeprecationWarning: Please use atoms.calc = calc
  atoms.set_calculator(calculator)

2025-07-12 13:21:53,404 - WARNING - /home/cchen/Hiccup/core/PesExploration/tools/energy_structure_filter.py:97: DeprecationWarning: Please use atoms.calc = calc
  atoms.set_calculator(calculator)

2025-07-12 13:21:53,442 - WARNING - /home/cchen/Hiccup/core/PesExploration/tools/energy_structure_filter.py:97: DeprecationWarning: Please use atoms.calc = calc
  atoms.set_calculator(calculator)

2025-07-12 13:21:53,481 - WARNING - /home/cchen/Hiccup/core/PesExploration/tools/energy_structure_filter.py:97: DeprecationWarning: Please use atoms.calc = calc
  atoms.set_calculator(calculator)

2025-07-12 13:21:53,517 - WARNING - /home/cchen/Hiccup/core/PesExploration/tools/energy_structure_filter.py:97: DeprecationWarning: Please use atoms.calc = calc
  atoms.set_calculator(calculator)

2025-07-12 13:21:53,546 - WARNING - /home/cchen/Hiccup/core/PesExploration/tools/energy_structure_filter.py:97: DeprecationWarning: Please use atoms.calc = calc
  atoms.set_calculator(calculator)

2025-07-12 13:21:53,584 - WARNING - /home/cchen/Hiccup/core/PesExploration/tools/energy_structure_filter.py:97: DeprecationWarning: Please use atoms.calc = calc
  atoms.set_calculator(calculator)

2025-07-12 13:21:53,611 - WARNING - /home/cchen/Hiccup/core/PesExploration/tools/energy_structure_filter.py:97: DeprecationWarning: Please use atoms.calc = calc
  atoms.set_calculator(calculator)

2025-07-12 13:21:53,639 - WARNING - /home/cchen/Hiccup/core/PesExploration/tools/energy_structure_filter.py:97: DeprecationWarning: Please use atoms.calc = calc
  atoms.set_calculator(calculator)

2025-07-12 13:21:53,666 - WARNING - /home/cchen/Hiccup/core/PesExploration/tools/energy_structure_filter.py:97: DeprecationWarning: Please use atoms.calc = calc
  atoms.set_calculator(calculator)

2025-07-12 13:21:53,694 - WARNING - /home/cchen/Hiccup/core/PesExploration/tools/energy_structure_filter.py:97: DeprecationWarning: Please use atoms.calc = calc
  atoms.set_calculator(calculator)

2025-07-12 13:21:53,722 - WARNING - /home/cchen/Hiccup/core/PesExploration/tools/energy_structure_filter.py:97: DeprecationWarning: Please use atoms.calc = calc
  atoms.set_calculator(calculator)

2025-07-12 13:21:53,761 - WARNING - /home/cchen/Hiccup/core/PesExploration/tools/energy_structure_filter.py:97: DeprecationWarning: Please use atoms.calc = calc
  atoms.set_calculator(calculator)

2025-07-12 13:21:53,803 - WARNING - /home/cchen/Hiccup/core/PesExploration/tools/energy_structure_filter.py:97: DeprecationWarning: Please use atoms.calc = calc
  atoms.set_calculator(calculator)

2025-07-12 13:21:53,841 - WARNING - /home/cchen/Hiccup/core/PesExploration/tools/energy_structure_filter.py:97: DeprecationWarning: Please use atoms.calc = calc
  atoms.set_calculator(calculator)

2025-07-12 13:21:53,880 - WARNING - /home/cchen/Hiccup/core/PesExploration/tools/energy_structure_filter.py:97: DeprecationWarning: Please use atoms.calc = calc
  atoms.set_calculator(calculator)

2025-07-12 13:21:53,920 - WARNING - /home/cchen/Hiccup/core/PesExploration/tools/energy_structure_filter.py:97: DeprecationWarning: Please use atoms.calc = calc
  atoms.set_calculator(calculator)

2025-07-12 13:21:53,957 - WARNING - /home/cchen/Hiccup/core/PesExploration/tools/energy_structure_filter.py:97: DeprecationWarning: Please use atoms.calc = calc
  atoms.set_calculator(calculator)

2025-07-12 13:21:53,984 - WARNING - /home/cchen/Hiccup/core/PesExploration/tools/energy_structure_filter.py:97: DeprecationWarning: Please use atoms.calc = calc
  atoms.set_calculator(calculator)

2025-07-12 13:21:54,012 - WARNING - /home/cchen/Hiccup/core/PesExploration/tools/energy_structure_filter.py:97: DeprecationWarning: Please use atoms.calc = calc
  atoms.set_calculator(calculator)

2025-07-12 13:21:54,039 - WARNING - /home/cchen/Hiccup/core/PesExploration/tools/energy_structure_filter.py:97: DeprecationWarning: Please use atoms.calc = calc
  atoms.set_calculator(calculator)

2025-07-12 13:21:54,065 - WARNING - /home/cchen/Hiccup/core/PesExploration/tools/energy_structure_filter.py:97: DeprecationWarning: Please use atoms.calc = calc
  atoms.set_calculator(calculator)

2025-07-12 13:21:54,091 - WARNING - /home/cchen/Hiccup/core/PesExploration/tools/energy_structure_filter.py:97: DeprecationWarning: Please use atoms.calc = calc
  atoms.set_calculator(calculator)

2025-07-12 13:21:54,118 - WARNING - /home/cchen/Hiccup/core/PesExploration/tools/energy_structure_filter.py:97: DeprecationWarning: Please use atoms.calc = calc
  atoms.set_calculator(calculator)

2025-07-12 13:21:54,144 - WARNING - /home/cchen/Hiccup/core/PesExploration/tools/energy_structure_filter.py:97: DeprecationWarning: Please use atoms.calc = calc
  atoms.set_calculator(calculator)

2025-07-12 13:21:54,171 - WARNING - /home/cchen/Hiccup/core/PesExploration/tools/energy_structure_filter.py:97: DeprecationWarning: Please use atoms.calc = calc
  atoms.set_calculator(calculator)

2025-07-12 13:21:54,208 - WARNING - /home/cchen/Hiccup/core/PesExploration/tools/energy_structure_filter.py:97: DeprecationWarning: Please use atoms.calc = calc
  atoms.set_calculator(calculator)

2025-07-12 13:21:54,247 - WARNING - /home/cchen/Hiccup/core/PesExploration/tools/energy_structure_filter.py:97: DeprecationWarning: Please use atoms.calc = calc
  atoms.set_calculator(calculator)

2025-07-12 13:21:54,288 - WARNING - /home/cchen/Hiccup/core/PesExploration/tools/energy_structure_filter.py:97: DeprecationWarning: Please use atoms.calc = calc
  atoms.set_calculator(calculator)

2025-07-12 13:21:54,327 - WARNING - /home/cchen/Hiccup/core/PesExploration/tools/energy_structure_filter.py:97: DeprecationWarning: Please use atoms.calc = calc
  atoms.set_calculator(calculator)

2025-07-12 13:21:54,367 - WARNING - /home/cchen/Hiccup/core/PesExploration/tools/energy_structure_filter.py:97: DeprecationWarning: Please use atoms.calc = calc
  atoms.set_calculator(calculator)

2025-07-12 13:21:54,405 - WARNING - /home/cchen/Hiccup/core/PesExploration/tools/energy_structure_filter.py:97: DeprecationWarning: Please use atoms.calc = calc
  atoms.set_calculator(calculator)

2025-07-12 13:21:54,446 - WARNING - /home/cchen/Hiccup/core/PesExploration/tools/energy_structure_filter.py:97: DeprecationWarning: Please use atoms.calc = calc
  atoms.set_calculator(calculator)

2025-07-12 13:21:54,486 - WARNING - /home/cchen/Hiccup/core/PesExploration/tools/energy_structure_filter.py:97: DeprecationWarning: Please use atoms.calc = calc
  atoms.set_calculator(calculator)

2025-07-12 13:21:54,525 - WARNING - /home/cchen/Hiccup/core/PesExploration/tools/energy_structure_filter.py:97: DeprecationWarning: Please use atoms.calc = calc
  atoms.set_calculator(calculator)

2025-07-12 13:21:54,564 - WARNING - /home/cchen/Hiccup/core/PesExploration/tools/energy_structure_filter.py:97: DeprecationWarning: Please use atoms.calc = calc
  atoms.set_calculator(calculator)

2025-07-12 13:21:54,602 - WARNING - /home/cchen/Hiccup/core/PesExploration/tools/energy_structure_filter.py:97: DeprecationWarning: Please use atoms.calc = calc
  atoms.set_calculator(calculator)

2025-07-12 13:21:54,641 - WARNING - /home/cchen/Hiccup/core/PesExploration/tools/energy_structure_filter.py:97: DeprecationWarning: Please use atoms.calc = calc
  atoms.set_calculator(calculator)

2025-07-12 13:21:54,677 - WARNING - /home/cchen/Hiccup/core/PesExploration/tools/energy_structure_filter.py:97: DeprecationWarning: Please use atoms.calc = calc
  atoms.set_calculator(calculator)

2025-07-12 13:21:54,704 - WARNING - /home/cchen/Hiccup/core/PesExploration/tools/energy_structure_filter.py:97: DeprecationWarning: Please use atoms.calc = calc
  atoms.set_calculator(calculator)

2025-07-12 13:21:54,742 - WARNING - /home/cchen/Hiccup/core/PesExploration/tools/energy_structure_filter.py:97: DeprecationWarning: Please use atoms.calc = calc
  atoms.set_calculator(calculator)

2025-07-12 13:21:54,783 - WARNING - /home/cchen/Hiccup/core/PesExploration/tools/energy_structure_filter.py:97: DeprecationWarning: Please use atoms.calc = calc
  atoms.set_calculator(calculator)

2025-07-12 13:21:54,821 - WARNING - /home/cchen/Hiccup/core/PesExploration/tools/energy_structure_filter.py:97: DeprecationWarning: Please use atoms.calc = calc
  atoms.set_calculator(calculator)

2025-07-12 13:21:54,861 - WARNING - /home/cchen/Hiccup/core/PesExploration/tools/energy_structure_filter.py:97: DeprecationWarning: Please use atoms.calc = calc
  atoms.set_calculator(calculator)

2025-07-12 13:21:54,901 - WARNING - /home/cchen/Hiccup/core/PesExploration/tools/energy_structure_filter.py:97: DeprecationWarning: Please use atoms.calc = calc
  atoms.set_calculator(calculator)

2025-07-12 13:21:54,935 - WARNING - /home/cchen/Hiccup/core/PesExploration/tools/energy_structure_filter.py:97: DeprecationWarning: Please use atoms.calc = calc
  atoms.set_calculator(calculator)

2025-07-12 13:21:54,964 - WARNING - /home/cchen/Hiccup/core/PesExploration/tools/energy_structure_filter.py:97: DeprecationWarning: Please use atoms.calc = calc
  atoms.set_calculator(calculator)

2025-07-12 13:21:54,996 - WARNING - /home/cchen/Hiccup/core/PesExploration/tools/energy_structure_filter.py:97: DeprecationWarning: Please use atoms.calc = calc
  atoms.set_calculator(calculator)

2025-07-12 13:21:55,029 - WARNING - /home/cchen/Hiccup/core/PesExploration/tools/energy_structure_filter.py:97: DeprecationWarning: Please use atoms.calc = calc
  atoms.set_calculator(calculator)

2025-07-12 13:21:55,068 - WARNING - /home/cchen/Hiccup/core/PesExploration/tools/energy_structure_filter.py:97: DeprecationWarning: Please use atoms.calc = calc
  atoms.set_calculator(calculator)

2025-07-12 13:21:55,107 - WARNING - /home/cchen/Hiccup/core/PesExploration/tools/energy_structure_filter.py:97: DeprecationWarning: Please use atoms.calc = calc
  atoms.set_calculator(calculator)

2025-07-12 13:21:55,147 - WARNING - /home/cchen/Hiccup/core/PesExploration/tools/energy_structure_filter.py:97: DeprecationWarning: Please use atoms.calc = calc
  atoms.set_calculator(calculator)

2025-07-12 13:21:55,187 - WARNING - /home/cchen/Hiccup/core/PesExploration/tools/energy_structure_filter.py:97: DeprecationWarning: Please use atoms.calc = calc
  atoms.set_calculator(calculator)

2025-07-12 13:21:55,226 - WARNING - /home/cchen/Hiccup/core/PesExploration/tools/energy_structure_filter.py:97: DeprecationWarning: Please use atoms.calc = calc
  atoms.set_calculator(calculator)

2025-07-12 13:21:55,265 - WARNING - /home/cchen/Hiccup/core/PesExploration/tools/energy_structure_filter.py:97: DeprecationWarning: Please use atoms.calc = calc
  atoms.set_calculator(calculator)

2025-07-12 13:21:55,304 - WARNING - /home/cchen/Hiccup/core/PesExploration/tools/energy_structure_filter.py:97: DeprecationWarning: Please use atoms.calc = calc
  atoms.set_calculator(calculator)

2025-07-12 13:21:55,343 - WARNING - /home/cchen/Hiccup/core/PesExploration/tools/energy_structure_filter.py:97: DeprecationWarning: Please use atoms.calc = calc
  atoms.set_calculator(calculator)

2025-07-12 13:21:55,381 - WARNING - /home/cchen/Hiccup/core/PesExploration/tools/energy_structure_filter.py:97: DeprecationWarning: Please use atoms.calc = calc
  atoms.set_calculator(calculator)

2025-07-12 13:21:55,409 - WARNING - /home/cchen/Hiccup/core/PesExploration/tools/energy_structure_filter.py:97: DeprecationWarning: Please use atoms.calc = calc
  atoms.set_calculator(calculator)

2025-07-12 13:21:55,449 - WARNING - /home/cchen/Hiccup/core/PesExploration/tools/energy_structure_filter.py:97: DeprecationWarning: Please use atoms.calc = calc
  atoms.set_calculator(calculator)

2025-07-12 13:21:55,475 - WARNING - /home/cchen/Hiccup/core/PesExploration/tools/energy_structure_filter.py:97: DeprecationWarning: Please use atoms.calc = calc
  atoms.set_calculator(calculator)

2025-07-12 13:21:55,505 - WARNING - /home/cchen/Hiccup/core/PesExploration/tools/energy_structure_filter.py:97: DeprecationWarning: Please use atoms.calc = calc
  atoms.set_calculator(calculator)

2025-07-12 13:21:55,550 - WARNING - /home/cchen/Hiccup/core/PesExploration/tools/energy_structure_filter.py:97: DeprecationWarning: Please use atoms.calc = calc
  atoms.set_calculator(calculator)

2025-07-12 13:21:55,599 - WARNING - /home/cchen/Hiccup/core/PesExploration/tools/energy_structure_filter.py:97: DeprecationWarning: Please use atoms.calc = calc
  atoms.set_calculator(calculator)

2025-07-12 13:21:55,632 - WARNING - /home/cchen/Hiccup/core/PesExploration/tools/energy_structure_filter.py:97: DeprecationWarning: Please use atoms.calc = calc
  atoms.set_calculator(calculator)

2025-07-12 13:21:55,661 - WARNING - /home/cchen/Hiccup/core/PesExploration/tools/energy_structure_filter.py:97: DeprecationWarning: Please use atoms.calc = calc
  atoms.set_calculator(calculator)

2025-07-12 13:21:55,703 - WARNING - /home/cchen/Hiccup/core/PesExploration/tools/energy_structure_filter.py:97: DeprecationWarning: Please use atoms.calc = calc
  atoms.set_calculator(calculator)

2025-07-12 13:21:55,739 - WARNING - /home/cchen/Hiccup/core/PesExploration/tools/energy_structure_filter.py:97: DeprecationWarning: Please use atoms.calc = calc
  atoms.set_calculator(calculator)

2025-07-12 13:21:55,771 - WARNING - /home/cchen/Hiccup/core/PesExploration/tools/energy_structure_filter.py:97: DeprecationWarning: Please use atoms.calc = calc
  atoms.set_calculator(calculator)

2025-07-12 13:21:55,802 - WARNING - /home/cchen/Hiccup/core/PesExploration/tools/energy_structure_filter.py:97: DeprecationWarning: Please use atoms.calc = calc
  atoms.set_calculator(calculator)

2025-07-12 13:21:55,834 - WARNING - /home/cchen/Hiccup/core/PesExploration/tools/energy_structure_filter.py:97: DeprecationWarning: Please use atoms.calc = calc
  atoms.set_calculator(calculator)

2025-07-12 13:21:55,872 - WARNING - /home/cchen/Hiccup/core/PesExploration/tools/energy_structure_filter.py:97: DeprecationWarning: Please use atoms.calc = calc
  atoms.set_calculator(calculator)

2025-07-12 13:21:55,904 - WARNING - /home/cchen/Hiccup/core/PesExploration/tools/energy_structure_filter.py:97: DeprecationWarning: Please use atoms.calc = calc
  atoms.set_calculator(calculator)

2025-07-12 13:21:55,933 - WARNING - /home/cchen/Hiccup/core/PesExploration/tools/energy_structure_filter.py:97: DeprecationWarning: Please use atoms.calc = calc
  atoms.set_calculator(calculator)

2025-07-12 13:21:55,963 - WARNING - /home/cchen/Hiccup/core/PesExploration/tools/energy_structure_filter.py:97: DeprecationWarning: Please use atoms.calc = calc
  atoms.set_calculator(calculator)

2025-07-12 13:21:55,995 - WARNING - /home/cchen/Hiccup/core/PesExploration/tools/energy_structure_filter.py:97: DeprecationWarning: Please use atoms.calc = calc
  atoms.set_calculator(calculator)

2025-07-12 13:21:56,023 - WARNING - /home/cchen/Hiccup/core/PesExploration/tools/energy_structure_filter.py:97: DeprecationWarning: Please use atoms.calc = calc
  atoms.set_calculator(calculator)

2025-07-12 13:21:56,055 - WARNING - /home/cchen/Hiccup/core/PesExploration/tools/energy_structure_filter.py:97: DeprecationWarning: Please use atoms.calc = calc
  atoms.set_calculator(calculator)

2025-07-12 13:21:56,084 - WARNING - /home/cchen/Hiccup/core/PesExploration/tools/energy_structure_filter.py:97: DeprecationWarning: Please use atoms.calc = calc
  atoms.set_calculator(calculator)

2025-07-12 13:21:56,130 - WARNING - /home/cchen/Hiccup/core/PesExploration/tools/energy_structure_filter.py:97: DeprecationWarning: Please use atoms.calc = calc
  atoms.set_calculator(calculator)

2025-07-12 13:21:56,160 - WARNING - /home/cchen/Hiccup/core/PesExploration/tools/energy_structure_filter.py:97: DeprecationWarning: Please use atoms.calc = calc
  atoms.set_calculator(calculator)

2025-07-12 13:21:56,190 - WARNING - /home/cchen/Hiccup/core/PesExploration/tools/energy_structure_filter.py:97: DeprecationWarning: Please use atoms.calc = calc
  atoms.set_calculator(calculator)

2025-07-12 13:21:56,233 - WARNING - /home/cchen/Hiccup/core/PesExploration/tools/energy_structure_filter.py:97: DeprecationWarning: Please use atoms.calc = calc
  atoms.set_calculator(calculator)

2025-07-12 13:21:56,271 - WARNING - /home/cchen/Hiccup/core/PesExploration/tools/energy_structure_filter.py:97: DeprecationWarning: Please use atoms.calc = calc
  atoms.set_calculator(calculator)

2025-07-12 13:21:56,302 - WARNING - /home/cchen/Hiccup/core/PesExploration/tools/energy_structure_filter.py:97: DeprecationWarning: Please use atoms.calc = calc
  atoms.set_calculator(calculator)

2025-07-12 13:21:56,331 - WARNING - /home/cchen/Hiccup/core/PesExploration/tools/energy_structure_filter.py:97: DeprecationWarning: Please use atoms.calc = calc
  atoms.set_calculator(calculator)

2025-07-12 13:21:56,361 - WARNING - /home/cchen/Hiccup/core/PesExploration/tools/energy_structure_filter.py:97: DeprecationWarning: Please use atoms.calc = calc
  atoms.set_calculator(calculator)

2025-07-12 13:21:56,395 - WARNING - /home/cchen/Hiccup/core/PesExploration/tools/energy_structure_filter.py:97: DeprecationWarning: Please use atoms.calc = calc
  atoms.set_calculator(calculator)

2025-07-12 13:21:56,436 - WARNING - /home/cchen/Hiccup/core/PesExploration/tools/energy_structure_filter.py:97: DeprecationWarning: Please use atoms.calc = calc
  atoms.set_calculator(calculator)

2025-07-12 13:21:56,474 - WARNING - /home/cchen/Hiccup/core/PesExploration/tools/energy_structure_filter.py:97: DeprecationWarning: Please use atoms.calc = calc
  atoms.set_calculator(calculator)

2025-07-12 13:21:56,514 - WARNING - /home/cchen/Hiccup/core/PesExploration/tools/energy_structure_filter.py:97: DeprecationWarning: Please use atoms.calc = calc
  atoms.set_calculator(calculator)

2025-07-12 13:21:56,555 - WARNING - /home/cchen/Hiccup/core/PesExploration/tools/energy_structure_filter.py:97: DeprecationWarning: Please use atoms.calc = calc
  atoms.set_calculator(calculator)

2025-07-12 13:21:56,594 - WARNING - /home/cchen/Hiccup/core/PesExploration/tools/energy_structure_filter.py:97: DeprecationWarning: Please use atoms.calc = calc
  atoms.set_calculator(calculator)

2025-07-12 13:21:56,634 - WARNING - /home/cchen/Hiccup/core/PesExploration/tools/energy_structure_filter.py:97: DeprecationWarning: Please use atoms.calc = calc
  atoms.set_calculator(calculator)

2025-07-12 13:21:56,673 - WARNING - /home/cchen/Hiccup/core/PesExploration/tools/energy_structure_filter.py:97: DeprecationWarning: Please use atoms.calc = calc
  atoms.set_calculator(calculator)

2025-07-12 13:21:56,714 - WARNING - /home/cchen/Hiccup/core/PesExploration/tools/energy_structure_filter.py:97: DeprecationWarning: Please use atoms.calc = calc
  atoms.set_calculator(calculator)

2025-07-12 13:21:56,754 - WARNING - /home/cchen/Hiccup/core/PesExploration/tools/energy_structure_filter.py:97: DeprecationWarning: Please use atoms.calc = calc
  atoms.set_calculator(calculator)

2025-07-12 13:21:56,794 - WARNING - /home/cchen/Hiccup/core/PesExploration/tools/energy_structure_filter.py:97: DeprecationWarning: Please use atoms.calc = calc
  atoms.set_calculator(calculator)

2025-07-12 13:21:56,834 - WARNING - /home/cchen/Hiccup/core/PesExploration/tools/energy_structure_filter.py:97: DeprecationWarning: Please use atoms.calc = calc
  atoms.set_calculator(calculator)

2025-07-12 13:21:56,874 - WARNING - /home/cchen/Hiccup/core/PesExploration/tools/energy_structure_filter.py:97: DeprecationWarning: Please use atoms.calc = calc
  atoms.set_calculator(calculator)

2025-07-12 13:21:56,914 - WARNING - /home/cchen/Hiccup/core/PesExploration/tools/energy_structure_filter.py:97: DeprecationWarning: Please use atoms.calc = calc
  atoms.set_calculator(calculator)

2025-07-12 13:21:56,951 - WARNING - /home/cchen/Hiccup/core/PesExploration/tools/energy_structure_filter.py:97: DeprecationWarning: Please use atoms.calc = calc
  atoms.set_calculator(calculator)

2025-07-12 13:21:56,979 - WARNING - /home/cchen/Hiccup/core/PesExploration/tools/energy_structure_filter.py:97: DeprecationWarning: Please use atoms.calc = calc
  atoms.set_calculator(calculator)

2025-07-12 13:21:57,006 - WARNING - /home/cchen/Hiccup/core/PesExploration/tools/energy_structure_filter.py:97: DeprecationWarning: Please use atoms.calc = calc
  atoms.set_calculator(calculator)

2025-07-12 13:21:57,032 - WARNING - /home/cchen/Hiccup/core/PesExploration/tools/energy_structure_filter.py:97: DeprecationWarning: Please use atoms.calc = calc
  atoms.set_calculator(calculator)

2025-07-12 13:21:57,070 - WARNING - /home/cchen/Hiccup/core/PesExploration/tools/energy_structure_filter.py:97: DeprecationWarning: Please use atoms.calc = calc
  atoms.set_calculator(calculator)

2025-07-12 13:21:57,108 - WARNING - /home/cchen/Hiccup/core/PesExploration/tools/energy_structure_filter.py:97: DeprecationWarning: Please use atoms.calc = calc
  atoms.set_calculator(calculator)

2025-07-12 13:21:57,147 - WARNING - /home/cchen/Hiccup/core/PesExploration/tools/energy_structure_filter.py:97: DeprecationWarning: Please use atoms.calc = calc
  atoms.set_calculator(calculator)

2025-07-12 13:21:57,180 - WARNING - /home/cchen/Hiccup/core/PesExploration/tools/energy_structure_filter.py:97: DeprecationWarning: Please use atoms.calc = calc
  atoms.set_calculator(calculator)

2025-07-12 13:21:57,207 - WARNING - /home/cchen/Hiccup/core/PesExploration/tools/energy_structure_filter.py:97: DeprecationWarning: Please use atoms.calc = calc
  atoms.set_calculator(calculator)

2025-07-12 13:21:57,235 - WARNING - /home/cchen/Hiccup/core/PesExploration/tools/energy_structure_filter.py:97: DeprecationWarning: Please use atoms.calc = calc
  atoms.set_calculator(calculator)

2025-07-12 13:21:57,266 - WARNING - /home/cchen/Hiccup/core/PesExploration/tools/energy_structure_filter.py:97: DeprecationWarning: Please use atoms.calc = calc
  atoms.set_calculator(calculator)

2025-07-12 13:21:57,304 - WARNING - /home/cchen/Hiccup/core/PesExploration/tools/energy_structure_filter.py:97: DeprecationWarning: Please use atoms.calc = calc
  atoms.set_calculator(calculator)

2025-07-12 13:21:57,343 - WARNING - /home/cchen/Hiccup/core/PesExploration/tools/energy_structure_filter.py:97: DeprecationWarning: Please use atoms.calc = calc
  atoms.set_calculator(calculator)

2025-07-12 13:21:57,370 - WARNING - /home/cchen/Hiccup/core/PesExploration/tools/energy_structure_filter.py:97: DeprecationWarning: Please use atoms.calc = calc
  atoms.set_calculator(calculator)

2025-07-12 13:21:57,406 - WARNING - /home/cchen/Hiccup/core/PesExploration/tools/energy_structure_filter.py:97: DeprecationWarning: Please use atoms.calc = calc
  atoms.set_calculator(calculator)

2025-07-12 13:21:57,433 - WARNING - /home/cchen/Hiccup/core/PesExploration/tools/energy_structure_filter.py:97: DeprecationWarning: Please use atoms.calc = calc
  atoms.set_calculator(calculator)

2025-07-12 13:21:57,471 - WARNING - /home/cchen/Hiccup/core/PesExploration/tools/energy_structure_filter.py:97: DeprecationWarning: Please use atoms.calc = calc
  atoms.set_calculator(calculator)

2025-07-12 13:21:57,498 - WARNING - /home/cchen/Hiccup/core/PesExploration/tools/energy_structure_filter.py:97: DeprecationWarning: Please use atoms.calc = calc
  atoms.set_calculator(calculator)

2025-07-12 13:21:57,527 - WARNING - /home/cchen/Hiccup/core/PesExploration/tools/energy_structure_filter.py:97: DeprecationWarning: Please use atoms.calc = calc
  atoms.set_calculator(calculator)

2025-07-12 13:21:57,553 - WARNING - /home/cchen/Hiccup/core/PesExploration/tools/energy_structure_filter.py:97: DeprecationWarning: Please use atoms.calc = calc
  atoms.set_calculator(calculator)

2025-07-12 13:21:57,585 - WARNING - /home/cchen/Hiccup/core/PesExploration/tools/energy_structure_filter.py:97: DeprecationWarning: Please use atoms.calc = calc
  atoms.set_calculator(calculator)

2025-07-12 13:21:57,612 - WARNING - /home/cchen/Hiccup/core/PesExploration/tools/energy_structure_filter.py:97: DeprecationWarning: Please use atoms.calc = calc
  atoms.set_calculator(calculator)

2025-07-12 13:21:57,650 - WARNING - /home/cchen/Hiccup/core/PesExploration/tools/energy_structure_filter.py:97: DeprecationWarning: Please use atoms.calc = calc
  atoms.set_calculator(calculator)

2025-07-12 13:21:57,684 - WARNING - /home/cchen/Hiccup/core/PesExploration/tools/energy_structure_filter.py:97: DeprecationWarning: Please use atoms.calc = calc
  atoms.set_calculator(calculator)

2025-07-12 13:21:57,714 - WARNING - /home/cchen/Hiccup/core/PesExploration/tools/energy_structure_filter.py:97: DeprecationWarning: Please use atoms.calc = calc
  atoms.set_calculator(calculator)

2025-07-12 13:21:57,743 - WARNING - /home/cchen/Hiccup/core/PesExploration/tools/energy_structure_filter.py:97: DeprecationWarning: Please use atoms.calc = calc
  atoms.set_calculator(calculator)

2025-07-12 13:21:57,780 - WARNING - /home/cchen/Hiccup/core/PesExploration/tools/energy_structure_filter.py:97: DeprecationWarning: Please use atoms.calc = calc
  atoms.set_calculator(calculator)

2025-07-12 13:21:57,828 - WARNING - /home/cchen/Hiccup/core/PesExploration/tools/energy_structure_filter.py:97: DeprecationWarning: Please use atoms.calc = calc
  atoms.set_calculator(calculator)

2025-07-12 13:21:57,857 - WARNING - /home/cchen/Hiccup/core/PesExploration/tools/energy_structure_filter.py:97: DeprecationWarning: Please use atoms.calc = calc
  atoms.set_calculator(calculator)

2025-07-12 13:21:57,886 - WARNING - /home/cchen/Hiccup/core/PesExploration/tools/energy_structure_filter.py:97: DeprecationWarning: Please use atoms.calc = calc
  atoms.set_calculator(calculator)

2025-07-12 13:21:57,929 - WARNING - /home/cchen/Hiccup/core/PesExploration/tools/energy_structure_filter.py:97: DeprecationWarning: Please use atoms.calc = calc
  atoms.set_calculator(calculator)

2025-07-12 13:21:57,958 - WARNING - /home/cchen/Hiccup/core/PesExploration/tools/energy_structure_filter.py:97: DeprecationWarning: Please use atoms.calc = calc
  atoms.set_calculator(calculator)

2025-07-12 13:21:57,989 - WARNING - /home/cchen/Hiccup/core/PesExploration/tools/energy_structure_filter.py:97: DeprecationWarning: Please use atoms.calc = calc
  atoms.set_calculator(calculator)

2025-07-12 13:21:58,022 - WARNING - /home/cchen/Hiccup/core/PesExploration/tools/energy_structure_filter.py:97: DeprecationWarning: Please use atoms.calc = calc
  atoms.set_calculator(calculator)

2025-07-12 13:21:58,052 - WARNING - /home/cchen/Hiccup/core/PesExploration/tools/energy_structure_filter.py:97: DeprecationWarning: Please use atoms.calc = calc
  atoms.set_calculator(calculator)

2025-07-12 13:21:58,081 - WARNING - /home/cchen/Hiccup/core/PesExploration/tools/energy_structure_filter.py:97: DeprecationWarning: Please use atoms.calc = calc
  atoms.set_calculator(calculator)

2025-07-12 13:21:58,111 - WARNING - /home/cchen/Hiccup/core/PesExploration/tools/energy_structure_filter.py:97: DeprecationWarning: Please use atoms.calc = calc
  atoms.set_calculator(calculator)

2025-07-12 13:21:58,139 - WARNING - /home/cchen/Hiccup/core/PesExploration/tools/energy_structure_filter.py:97: DeprecationWarning: Please use atoms.calc = calc
  atoms.set_calculator(calculator)

2025-07-12 13:21:58,168 - WARNING - /home/cchen/Hiccup/core/PesExploration/tools/energy_structure_filter.py:97: DeprecationWarning: Please use atoms.calc = calc
  atoms.set_calculator(calculator)

2025-07-12 13:21:58,210 - WARNING - /home/cchen/Hiccup/core/PesExploration/tools/energy_structure_filter.py:97: DeprecationWarning: Please use atoms.calc = calc
  atoms.set_calculator(calculator)

2025-07-12 13:21:58,241 - WARNING - /home/cchen/Hiccup/core/PesExploration/tools/energy_structure_filter.py:97: DeprecationWarning: Please use atoms.calc = calc
  atoms.set_calculator(calculator)

2025-07-12 13:21:58,269 - WARNING - /home/cchen/Hiccup/core/PesExploration/tools/energy_structure_filter.py:97: DeprecationWarning: Please use atoms.calc = calc
  atoms.set_calculator(calculator)

2025-07-12 13:21:58,299 - WARNING - /home/cchen/Hiccup/core/PesExploration/tools/energy_structure_filter.py:97: DeprecationWarning: Please use atoms.calc = calc
  atoms.set_calculator(calculator)

2025-07-12 13:21:58,344 - WARNING - /home/cchen/Hiccup/core/PesExploration/tools/energy_structure_filter.py:97: DeprecationWarning: Please use atoms.calc = calc
  atoms.set_calculator(calculator)

2025-07-12 13:21:58,373 - WARNING - /home/cchen/Hiccup/core/PesExploration/tools/energy_structure_filter.py:97: DeprecationWarning: Please use atoms.calc = calc
  atoms.set_calculator(calculator)

2025-07-12 13:21:58,402 - WARNING - /home/cchen/Hiccup/core/PesExploration/tools/energy_structure_filter.py:97: DeprecationWarning: Please use atoms.calc = calc
  atoms.set_calculator(calculator)

2025-07-12 13:21:58,432 - WARNING - /home/cchen/Hiccup/core/PesExploration/tools/energy_structure_filter.py:97: DeprecationWarning: Please use atoms.calc = calc
  atoms.set_calculator(calculator)

2025-07-12 13:21:58,472 - WARNING - /home/cchen/Hiccup/core/PesExploration/tools/energy_structure_filter.py:97: DeprecationWarning: Please use atoms.calc = calc
  atoms.set_calculator(calculator)

2025-07-12 13:21:58,505 - WARNING - /home/cchen/Hiccup/core/PesExploration/tools/energy_structure_filter.py:97: DeprecationWarning: Please use atoms.calc = calc
  atoms.set_calculator(calculator)

2025-07-12 13:21:58,535 - WARNING - /home/cchen/Hiccup/core/PesExploration/tools/energy_structure_filter.py:97: DeprecationWarning: Please use atoms.calc = calc
  atoms.set_calculator(calculator)

2025-07-12 13:21:58,564 - WARNING - /home/cchen/Hiccup/core/PesExploration/tools/energy_structure_filter.py:97: DeprecationWarning: Please use atoms.calc = calc
  atoms.set_calculator(calculator)

2025-07-12 13:21:58,605 - WARNING - /home/cchen/Hiccup/core/PesExploration/tools/energy_structure_filter.py:97: DeprecationWarning: Please use atoms.calc = calc
  atoms.set_calculator(calculator)

2025-07-12 13:21:58,632 - WARNING - /home/cchen/Hiccup/core/PesExploration/tools/energy_structure_filter.py:97: DeprecationWarning: Please use atoms.calc = calc
  atoms.set_calculator(calculator)

2025-07-12 13:21:58,658 - WARNING - /home/cchen/Hiccup/core/PesExploration/tools/energy_structure_filter.py:97: DeprecationWarning: Please use atoms.calc = calc
  atoms.set_calculator(calculator)

2025-07-12 13:21:58,697 - WARNING - /home/cchen/Hiccup/core/PesExploration/tools/energy_structure_filter.py:97: DeprecationWarning: Please use atoms.calc = calc
  atoms.set_calculator(calculator)

2025-07-12 13:21:58,733 - WARNING - /home/cchen/Hiccup/core/PesExploration/tools/energy_structure_filter.py:97: DeprecationWarning: Please use atoms.calc = calc
  atoms.set_calculator(calculator)

2025-07-12 13:21:58,760 - WARNING - /home/cchen/Hiccup/core/PesExploration/tools/energy_structure_filter.py:97: DeprecationWarning: Please use atoms.calc = calc
  atoms.set_calculator(calculator)

2025-07-12 13:21:58,786 - WARNING - /home/cchen/Hiccup/core/PesExploration/tools/energy_structure_filter.py:97: DeprecationWarning: Please use atoms.calc = calc
  atoms.set_calculator(calculator)

2025-07-12 13:21:58,813 - WARNING - /home/cchen/Hiccup/core/PesExploration/tools/energy_structure_filter.py:97: DeprecationWarning: Please use atoms.calc = calc
  atoms.set_calculator(calculator)

2025-07-12 13:21:58,843 - WARNING - /home/cchen/Hiccup/core/PesExploration/tools/energy_structure_filter.py:97: DeprecationWarning: Please use atoms.calc = calc
  atoms.set_calculator(calculator)

2025-07-12 13:21:58,887 - WARNING - /home/cchen/Hiccup/core/PesExploration/tools/energy_structure_filter.py:97: DeprecationWarning: Please use atoms.calc = calc
  atoms.set_calculator(calculator)

2025-07-12 13:21:58,919 - WARNING - /home/cchen/Hiccup/core/PesExploration/tools/energy_structure_filter.py:97: DeprecationWarning: Please use atoms.calc = calc
  atoms.set_calculator(calculator)

2025-07-12 13:21:58,948 - WARNING - /home/cchen/Hiccup/core/PesExploration/tools/energy_structure_filter.py:97: DeprecationWarning: Please use atoms.calc = calc
  atoms.set_calculator(calculator)

2025-07-12 13:21:58,981 - WARNING - /home/cchen/Hiccup/core/PesExploration/tools/energy_structure_filter.py:97: DeprecationWarning: Please use atoms.calc = calc
  atoms.set_calculator(calculator)

2025-07-12 13:21:59,021 - WARNING - /home/cchen/Hiccup/core/PesExploration/tools/energy_structure_filter.py:97: DeprecationWarning: Please use atoms.calc = calc
  atoms.set_calculator(calculator)

2025-07-12 13:21:59,051 - WARNING - /home/cchen/Hiccup/core/PesExploration/tools/energy_structure_filter.py:97: DeprecationWarning: Please use atoms.calc = calc
  atoms.set_calculator(calculator)

2025-07-12 13:21:59,077 - WARNING - /home/cchen/Hiccup/core/PesExploration/tools/energy_structure_filter.py:97: DeprecationWarning: Please use atoms.calc = calc
  atoms.set_calculator(calculator)

2025-07-12 13:21:59,103 - WARNING - /home/cchen/Hiccup/core/PesExploration/tools/energy_structure_filter.py:97: DeprecationWarning: Please use atoms.calc = calc
  atoms.set_calculator(calculator)

2025-07-12 13:21:59,130 - WARNING - /home/cchen/Hiccup/core/PesExploration/tools/energy_structure_filter.py:97: DeprecationWarning: Please use atoms.calc = calc
  atoms.set_calculator(calculator)

2025-07-12 13:21:59,160 - WARNING - /home/cchen/Hiccup/core/PesExploration/tools/energy_structure_filter.py:97: DeprecationWarning: Please use atoms.calc = calc
  atoms.set_calculator(calculator)

2025-07-12 13:21:59,189 - WARNING - /home/cchen/Hiccup/core/PesExploration/tools/energy_structure_filter.py:97: DeprecationWarning: Please use atoms.calc = calc
  atoms.set_calculator(calculator)

2025-07-12 13:21:59,231 - WARNING - /home/cchen/Hiccup/core/PesExploration/tools/energy_structure_filter.py:97: DeprecationWarning: Please use atoms.calc = calc
  atoms.set_calculator(calculator)

2025-07-12 13:21:59,270 - WARNING - /home/cchen/Hiccup/core/PesExploration/tools/energy_structure_filter.py:97: DeprecationWarning: Please use atoms.calc = calc
  atoms.set_calculator(calculator)

2025-07-12 13:21:59,297 - WARNING - /home/cchen/Hiccup/core/PesExploration/tools/energy_structure_filter.py:97: DeprecationWarning: Please use atoms.calc = calc
  atoms.set_calculator(calculator)

2025-07-12 13:21:59,337 - WARNING - /home/cchen/Hiccup/core/PesExploration/tools/energy_structure_filter.py:97: DeprecationWarning: Please use atoms.calc = calc
  atoms.set_calculator(calculator)

2025-07-12 13:21:59,370 - WARNING - /home/cchen/Hiccup/core/PesExploration/tools/energy_structure_filter.py:97: DeprecationWarning: Please use atoms.calc = calc
  atoms.set_calculator(calculator)

2025-07-12 13:21:59,400 - WARNING - /home/cchen/Hiccup/core/PesExploration/tools/energy_structure_filter.py:97: DeprecationWarning: Please use atoms.calc = calc
  atoms.set_calculator(calculator)

2025-07-12 13:21:59,429 - WARNING - /home/cchen/Hiccup/core/PesExploration/tools/energy_structure_filter.py:97: DeprecationWarning: Please use atoms.calc = calc
  atoms.set_calculator(calculator)

2025-07-12 13:21:59,458 - WARNING - /home/cchen/Hiccup/core/PesExploration/tools/energy_structure_filter.py:97: DeprecationWarning: Please use atoms.calc = calc
  atoms.set_calculator(calculator)

2025-07-12 13:21:59,497 - WARNING - /home/cchen/Hiccup/core/PesExploration/tools/energy_structure_filter.py:97: DeprecationWarning: Please use atoms.calc = calc
  atoms.set_calculator(calculator)

2025-07-12 13:21:59,548 - WARNING - /home/cchen/Hiccup/core/PesExploration/tools/energy_structure_filter.py:97: DeprecationWarning: Please use atoms.calc = calc
  atoms.set_calculator(calculator)

2025-07-12 13:21:59,578 - WARNING - /home/cchen/Hiccup/core/PesExploration/tools/energy_structure_filter.py:97: DeprecationWarning: Please use atoms.calc = calc
  atoms.set_calculator(calculator)

2025-07-12 13:21:59,607 - WARNING - /home/cchen/Hiccup/core/PesExploration/tools/energy_structure_filter.py:97: DeprecationWarning: Please use atoms.calc = calc
  atoms.set_calculator(calculator)

2025-07-12 13:21:59,637 - WARNING - /home/cchen/Hiccup/core/PesExploration/tools/energy_structure_filter.py:97: DeprecationWarning: Please use atoms.calc = calc
  atoms.set_calculator(calculator)

2025-07-12 13:21:59,681 - WARNING - /home/cchen/Hiccup/core/PesExploration/tools/energy_structure_filter.py:97: DeprecationWarning: Please use atoms.calc = calc
  atoms.set_calculator(calculator)

2025-07-12 13:21:59,710 - WARNING - /home/cchen/Hiccup/core/PesExploration/tools/energy_structure_filter.py:97: DeprecationWarning: Please use atoms.calc = calc
  atoms.set_calculator(calculator)

2025-07-12 13:21:59,741 - WARNING - /home/cchen/Hiccup/core/PesExploration/tools/energy_structure_filter.py:97: DeprecationWarning: Please use atoms.calc = calc
  atoms.set_calculator(calculator)

2025-07-12 13:21:59,786 - WARNING - /home/cchen/Hiccup/core/PesExploration/tools/energy_structure_filter.py:97: DeprecationWarning: Please use atoms.calc = calc
  atoms.set_calculator(calculator)

2025-07-12 13:21:59,826 - WARNING - /home/cchen/Hiccup/core/PesExploration/tools/energy_structure_filter.py:97: DeprecationWarning: Please use atoms.calc = calc
  atoms.set_calculator(calculator)

2025-07-12 13:21:59,856 - WARNING - /home/cchen/Hiccup/core/PesExploration/tools/energy_structure_filter.py:97: DeprecationWarning: Please use atoms.calc = calc
  atoms.set_calculator(calculator)

2025-07-12 13:21:59,895 - WARNING - /home/cchen/Hiccup/core/PesExploration/tools/energy_structure_filter.py:97: DeprecationWarning: Please use atoms.calc = calc
  atoms.set_calculator(calculator)

2025-07-12 13:21:59,936 - WARNING - /home/cchen/Hiccup/core/PesExploration/tools/energy_structure_filter.py:97: DeprecationWarning: Please use atoms.calc = calc
  atoms.set_calculator(calculator)

2025-07-12 13:21:59,966 - WARNING - /home/cchen/Hiccup/core/PesExploration/tools/energy_structure_filter.py:97: DeprecationWarning: Please use atoms.calc = calc
  atoms.set_calculator(calculator)

2025-07-12 13:21:59,995 - WARNING - /home/cchen/Hiccup/core/PesExploration/tools/energy_structure_filter.py:97: DeprecationWarning: Please use atoms.calc = calc
  atoms.set_calculator(calculator)

2025-07-12 13:22:00,038 - WARNING - /home/cchen/Hiccup/core/PesExploration/tools/energy_structure_filter.py:97: DeprecationWarning: Please use atoms.calc = calc
  atoms.set_calculator(calculator)

2025-07-12 13:22:00,085 - WARNING - /home/cchen/Hiccup/core/PesExploration/tools/energy_structure_filter.py:97: DeprecationWarning: Please use atoms.calc = calc
  atoms.set_calculator(calculator)

2025-07-12 13:22:00,119 - WARNING - /home/cchen/Hiccup/core/PesExploration/tools/energy_structure_filter.py:97: DeprecationWarning: Please use atoms.calc = calc
  atoms.set_calculator(calculator)

2025-07-12 13:22:00,149 - WARNING - /home/cchen/Hiccup/core/PesExploration/tools/energy_structure_filter.py:97: DeprecationWarning: Please use atoms.calc = calc
  atoms.set_calculator(calculator)

2025-07-12 13:22:00,179 - WARNING - /home/cchen/Hiccup/core/PesExploration/tools/energy_structure_filter.py:97: DeprecationWarning: Please use atoms.calc = calc
  atoms.set_calculator(calculator)

2025-07-12 13:22:00,218 - WARNING - /home/cchen/Hiccup/core/PesExploration/tools/energy_structure_filter.py:97: DeprecationWarning: Please use atoms.calc = calc
  atoms.set_calculator(calculator)

2025-07-12 13:22:00,257 - WARNING - /home/cchen/Hiccup/core/PesExploration/tools/energy_structure_filter.py:97: DeprecationWarning: Please use atoms.calc = calc
  atoms.set_calculator(calculator)

2025-07-12 13:22:00,287 - WARNING - /home/cchen/Hiccup/core/PesExploration/tools/energy_structure_filter.py:97: DeprecationWarning: Please use atoms.calc = calc
  atoms.set_calculator(calculator)

2025-07-12 13:22:00,315 - WARNING - /home/cchen/Hiccup/core/PesExploration/tools/energy_structure_filter.py:97: DeprecationWarning: Please use atoms.calc = calc
  atoms.set_calculator(calculator)

2025-07-12 13:22:00,345 - WARNING - /home/cchen/Hiccup/core/PesExploration/tools/energy_structure_filter.py:97: DeprecationWarning: Please use atoms.calc = calc
  atoms.set_calculator(calculator)

2025-07-12 13:22:00,372 - WARNING - /home/cchen/Hiccup/core/PesExploration/tools/energy_structure_filter.py:97: DeprecationWarning: Please use atoms.calc = calc
  atoms.set_calculator(calculator)

2025-07-12 13:22:00,399 - WARNING - /home/cchen/Hiccup/core/PesExploration/tools/energy_structure_filter.py:97: DeprecationWarning: Please use atoms.calc = calc
  atoms.set_calculator(calculator)

2025-07-12 13:22:00,425 - WARNING - /home/cchen/Hiccup/core/PesExploration/tools/energy_structure_filter.py:97: DeprecationWarning: Please use atoms.calc = calc
  atoms.set_calculator(calculator)

2025-07-12 13:22:00,452 - WARNING - /home/cchen/Hiccup/core/PesExploration/tools/energy_structure_filter.py:97: DeprecationWarning: Please use atoms.calc = calc
  atoms.set_calculator(calculator)

2025-07-12 13:22:00,491 - WARNING - /home/cchen/Hiccup/core/PesExploration/tools/energy_structure_filter.py:97: DeprecationWarning: Please use atoms.calc = calc
  atoms.set_calculator(calculator)

2025-07-12 13:22:00,517 - WARNING - /home/cchen/Hiccup/core/PesExploration/tools/energy_structure_filter.py:97: DeprecationWarning: Please use atoms.calc = calc
  atoms.set_calculator(calculator)

2025-07-12 13:22:00,559 - WARNING - /home/cchen/Hiccup/core/PesExploration/tools/energy_structure_filter.py:97: DeprecationWarning: Please use atoms.calc = calc
  atoms.set_calculator(calculator)

2025-07-12 13:22:00,594 - WARNING - /home/cchen/Hiccup/core/PesExploration/tools/energy_structure_filter.py:97: DeprecationWarning: Please use atoms.calc = calc
  atoms.set_calculator(calculator)

2025-07-12 13:22:00,626 - WARNING - /home/cchen/Hiccup/core/PesExploration/tools/energy_structure_filter.py:97: DeprecationWarning: Please use atoms.calc = calc
  atoms.set_calculator(calculator)

2025-07-12 13:22:00,653 - WARNING - /home/cchen/Hiccup/core/PesExploration/tools/energy_structure_filter.py:97: DeprecationWarning: Please use atoms.calc = calc
  atoms.set_calculator(calculator)

2025-07-12 13:22:00,681 - WARNING - /home/cchen/Hiccup/core/PesExploration/tools/energy_structure_filter.py:97: DeprecationWarning: Please use atoms.calc = calc
  atoms.set_calculator(calculator)

2025-07-12 13:22:00,710 - WARNING - /home/cchen/Hiccup/core/PesExploration/tools/energy_structure_filter.py:97: DeprecationWarning: Please use atoms.calc = calc
  atoms.set_calculator(calculator)

2025-07-12 13:22:00,752 - WARNING - /home/cchen/Hiccup/core/PesExploration/tools/energy_structure_filter.py:97: DeprecationWarning: Please use atoms.calc = calc
  atoms.set_calculator(calculator)

2025-07-12 13:22:00,782 - WARNING - /home/cchen/Hiccup/core/PesExploration/tools/energy_structure_filter.py:97: DeprecationWarning: Please use atoms.calc = calc
  atoms.set_calculator(calculator)

2025-07-12 13:22:00,811 - WARNING - /home/cchen/Hiccup/core/PesExploration/tools/energy_structure_filter.py:97: DeprecationWarning: Please use atoms.calc = calc
  atoms.set_calculator(calculator)

2025-07-12 13:22:00,839 - WARNING - /home/cchen/Hiccup/core/PesExploration/tools/energy_structure_filter.py:97: DeprecationWarning: Please use atoms.calc = calc
  atoms.set_calculator(calculator)

2025-07-12 13:22:00,883 - WARNING - /home/cchen/Hiccup/core/PesExploration/tools/energy_structure_filter.py:97: DeprecationWarning: Please use atoms.calc = calc
  atoms.set_calculator(calculator)

2025-07-12 13:22:00,914 - WARNING - /home/cchen/Hiccup/core/PesExploration/tools/energy_structure_filter.py:97: DeprecationWarning: Please use atoms.calc = calc
  atoms.set_calculator(calculator)

2025-07-12 13:22:00,943 - WARNING - /home/cchen/Hiccup/core/PesExploration/tools/energy_structure_filter.py:97: DeprecationWarning: Please use atoms.calc = calc
  atoms.set_calculator(calculator)

2025-07-12 13:22:00,973 - WARNING - /home/cchen/Hiccup/core/PesExploration/tools/energy_structure_filter.py:97: DeprecationWarning: Please use atoms.calc = calc
  atoms.set_calculator(calculator)

2025-07-12 13:22:01,030 - WARNING - /home/cchen/Hiccup/core/PesExploration/tools/energy_structure_filter.py:97: DeprecationWarning: Please use atoms.calc = calc
  atoms.set_calculator(calculator)

2025-07-12 13:22:01,064 - WARNING - /home/cchen/Hiccup/core/PesExploration/tools/energy_structure_filter.py:97: DeprecationWarning: Please use atoms.calc = calc
  atoms.set_calculator(calculator)

2025-07-12 13:22:01,094 - WARNING - /home/cchen/Hiccup/core/PesExploration/tools/energy_structure_filter.py:97: DeprecationWarning: Please use atoms.calc = calc
  atoms.set_calculator(calculator)

2025-07-12 13:22:01,138 - WARNING - /home/cchen/Hiccup/core/PesExploration/tools/energy_structure_filter.py:97: DeprecationWarning: Please use atoms.calc = calc
  atoms.set_calculator(calculator)

2025-07-12 13:22:01,185 - WARNING - /home/cchen/Hiccup/core/PesExploration/tools/energy_structure_filter.py:97: DeprecationWarning: Please use atoms.calc = calc
  atoms.set_calculator(calculator)

2025-07-12 13:22:01,214 - WARNING - /home/cchen/Hiccup/core/PesExploration/tools/energy_structure_filter.py:97: DeprecationWarning: Please use atoms.calc = calc
  atoms.set_calculator(calculator)

2025-07-12 13:22:01,243 - WARNING - /home/cchen/Hiccup/core/PesExploration/tools/energy_structure_filter.py:97: DeprecationWarning: Please use atoms.calc = calc
  atoms.set_calculator(calculator)

2025-07-12 13:22:01,273 - WARNING - /home/cchen/Hiccup/core/PesExploration/tools/energy_structure_filter.py:97: DeprecationWarning: Please use atoms.calc = calc
  atoms.set_calculator(calculator)

2025-07-12 13:22:01,303 - WARNING - /home/cchen/Hiccup/core/PesExploration/tools/energy_structure_filter.py:97: DeprecationWarning: Please use atoms.calc = calc
  atoms.set_calculator(calculator)

2025-07-12 13:22:01,330 - WARNING - /home/cchen/Hiccup/core/PesExploration/tools/energy_structure_filter.py:97: DeprecationWarning: Please use atoms.calc = calc
  atoms.set_calculator(calculator)

2025-07-12 13:22:01,356 - WARNING - /home/cchen/Hiccup/core/PesExploration/tools/energy_structure_filter.py:97: DeprecationWarning: Please use atoms.calc = calc
  atoms.set_calculator(calculator)

2025-07-12 13:22:01,391 - WARNING - /home/cchen/Hiccup/core/PesExploration/tools/energy_structure_filter.py:97: DeprecationWarning: Please use atoms.calc = calc
  atoms.set_calculator(calculator)

2025-07-12 13:22:01,433 - WARNING - /home/cchen/Hiccup/core/PesExploration/tools/energy_structure_filter.py:97: DeprecationWarning: Please use atoms.calc = calc
  atoms.set_calculator(calculator)

2025-07-12 13:22:01,471 - WARNING - /home/cchen/Hiccup/core/PesExploration/tools/energy_structure_filter.py:97: DeprecationWarning: Please use atoms.calc = calc
  atoms.set_calculator(calculator)

2025-07-12 13:22:01,509 - WARNING - /home/cchen/Hiccup/core/PesExploration/tools/energy_structure_filter.py:97: DeprecationWarning: Please use atoms.calc = calc
  atoms.set_calculator(calculator)

2025-07-12 13:22:01,555 - WARNING - /home/cchen/Hiccup/core/PesExploration/tools/energy_structure_filter.py:97: DeprecationWarning: Please use atoms.calc = calc
  atoms.set_calculator(calculator)

2025-07-12 13:22:01,584 - WARNING - /home/cchen/Hiccup/core/PesExploration/tools/energy_structure_filter.py:97: DeprecationWarning: Please use atoms.calc = calc
  atoms.set_calculator(calculator)

2025-07-12 13:22:01,613 - WARNING - /home/cchen/Hiccup/core/PesExploration/tools/energy_structure_filter.py:97: DeprecationWarning: Please use atoms.calc = calc
  atoms.set_calculator(calculator)

2025-07-12 13:22:01,649 - WARNING - /home/cchen/Hiccup/core/PesExploration/tools/energy_structure_filter.py:97: DeprecationWarning: Please use atoms.calc = calc
  atoms.set_calculator(calculator)

2025-07-12 13:22:01,689 - WARNING - /home/cchen/Hiccup/core/PesExploration/tools/energy_structure_filter.py:97: DeprecationWarning: Please use atoms.calc = calc
  atoms.set_calculator(calculator)

2025-07-12 13:22:01,718 - WARNING - /home/cchen/Hiccup/core/PesExploration/tools/energy_structure_filter.py:97: DeprecationWarning: Please use atoms.calc = calc
  atoms.set_calculator(calculator)

2025-07-12 13:22:01,743 - WARNING - /home/cchen/Hiccup/core/PesExploration/tools/energy_structure_filter.py:97: DeprecationWarning: Please use atoms.calc = calc
  atoms.set_calculator(calculator)

2025-07-12 13:22:01,782 - WARNING - /home/cchen/Hiccup/core/PesExploration/tools/energy_structure_filter.py:97: DeprecationWarning: Please use atoms.calc = calc
  atoms.set_calculator(calculator)

2025-07-12 13:22:01,824 - WARNING - /home/cchen/Hiccup/core/PesExploration/tools/energy_structure_filter.py:97: DeprecationWarning: Please use atoms.calc = calc
  atoms.set_calculator(calculator)

2025-07-12 13:22:01,851 - WARNING - /home/cchen/Hiccup/core/PesExploration/tools/energy_structure_filter.py:97: DeprecationWarning: Please use atoms.calc = calc
  atoms.set_calculator(calculator)

2025-07-12 13:22:01,886 - WARNING - /home/cchen/Hiccup/core/PesExploration/tools/energy_structure_filter.py:97: DeprecationWarning: Please use atoms.calc = calc
  atoms.set_calculator(calculator)

2025-07-12 13:22:01,921 - WARNING - /home/cchen/Hiccup/core/PesExploration/tools/energy_structure_filter.py:97: DeprecationWarning: Please use atoms.calc = calc
  atoms.set_calculator(calculator)

2025-07-12 13:22:01,953 - WARNING - /home/cchen/Hiccup/core/PesExploration/tools/energy_structure_filter.py:97: DeprecationWarning: Please use atoms.calc = calc
  atoms.set_calculator(calculator)

2025-07-12 13:22:01,981 - WARNING - /home/cchen/Hiccup/core/PesExploration/tools/energy_structure_filter.py:97: DeprecationWarning: Please use atoms.calc = calc
  atoms.set_calculator(calculator)

2025-07-12 13:22:02,010 - WARNING - /home/cchen/Hiccup/core/PesExploration/tools/energy_structure_filter.py:97: DeprecationWarning: Please use atoms.calc = calc
  atoms.set_calculator(calculator)

2025-07-12 13:22:02,039 - WARNING - /home/cchen/Hiccup/core/PesExploration/tools/energy_structure_filter.py:97: DeprecationWarning: Please use atoms.calc = calc
  atoms.set_calculator(calculator)

2025-07-12 13:22:02,070 - WARNING - /home/cchen/Hiccup/core/PesExploration/tools/energy_structure_filter.py:97: DeprecationWarning: Please use atoms.calc = calc
  atoms.set_calculator(calculator)

2025-07-12 13:22:02,097 - WARNING - /home/cchen/Hiccup/core/PesExploration/tools/energy_structure_filter.py:97: DeprecationWarning: Please use atoms.calc = calc
  atoms.set_calculator(calculator)

2025-07-12 13:22:02,129 - WARNING - /home/cchen/Hiccup/core/PesExploration/tools/energy_structure_filter.py:97: DeprecationWarning: Please use atoms.calc = calc
  atoms.set_calculator(calculator)

2025-07-12 13:22:02,160 - WARNING - /home/cchen/Hiccup/core/PesExploration/tools/energy_structure_filter.py:97: DeprecationWarning: Please use atoms.calc = calc
  atoms.set_calculator(calculator)

2025-07-12 13:22:02,189 - WARNING - /home/cchen/Hiccup/core/PesExploration/tools/energy_structure_filter.py:97: DeprecationWarning: Please use atoms.calc = calc
  atoms.set_calculator(calculator)

2025-07-12 13:22:02,219 - WARNING - /home/cchen/Hiccup/core/PesExploration/tools/energy_structure_filter.py:97: DeprecationWarning: Please use atoms.calc = calc
  atoms.set_calculator(calculator)

2025-07-12 13:22:02,248 - WARNING - /home/cchen/Hiccup/core/PesExploration/tools/energy_structure_filter.py:97: DeprecationWarning: Please use atoms.calc = calc
  atoms.set_calculator(calculator)

2025-07-12 13:22:02,277 - WARNING - /home/cchen/Hiccup/core/PesExploration/tools/energy_structure_filter.py:97: DeprecationWarning: Please use atoms.calc = calc
  atoms.set_calculator(calculator)

2025-07-12 13:22:02,323 - WARNING - /home/cchen/Hiccup/core/PesExploration/tools/energy_structure_filter.py:97: DeprecationWarning: Please use atoms.calc = calc
  atoms.set_calculator(calculator)

2025-07-12 13:22:02,355 - WARNING - /home/cchen/Hiccup/core/PesExploration/tools/energy_structure_filter.py:97: DeprecationWarning: Please use atoms.calc = calc
  atoms.set_calculator(calculator)

2025-07-12 13:22:02,383 - WARNING - /home/cchen/Hiccup/core/PesExploration/tools/energy_structure_filter.py:97: DeprecationWarning: Please use atoms.calc = calc
  atoms.set_calculator(calculator)

2025-07-12 13:22:02,412 - WARNING - /home/cchen/Hiccup/core/PesExploration/tools/energy_structure_filter.py:97: DeprecationWarning: Please use atoms.calc = calc
  atoms.set_calculator(calculator)

2025-07-12 13:22:02,441 - WARNING - /home/cchen/Hiccup/core/PesExploration/tools/energy_structure_filter.py:97: DeprecationWarning: Please use atoms.calc = calc
  atoms.set_calculator(calculator)

2025-07-12 13:22:02,471 - WARNING - /home/cchen/Hiccup/core/PesExploration/tools/energy_structure_filter.py:97: DeprecationWarning: Please use atoms.calc = calc
  atoms.set_calculator(calculator)

2025-07-12 13:22:02,502 - WARNING - /home/cchen/Hiccup/core/PesExploration/tools/energy_structure_filter.py:97: DeprecationWarning: Please use atoms.calc = calc
  atoms.set_calculator(calculator)

2025-07-12 13:22:02,545 - WARNING - /home/cchen/Hiccup/core/PesExploration/tools/energy_structure_filter.py:97: DeprecationWarning: Please use atoms.calc = calc
  atoms.set_calculator(calculator)

2025-07-12 13:22:02,589 - WARNING - /home/cchen/Hiccup/core/PesExploration/tools/energy_structure_filter.py:97: DeprecationWarning: Please use atoms.calc = calc
  atoms.set_calculator(calculator)

2025-07-12 13:22:02,634 - WARNING - /home/cchen/Hiccup/core/PesExploration/tools/energy_structure_filter.py:97: DeprecationWarning: Please use atoms.calc = calc
  atoms.set_calculator(calculator)

2025-07-12 13:22:02,678 - WARNING - /home/cchen/Hiccup/core/PesExploration/tools/energy_structure_filter.py:97: DeprecationWarning: Please use atoms.calc = calc
  atoms.set_calculator(calculator)

2025-07-12 13:22:02,722 - WARNING - /home/cchen/Hiccup/core/PesExploration/tools/energy_structure_filter.py:97: DeprecationWarning: Please use atoms.calc = calc
  atoms.set_calculator(calculator)

2025-07-12 13:22:02,767 - WARNING - /home/cchen/Hiccup/core/PesExploration/tools/energy_structure_filter.py:97: DeprecationWarning: Please use atoms.calc = calc
  atoms.set_calculator(calculator)

2025-07-12 13:22:02,810 - WARNING - /home/cchen/Hiccup/core/PesExploration/tools/energy_structure_filter.py:97: DeprecationWarning: Please use atoms.calc = calc
  atoms.set_calculator(calculator)

2025-07-12 13:22:02,854 - WARNING - /home/cchen/Hiccup/core/PesExploration/tools/energy_structure_filter.py:97: DeprecationWarning: Please use atoms.calc = calc
  atoms.set_calculator(calculator)

2025-07-12 13:22:02,901 - WARNING - /home/cchen/Hiccup/core/PesExploration/tools/energy_structure_filter.py:97: DeprecationWarning: Please use atoms.calc = calc
  atoms.set_calculator(calculator)

2025-07-12 13:22:02,930 - WARNING - /home/cchen/Hiccup/core/PesExploration/tools/energy_structure_filter.py:97: DeprecationWarning: Please use atoms.calc = calc
  atoms.set_calculator(calculator)

2025-07-12 13:22:02,957 - WARNING - /home/cchen/Hiccup/core/PesExploration/tools/energy_structure_filter.py:97: DeprecationWarning: Please use atoms.calc = calc
  atoms.set_calculator(calculator)

2025-07-12 13:22:02,998 - WARNING - /home/cchen/Hiccup/core/PesExploration/tools/energy_structure_filter.py:97: DeprecationWarning: Please use atoms.calc = calc
  atoms.set_calculator(calculator)

2025-07-12 13:22:03,027 - WARNING - /home/cchen/Hiccup/core/PesExploration/tools/energy_structure_filter.py:97: DeprecationWarning: Please use atoms.calc = calc
  atoms.set_calculator(calculator)

2025-07-12 13:22:03,057 - WARNING - /home/cchen/Hiccup/core/PesExploration/tools/energy_structure_filter.py:97: DeprecationWarning: Please use atoms.calc = calc
  atoms.set_calculator(calculator)

2025-07-12 13:22:03,085 - WARNING - /home/cchen/Hiccup/core/PesExploration/tools/energy_structure_filter.py:97: DeprecationWarning: Please use atoms.calc = calc
  atoms.set_calculator(calculator)

2025-07-12 13:22:03,116 - WARNING - /home/cchen/Hiccup/core/PesExploration/tools/energy_structure_filter.py:97: DeprecationWarning: Please use atoms.calc = calc
  atoms.set_calculator(calculator)

2025-07-12 13:22:03,158 - WARNING - /home/cchen/Hiccup/core/PesExploration/tools/energy_structure_filter.py:97: DeprecationWarning: Please use atoms.calc = calc
  atoms.set_calculator(calculator)

2025-07-12 13:22:03,197 - WARNING - /home/cchen/Hiccup/core/PesExploration/tools/energy_structure_filter.py:97: DeprecationWarning: Please use atoms.calc = calc
  atoms.set_calculator(calculator)

2025-07-12 13:22:03,236 - WARNING - /home/cchen/Hiccup/core/PesExploration/tools/energy_structure_filter.py:97: DeprecationWarning: Please use atoms.calc = calc
  atoms.set_calculator(calculator)

2025-07-12 13:22:03,276 - WARNING - /home/cchen/Hiccup/core/PesExploration/tools/energy_structure_filter.py:97: DeprecationWarning: Please use atoms.calc = calc
  atoms.set_calculator(calculator)

2025-07-12 13:22:03,305 - WARNING - /home/cchen/Hiccup/core/PesExploration/tools/energy_structure_filter.py:97: DeprecationWarning: Please use atoms.calc = calc
  atoms.set_calculator(calculator)

2025-07-12 13:22:03,332 - WARNING - /home/cchen/Hiccup/core/PesExploration/tools/energy_structure_filter.py:97: DeprecationWarning: Please use atoms.calc = calc
  atoms.set_calculator(calculator)

2025-07-12 13:22:03,358 - WARNING - /home/cchen/Hiccup/core/PesExploration/tools/energy_structure_filter.py:97: DeprecationWarning: Please use atoms.calc = calc
  atoms.set_calculator(calculator)

2025-07-12 13:22:03,401 - WARNING - /home/cchen/Hiccup/core/PesExploration/tools/energy_structure_filter.py:97: DeprecationWarning: Please use atoms.calc = calc
  atoms.set_calculator(calculator)

2025-07-12 13:22:03,430 - WARNING - /home/cchen/Hiccup/core/PesExploration/tools/energy_structure_filter.py:97: DeprecationWarning: Please use atoms.calc = calc
  atoms.set_calculator(calculator)

2025-07-12 13:22:03,459 - WARNING - /home/cchen/Hiccup/core/PesExploration/tools/energy_structure_filter.py:97: DeprecationWarning: Please use atoms.calc = calc
  atoms.set_calculator(calculator)

2025-07-12 13:22:03,499 - WARNING - /home/cchen/Hiccup/core/PesExploration/tools/energy_structure_filter.py:97: DeprecationWarning: Please use atoms.calc = calc
  atoms.set_calculator(calculator)

2025-07-12 13:22:03,535 - WARNING - /home/cchen/Hiccup/core/PesExploration/tools/energy_structure_filter.py:97: DeprecationWarning: Please use atoms.calc = calc
  atoms.set_calculator(calculator)

2025-07-12 13:22:03,564 - WARNING - /home/cchen/Hiccup/core/PesExploration/tools/energy_structure_filter.py:97: DeprecationWarning: Please use atoms.calc = calc
  atoms.set_calculator(calculator)

2025-07-12 13:22:03,594 - WARNING - /home/cchen/Hiccup/core/PesExploration/tools/energy_structure_filter.py:97: DeprecationWarning: Please use atoms.calc = calc
  atoms.set_calculator(calculator)

2025-07-12 13:22:03,622 - WARNING - /home/cchen/Hiccup/core/PesExploration/tools/energy_structure_filter.py:97: DeprecationWarning: Please use atoms.calc = calc
  atoms.set_calculator(calculator)

2025-07-12 13:22:03,678 - WARNING - /home/cchen/Hiccup/core/PesExploration/tools/energy_structure_filter.py:97: DeprecationWarning: Please use atoms.calc = calc
  atoms.set_calculator(calculator)

2025-07-12 13:22:03,712 - WARNING - /home/cchen/Hiccup/core/PesExploration/tools/energy_structure_filter.py:97: DeprecationWarning: Please use atoms.calc = calc
  atoms.set_calculator(calculator)

2025-07-12 13:22:03,743 - WARNING - /home/cchen/Hiccup/core/PesExploration/tools/energy_structure_filter.py:97: DeprecationWarning: Please use atoms.calc = calc
  atoms.set_calculator(calculator)

2025-07-12 13:22:03,784 - WARNING - /home/cchen/Hiccup/core/PesExploration/tools/energy_structure_filter.py:97: DeprecationWarning: Please use atoms.calc = calc
  atoms.set_calculator(calculator)

2025-07-12 13:22:03,819 - WARNING - /home/cchen/Hiccup/core/PesExploration/tools/energy_structure_filter.py:97: DeprecationWarning: Please use atoms.calc = calc
  atoms.set_calculator(calculator)

2025-07-12 13:22:03,848 - WARNING - /home/cchen/Hiccup/core/PesExploration/tools/energy_structure_filter.py:97: DeprecationWarning: Please use atoms.calc = calc
  atoms.set_calculator(calculator)

2025-07-12 13:22:03,878 - WARNING - /home/cchen/Hiccup/core/PesExploration/tools/energy_structure_filter.py:97: DeprecationWarning: Please use atoms.calc = calc
  atoms.set_calculator(calculator)

2025-07-12 13:22:03,907 - WARNING - /home/cchen/Hiccup/core/PesExploration/tools/energy_structure_filter.py:97: DeprecationWarning: Please use atoms.calc = calc
  atoms.set_calculator(calculator)

2025-07-12 13:22:03,961 - WARNING - /home/cchen/Hiccup/core/PesExploration/tools/energy_structure_filter.py:97: DeprecationWarning: Please use atoms.calc = calc
  atoms.set_calculator(calculator)

2025-07-12 13:22:03,995 - WARNING - /home/cchen/Hiccup/core/PesExploration/tools/energy_structure_filter.py:97: DeprecationWarning: Please use atoms.calc = calc
  atoms.set_calculator(calculator)

2025-07-12 13:22:04,022 - WARNING - /home/cchen/Hiccup/core/PesExploration/tools/energy_structure_filter.py:97: DeprecationWarning: Please use atoms.calc = calc
  atoms.set_calculator(calculator)

2025-07-12 13:22:04,049 - WARNING - /home/cchen/Hiccup/core/PesExploration/tools/energy_structure_filter.py:97: DeprecationWarning: Please use atoms.calc = calc
  atoms.set_calculator(calculator)

2025-07-12 13:22:04,077 - WARNING - /home/cchen/Hiccup/core/PesExploration/tools/energy_structure_filter.py:97: DeprecationWarning: Please use atoms.calc = calc
  atoms.set_calculator(calculator)

2025-07-12 13:22:04,105 - WARNING - /home/cchen/Hiccup/core/PesExploration/tools/energy_structure_filter.py:97: DeprecationWarning: Please use atoms.calc = calc
  atoms.set_calculator(calculator)

2025-07-12 13:22:04,131 - WARNING - /home/cchen/Hiccup/core/PesExploration/tools/energy_structure_filter.py:97: DeprecationWarning: Please use atoms.calc = calc
  atoms.set_calculator(calculator)

2025-07-12 13:22:04,158 - WARNING - /home/cchen/Hiccup/core/PesExploration/tools/energy_structure_filter.py:97: DeprecationWarning: Please use atoms.calc = calc
  atoms.set_calculator(calculator)

2025-07-12 13:22:04,198 - WARNING - /home/cchen/Hiccup/core/PesExploration/tools/energy_structure_filter.py:97: DeprecationWarning: Please use atoms.calc = calc
  atoms.set_calculator(calculator)

2025-07-12 13:22:04,231 - WARNING - /home/cchen/Hiccup/core/PesExploration/tools/energy_structure_filter.py:97: DeprecationWarning: Please use atoms.calc = calc
  atoms.set_calculator(calculator)

2025-07-12 13:22:04,258 - WARNING - /home/cchen/Hiccup/core/PesExploration/tools/energy_structure_filter.py:97: DeprecationWarning: Please use atoms.calc = calc
  atoms.set_calculator(calculator)

2025-07-12 13:22:04,287 - WARNING - /home/cchen/Hiccup/core/PesExploration/tools/energy_structure_filter.py:97: DeprecationWarning: Please use atoms.calc = calc
  atoms.set_calculator(calculator)

2025-07-12 13:22:04,327 - WARNING - /home/cchen/Hiccup/core/PesExploration/tools/energy_structure_filter.py:97: DeprecationWarning: Please use atoms.calc = calc
  atoms.set_calculator(calculator)

2025-07-12 13:22:04,357 - WARNING - /home/cchen/Hiccup/core/PesExploration/tools/energy_structure_filter.py:97: DeprecationWarning: Please use atoms.calc = calc
  atoms.set_calculator(calculator)

2025-07-12 13:22:04,387 - WARNING - /home/cchen/Hiccup/core/PesExploration/tools/energy_structure_filter.py:97: DeprecationWarning: Please use atoms.calc = calc
  atoms.set_calculator(calculator)

2025-07-12 13:22:04,416 - WARNING - /home/cchen/Hiccup/core/PesExploration/tools/energy_structure_filter.py:97: DeprecationWarning: Please use atoms.calc = calc
  atoms.set_calculator(calculator)

2025-07-12 13:22:04,444 - WARNING - /home/cchen/Hiccup/core/PesExploration/tools/energy_structure_filter.py:97: DeprecationWarning: Please use atoms.calc = calc
  atoms.set_calculator(calculator)

2025-07-12 13:22:04,487 - WARNING - /home/cchen/Hiccup/core/PesExploration/tools/energy_structure_filter.py:97: DeprecationWarning: Please use atoms.calc = calc
  atoms.set_calculator(calculator)

2025-07-12 13:22:04,517 - WARNING - /home/cchen/Hiccup/core/PesExploration/tools/energy_structure_filter.py:97: DeprecationWarning: Please use atoms.calc = calc
  atoms.set_calculator(calculator)

2025-07-12 13:22:04,545 - WARNING - /home/cchen/Hiccup/core/PesExploration/tools/energy_structure_filter.py:97: DeprecationWarning: Please use atoms.calc = calc
  atoms.set_calculator(calculator)

2025-07-12 13:22:04,575 - WARNING - /home/cchen/Hiccup/core/PesExploration/tools/energy_structure_filter.py:97: DeprecationWarning: Please use atoms.calc = calc
  atoms.set_calculator(calculator)

2025-07-12 13:22:04,604 - WARNING - /home/cchen/Hiccup/core/PesExploration/tools/energy_structure_filter.py:97: DeprecationWarning: Please use atoms.calc = calc
  atoms.set_calculator(calculator)

2025-07-12 13:22:04,645 - WARNING - /home/cchen/Hiccup/core/PesExploration/tools/energy_structure_filter.py:97: DeprecationWarning: Please use atoms.calc = calc
  atoms.set_calculator(calculator)

2025-07-12 13:22:04,675 - WARNING - /home/cchen/Hiccup/core/PesExploration/tools/energy_structure_filter.py:97: DeprecationWarning: Please use atoms.calc = calc
  atoms.set_calculator(calculator)

2025-07-12 13:22:04,708 - WARNING - /home/cchen/Hiccup/core/PesExploration/tools/energy_structure_filter.py:97: DeprecationWarning: Please use atoms.calc = calc
  atoms.set_calculator(calculator)

2025-07-12 13:22:04,752 - WARNING - /home/cchen/Hiccup/core/PesExploration/tools/energy_structure_filter.py:97: DeprecationWarning: Please use atoms.calc = calc
  atoms.set_calculator(calculator)

2025-07-12 13:22:04,783 - WARNING - /home/cchen/Hiccup/core/PesExploration/tools/energy_structure_filter.py:97: DeprecationWarning: Please use atoms.calc = calc
  atoms.set_calculator(calculator)

2025-07-12 13:22:04,812 - WARNING - /home/cchen/Hiccup/core/PesExploration/tools/energy_structure_filter.py:97: DeprecationWarning: Please use atoms.calc = calc
  atoms.set_calculator(calculator)

2025-07-12 13:22:04,841 - WARNING - /home/cchen/Hiccup/core/PesExploration/tools/energy_structure_filter.py:97: DeprecationWarning: Please use atoms.calc = calc
  atoms.set_calculator(calculator)

2025-07-12 13:22:04,884 - WARNING - /home/cchen/Hiccup/core/PesExploration/tools/energy_structure_filter.py:97: DeprecationWarning: Please use atoms.calc = calc
  atoms.set_calculator(calculator)

2025-07-12 13:22:04,915 - WARNING - /home/cchen/Hiccup/core/PesExploration/tools/energy_structure_filter.py:97: DeprecationWarning: Please use atoms.calc = calc
  atoms.set_calculator(calculator)

2025-07-12 13:22:04,944 - WARNING - /home/cchen/Hiccup/core/PesExploration/tools/energy_structure_filter.py:97: DeprecationWarning: Please use atoms.calc = calc
  atoms.set_calculator(calculator)

2025-07-12 13:22:04,973 - WARNING - /home/cchen/Hiccup/core/PesExploration/tools/energy_structure_filter.py:97: DeprecationWarning: Please use atoms.calc = calc
  atoms.set_calculator(calculator)

2025-07-12 13:22:05,004 - WARNING - /home/cchen/Hiccup/core/PesExploration/tools/energy_structure_filter.py:97: DeprecationWarning: Please use atoms.calc = calc
  atoms.set_calculator(calculator)

2025-07-12 13:22:05,034 - WARNING - /home/cchen/Hiccup/core/PesExploration/tools/energy_structure_filter.py:97: DeprecationWarning: Please use atoms.calc = calc
  atoms.set_calculator(calculator)

2025-07-12 13:22:05,064 - WARNING - /home/cchen/Hiccup/core/PesExploration/tools/energy_structure_filter.py:97: DeprecationWarning: Please use atoms.calc = calc
  atoms.set_calculator(calculator)

2025-07-12 13:22:05,094 - WARNING - /home/cchen/Hiccup/core/PesExploration/tools/energy_structure_filter.py:97: DeprecationWarning: Please use atoms.calc = calc
  atoms.set_calculator(calculator)

2025-07-12 13:22:05,123 - WARNING - /home/cchen/Hiccup/core/PesExploration/tools/energy_structure_filter.py:97: DeprecationWarning: Please use atoms.calc = calc
  atoms.set_calculator(calculator)

