# data_e pred_e
-290.686710  -289.513452
-290.712905  -289.514651
-290.802226  -289.517478
-290.819121  -289.518275
-290.862223  -289.519387
-290.872716  -289.519768
-290.890540  -289.520507
-290.901454  -289.520133
-290.912590  -289.519390
-290.923993  -289.518471
-290.935484  -289.513302
-290.941760  -289.514000
-290.954230  -289.514511
-290.963635  -289.512695
-290.968257  -289.511594
-336.511349  -337.980380
-336.541234  -337.982968
-336.652408  -337.995794
-336.678148  -338.001034
-336.710037  -338.008968
-336.738453  -338.017660
-336.762247  -338.025625
-336.790945  -338.038639
-336.817361  -338.050719
-336.853164  -338.073865
-336.875539  -338.082604
-336.906517  -338.092040
-336.935104  -338.112723
-336.963111  -338.126576
-337.019242  -338.150111
-276.860772  -277.580871
-276.926437  -277.585959
-277.228211  -277.606328
-277.328560  -277.617545
-277.646778  -277.664797
-277.836003  -277.684846
-278.054802  -277.723714
-278.131770  -277.731186
-278.251211  -277.740937
-278.297511  -277.744025
-278.347373  -277.750447
-278.385128  -277.759169
-278.416694  -277.769636
-278.451098  -277.784092
-278.486750  -277.800422
-213.168805  -212.334429
-213.211987  -212.338851
-213.323841  -212.354357
-213.358559  -212.360436
-213.410437  -212.369486
-213.435219  -212.371266
-213.464810  -212.370027
-213.485344  -212.366829
-213.513727  -212.358964
-213.531212  -212.351941
-213.548581  -212.345871
-213.565278  -212.340922
-213.578513  -212.337826
-213.589730  -212.333540
-213.598389  -212.333654
-188.646227  -189.208574
-188.701064  -189.216097
-188.878574  -189.245930
-188.928101  -189.251622
-189.055665  -189.268894
-189.113138  -189.273978
-189.165854  -189.280057
-189.226919  -189.288744
-189.247513  -189.291221
-189.278092  -189.292534
-189.311745  -189.292957
-189.342791  -189.293622
-189.371399  -189.295861
-189.401668  -189.299796
-189.427078  -189.304800
-104.066684  -102.945368
-104.087347  -102.949549
-104.169492  -102.974851
-104.186615  -102.984169
-104.210003  -102.999929
-104.226572  -103.011748
-104.242297  -103.024430
-104.254155  -103.031974
-104.273498  -103.048156
-104.283063  -103.050649
-104.297689  -103.063490
-104.301348  -103.060640
-104.303539  -103.060149
-104.305881  -103.063003
-104.307395  -103.071583
-305.482541  -301.880365
-305.511735  -301.880034
-305.619591  -301.872407
-305.644271  -301.867681
-305.672271  -301.862062
-305.693605  -301.858831
-305.710962  -301.858160
-305.724613  -301.859438
-305.735998  -301.862201
-305.747556  -301.863082
-305.756216  -301.863198
-305.765766  -301.863665
-305.777699  -301.864956
-305.788240  -301.864159
-305.793574  -301.864380
-93.039840  -91.997899
-93.046498  -91.997908
-93.067324  -91.996606
-93.077084  -91.993552
-93.081127  -91.992646
-93.090825  -91.990487
-93.095013  -91.988789
-93.097777  -91.988660
-93.100623  -91.989838
-93.103871  -91.991558
-93.108031  -91.993184
-93.111476  -91.994416
-93.112645  -91.993885
-93.116719  -91.994395
-93.120171  -91.993739
-177.181157  -174.645866
-177.192727  -174.645625
-177.233549  -174.642132
-177.249445  -174.638411
-177.265636  -174.634097
-177.282490  -174.629399
-177.293904  -174.626935
-177.303758  -174.624429
-177.310357  -174.623272
-177.321741  -174.622925
-177.332404  -174.617249
-177.337180  -174.618291
-177.348915  -174.622617
-177.360313  -174.621618
-177.368849  -174.620135
-194.521566  -201.021787
-194.544589  -201.013443
-194.609442  -200.967538
-194.622872  -200.958138
-194.646175  -200.940542
-194.656884  -200.944945
-194.673390  -200.956749
-194.684357  -200.962628
-194.693974  -200.966103
-194.700537  -200.967178
-194.707842  -200.966880
-194.714768  -200.969003
-194.726042  -200.972667
-194.729364  -200.975090
-194.733238  -200.979210
-333.960304  -331.970221
-333.968082  -331.971043
-333.992048  -331.973590
-334.004694  -331.974299
-334.010364  -331.973890
-334.017762  -331.972538
-334.021162  -331.971229
-334.025009  -331.970559
-334.016702  -331.960625
-334.034361  -331.969043
-334.035862  -331.969836
-334.039218  -331.973931
-334.042710  -331.977112
-334.043978  -331.977462
-333.950942  -331.978131
-286.348956  -284.125188
-286.354492  -284.125849
-286.371617  -284.128666
-286.376864  -284.129584
-286.386450  -284.130660
-286.395554  -284.130777
-286.407272  -284.129923
-286.413636  -284.129932
-286.419471  -284.130802
-286.423676  -284.131732
-286.426842  -284.133499
-286.433742  -284.138261
-286.438575  -284.143557
-286.445939  -284.147196
-286.447233  -284.147781
-287.166650  -284.190958
-287.176155  -284.191858
-287.209651  -284.195593
-287.222176  -284.197222
-287.233010  -284.198237
-287.248503  -284.199756
-287.260261  -284.200251
-287.265727  -284.200620
-287.271760  -284.201676
-287.274022  -284.202609
-287.277165  -284.205927
-287.281597  -284.205727
-287.286317  -284.206630
-287.290373  -284.208079
-287.294541  -284.209462
-193.457504  -190.692940
-193.481351  -190.693615
-193.543410  -190.693726
-193.560041  -190.694839
-193.591116  -190.698954
-193.611564  -190.702608
-193.624715  -190.705790
-193.652933  -190.713265
-193.668265  -190.716211
-193.688889  -190.718186
-193.700562  -190.718281
-193.725480  -190.717747
-193.737100  -190.718556
-193.753711  -190.718747
-193.763057  -190.721477
-265.094566  -266.214346
-265.110851  -266.216371
-265.176755  -266.225873
-265.211934  -266.233794
-265.226955  -266.235991
-265.263518  -266.238141
-265.293634  -266.237206
-265.308559  -266.236768
-265.348409  -266.236266
-265.366133  -266.233261
-265.376520  -266.232505
-265.403457  -266.233309
-265.424407  -266.232630
-265.436102  -266.234158
-265.466859  -266.240692
-108.077097  -108.242361
-108.103180  -108.243159
-108.166079  -108.242197
-108.176657  -108.243394
-108.200430  -108.247229
-108.208150  -108.248295
-108.219309  -108.249371
-108.229930  -108.249518
-108.241053  -108.248462
-108.248776  -108.247161
-108.261894  -108.242813
-108.270641  -108.242789
-108.278666  -108.243467
-108.282271  -108.243283
-108.232804  -108.234770
-266.340884  -266.499350
-266.346427  -266.499368
-266.363320  -266.499035
-266.369756  -266.498443
-266.373269  -266.498560
-266.385450  -266.498009
-266.389736  -266.497941
-266.396033  -266.498286
-266.399467  -266.497500
-266.405767  -266.495452
-266.408885  -266.494179
-266.411921  -266.494042
-266.414292  -266.492559
-266.416749  -266.491172
-266.418960  -266.487309
-286.571513  -284.365941
-286.582223  -284.366516
-286.614014  -284.369182
-286.626690  -284.371589
-286.641340  -284.375855
-286.654265  -284.380205
-286.665954  -284.383883
-286.672137  -284.385538
-286.677796  -284.385302
-286.685093  -284.385751
-286.690231  -284.386158
-286.695070  -284.387005
-286.699970  -284.390002
-286.703074  -284.392213
-286.708590  -284.396525
-185.878948  -184.591168
-185.903869  -184.595462
-185.971141  -184.610860
-185.989630  -184.614650
-186.027002  -184.621713
-186.041330  -184.620955
-186.060946  -184.618256
-186.071899  -184.616089
-186.080431  -184.615319
-186.092128  -184.614844
-186.099125  -184.615163
-186.106923  -184.613571
-186.112077  -184.614550
-186.122359  -184.613115
-186.127715  -184.610982
-196.263448  -195.419012
-196.310628  -195.421632
-196.445577  -195.434290
-196.488956  -195.445755
-196.578431  -195.492340
-196.614503  -195.495697
-196.697203  -195.512812
-196.746673  -195.524513
-196.792814  -195.532473
-196.815210  -195.531779
-196.840030  -195.535133
-196.855784  -195.541807
-196.871444  -195.550470
-196.890219  -195.568305
-196.905726  -195.570589
-92.101008  -91.764840
-92.105823  -91.765113
-92.120136  -91.765256
-92.124805  -91.764866
-92.129896  -91.764168
-92.134517  -91.762403
-92.136784  -91.761948
-92.140246  -91.761733
-92.142274  -91.759385
-92.143487  -91.759212
-92.145209  -91.759905
-92.148138  -91.759284
-92.150537  -91.756776
-92.151828  -91.756884
-92.152589  -91.758422
-178.131024  -178.775338
-178.164869  -178.781102
-178.270096  -178.806479
-178.309447  -178.814357
-178.439139  -178.841710
-178.501359  -178.844735
-178.622749  -178.840563
-178.685450  -178.841003
-178.719963  -178.845132
-178.756936  -178.849594
-178.773997  -178.852074
-178.804744  -178.856278
-178.821561  -178.857503
-178.839780  -178.858030
-178.851757  -178.857264
-97.278934  -97.138149
-97.289125  -97.138755
-97.326591  -97.138678
-97.334064  -97.138701
-97.353976  -97.136011
-97.360563  -97.136100
-97.367432  -97.134596
-97.370679  -97.135213
-97.374366  -97.135645
-97.377146  -97.136731
-97.382264  -97.136772
-97.385979  -97.137528
-97.390703  -97.138571
-97.383918  -97.136107
-97.395244  -97.138462
-287.293757  -284.516595
-287.302824  -284.517036
-287.342314  -284.516028
-287.352421  -284.514214
-287.363304  -284.510950
-287.374812  -284.505754
-287.380760  -284.503293
-287.386538  -284.501956
-287.389509  -284.500810
-287.394809  -284.499388
-287.396862  -284.499159
-287.401570  -284.496705
-287.403263  -284.497345
-287.405347  -284.497573
-287.407497  -284.498318
-252.964447  -253.136250
-252.972997  -253.136764
-253.010535  -253.138222
-253.021882  -253.138592
-253.049087  -253.139757
-253.063977  -253.139264
-253.071847  -253.138640
-253.084725  -253.138502
-253.099293  -253.137339
-253.107490  -253.137830
-253.125278  -253.140397
-253.134278  -253.141486
-253.144662  -253.142831
-253.152956  -253.144836
-253.161717  -253.147106
-191.483315  -190.592010
-191.530572  -190.594901
-191.651583  -190.598427
-191.674635  -190.599396
-191.731451  -190.599333
-191.751278  -190.602836
-191.776340  -190.607374
-191.794785  -190.609081
-191.814831  -190.608790
-191.826118  -190.607694
-191.839341  -190.604229
-191.848044  -190.604694
-191.862788  -190.607145
-191.870579  -190.607142
-191.880227  -190.606961
-154.133828  -156.224634
-154.152924  -156.224299
-154.213762  -156.216673
-154.228275  -156.212299
-154.243479  -156.209346
-154.258649  -156.206131
-154.264557  -156.208529
-154.275890  -156.212784
-154.282382  -156.214686
-154.288118  -156.215039
-154.298577  -156.213852
-154.304781  -156.213204
-154.313546  -156.212082
-154.318619  -156.211804
-154.323718  -156.212526
-204.756179  -206.514689
-204.807276  -206.514861
-204.942489  -206.503826
-204.976033  -206.502556
-205.059783  -206.486672
-205.088267  -206.494747
-205.128269  -206.502371
-205.160167  -206.500029
-205.193493  -206.486306
-205.209640  -206.487651
-205.248381  -206.488019
-205.264545  -206.490225
-205.288821  -206.493938
-205.304624  -206.495474
-205.319792  -206.495179
-322.092219  -324.705421
-322.113096  -324.710121
-322.207602  -324.746998
-322.226447  -324.769216
-322.236501  -324.780614
-322.255974  -324.796140
-322.273935  -324.843813
-322.282486  -324.841118
-322.310666  -324.859928
-322.322360  -324.883273
-322.340352  -324.937449
-322.363389  -325.001087
-322.415449  -325.160394
-322.433849  -325.320379
-322.516693  -325.290269
-92.996274  -92.043703
-92.998909  -92.043931
-93.007900  -92.044875
-93.013496  -92.045087
-93.016015  -92.045113
-93.018325  -92.044801
-93.020312  -92.044278
-93.022769  -92.043439
-93.024136  -92.042388
-92.981058  -92.020455
-93.024973  -92.040505
-93.025528  -92.040460
-93.026343  -92.041466
-280.926926  -283.174324
-280.981969  -283.180384
-281.135512  -283.199686
-281.184055  -283.206443
-281.387179  -283.236853
-281.492063  -283.252411
-281.651079  -283.279762
-281.727419  -283.291672
-281.822219  -283.313026
-281.862501  -283.318020
-281.902651  -283.322463
-281.956433  -283.333823
-281.976865  -283.338774
-282.005760  -283.346929
-282.030245  -283.387595
-254.202616  -253.446524
-254.215810  -253.446532
-254.271068  -253.442760
-254.293857  -253.436257
-254.311519  -253.431651
-254.333417  -253.424543
-254.342105  -253.422150
-254.346856  -253.422464
-254.352741  -253.422226
-254.358150  -253.423454
-254.363827  -253.421072
-254.365886  -253.418871
-254.369306  -253.418640
-254.374531  -253.422179
-254.377754  -253.423686
-72.833858  -74.181180
-72.841706  -74.179107
-72.858039  -74.169913
-72.861234  -74.166546
-72.863301  -74.166616
-72.827120  -74.158665
-72.874693  -74.169107
-72.876772  -74.170721
-72.879948  -74.175884
-72.882880  -74.176373
-72.887619  -74.174612
-72.889797  -74.173465
-72.892407  -74.171177
-72.892646  -74.170935
-72.894267  -74.169344
-214.693241  -212.832407
-214.739448  -212.835794
-214.867272  -212.847385
-214.899033  -212.852376
-214.965839  -212.865456
-214.987019  -212.867192
-215.036049  -212.865589
-215.053310  -212.862943
-215.083901  -212.855166
-215.097995  -212.851585
-215.121518  -212.845656
-215.136861  -212.844084
-215.147139  -212.838071
-215.158198  -212.844560
-215.169907  -212.851303
-188.387092  -189.817842
-188.440259  -189.819580
-188.547079  -189.816459
-188.578221  -189.815811
-188.702525  -189.798632
-188.731599  -189.800540
-188.811359  -189.794559
-188.840306  -189.791666
-188.885827  -189.778124
-188.906493  -189.783155
-188.942102  -189.788103
-188.961379  -189.791765
-188.991668  -189.794235
-189.008629  -189.796780
-189.031545  -189.796570
-213.220650  -212.222297
-213.280845  -212.223045
-213.418013  -212.211956
-213.459328  -212.207568
-213.534253  -212.175858
-213.551155  -212.179439
-213.574118  -212.177530
-213.583578  -212.169207
-213.593204  -212.155837
-213.598897  -212.150304
-213.608147  -212.144406
-213.615071  -212.145196
-213.620415  -212.148705
-213.625013  -212.146893
-213.628065  -212.146350
-97.599719  -97.275262
-97.602680  -97.274809
-97.613689  -97.270662
-97.615627  -97.269052
-97.619052  -97.268455
-97.459272  -97.212281
-97.627031  -97.264742
-97.628527  -97.266162
-97.630894  -97.267519
-97.631725  -97.268245
-97.630569  -97.269916
-97.634850  -97.268824
-97.636043  -97.267458
-97.637032  -97.267572
-97.639903  -97.268132
-306.039851  -301.878354
-306.046527  -301.880023
-306.077563  -301.890597
-306.089628  -301.896655
-306.101667  -301.901214
-306.116818  -301.904364
-306.127191  -301.904453
-306.133238  -301.902807
-306.136948  -301.899780
-306.139474  -301.898326
-306.141923  -301.896805
-306.145719  -301.895861
-306.146647  -301.894737
-306.149202  -301.892855
-306.151044  -301.892421
-275.754485  -275.878239
-275.787747  -275.874395
-275.913837  -275.847513
-275.954685  -275.824989
-275.980071  -275.818930
-276.058200  -275.807588
-276.083240  -275.807962
-276.104964  -275.811928
-276.134592  -275.813321
-276.159306  -275.810676
-276.176869  -275.801165
-276.186569  -275.797520
-276.198814  -275.796457
-276.212689  -275.794598
-276.224087  -275.797671
-193.184443  -190.966760
-193.216730  -190.968503
-193.307466  -190.968919
-193.327348  -190.968684
-193.376970  -190.962801
-193.390642  -190.966116
-193.413120  -190.969490
-193.427888  -190.972002
-193.437124  -190.972490
-193.445636  -190.972235
-193.451265  -190.971991
-193.456683  -190.973140
-193.460424  -190.974114
-193.463845  -190.974622
-193.466385  -190.974218
-152.217524  -151.375696
-152.236755  -151.378684
-152.291579  -151.388462
-152.318237  -151.393533
-152.340939  -151.396501
-152.363418  -151.397500
-152.382472  -151.396439
-152.393529  -151.395477
-152.414076  -151.393434
-152.429002  -151.391980
-152.440141  -151.393016
-152.451281  -151.396423
-152.464028  -151.399383
-152.471422  -151.400198
-152.480989  -151.401207
-96.014699  -96.935191
-96.017397  -96.935416
-96.022712  -96.936194
-96.024281  -96.936562
-96.025251  -96.936623
-96.026890  -96.936483
-96.028503  -96.935865
-96.029320  -96.935595
-96.002475  -96.926033
-96.030309  -96.934983
-96.031026  -96.935396
-155.951922  -156.467854
-155.973907  -156.471282
-156.032526  -156.483350
-156.045214  -156.486740
-156.068023  -156.492462
-156.092317  -156.500440
-156.105677  -156.501809
-156.139794  -156.503063
-156.155914  -156.503512
-156.168816  -156.503151
-156.190568  -156.501594
-156.209277  -156.499700
-156.227814  -156.498373
-156.247687  -156.499208
-156.271460  -156.500667
-97.677537  -97.277243
-97.681896  -97.278694
-97.694323  -97.286154
-97.696617  -97.287838
-97.702143  -97.293128
-97.703641  -97.295595
-97.705251  -97.294942
-97.706354  -97.295734
-97.707272  -97.295773
-97.708349  -97.295073
-97.709171  -97.294985
-97.710762  -97.294393
-97.711294  -97.293722
-97.712817  -97.292274
-97.714473  -97.289480
-292.083344  -290.432071
-292.115872  -290.433565
-292.210345  -290.435448
-292.251801  -290.433600
-292.309260  -290.429144
-292.379269  -290.419720
-292.429566  -290.414852
-292.485453  -290.413778
-292.521880  -290.415681
-292.562728  -290.418963
-292.605250  -290.420518
-292.646236  -290.423307
-292.694609  -290.423104
-292.721875  -290.423169
-292.742890  -290.421397
-251.392382  -252.962200
-251.409459  -252.962144
-251.463672  -252.957305
-251.474672  -252.957003
-251.496355  -252.958930
-251.520450  -252.958835
-251.529418  -252.957688
-251.552767  -252.953276
-251.567222  -252.942694
-251.575462  -252.943711
-251.588148  -252.953364
-251.597553  -252.952183
-251.620436  -252.949715
-251.633833  -252.941709
-251.643366  -252.942347
-185.155744  -186.252796
-185.219222  -186.249547
-185.318022  -186.233128
-185.331276  -186.232840
-185.378184  -186.236394
-185.385116  -186.237834
-185.386684  -186.239520
-185.391556  -186.250385
-185.393169  -186.251490
-185.395004  -186.250332
-185.395907  -186.252160
-185.396672  -186.254827
-185.397742  -186.255743
-185.401183  -186.256388
-185.402143  -186.257114
-181.398977  -179.520047
-181.430586  -179.527015
-181.525992  -179.561728
-181.557178  -179.578684
-181.606440  -179.606955
-181.640679  -179.623060
-181.676960  -179.635826
-181.704208  -179.640210
-181.726648  -179.640536
-181.737617  -179.638896
-181.745604  -179.639148
-181.753553  -179.642973
-181.761471  -179.647278
-181.772294  -179.657877
-181.776903  -179.659718
-262.614297  -265.534701
-262.640693  -265.537510
-262.749638  -265.549661
-262.796436  -265.554772
-262.820913  -265.557267
-262.912736  -265.564446
-262.942201  -265.566506
-262.982340  -265.570241
-263.010810  -265.573716
-263.056636  -265.579591
-263.085214  -265.582854
-263.114802  -265.589465
-263.151742  -265.599919
-263.192164  -265.612880
-263.241843  -265.631628
-317.926617  -320.023439
-317.962319  -320.025243
-318.064572  -320.025522
-318.097005  -320.023480
-318.148990  -320.017665
-318.186603  -320.010066
-318.220522  -320.001735
-318.252979  -319.993017
-318.279420  -319.986838
-318.304779  -319.983657
-318.329072  -319.982328
-318.347276  -319.984258
-318.362809  -319.988282
-318.375471  -319.991219
-318.389121  -319.993533
-291.960596  -290.067010
-291.982334  -290.067892
-292.053201  -290.067457
-292.075383  -290.066118
-292.109250  -290.063543
-292.139785  -290.057735
-292.152095  -290.057343
-292.173568  -290.059545
-292.185255  -290.059185
-292.196211  -290.059328
-292.205143  -290.060840
-292.214101  -290.062974
-292.222130  -290.063860
-292.225124  -290.063623
-292.229630  -290.061738
-279.158480  -278.288026
-279.166472  -278.288040
-279.188643  -278.287357
-279.193561  -278.287143
-279.197978  -278.287591
-279.202776  -278.288712
-279.208917  -278.290967
-279.210894  -278.290787
-279.214867  -278.290743
-279.216704  -278.291108
-279.219497  -278.292180
-279.221290  -278.293167
-279.223900  -278.294842
-279.224213  -278.297371
-279.226219  -278.296301
-163.510450  -162.745423
-163.536277  -162.745764
-163.593000  -162.742383
-163.613861  -162.738591
-163.636286  -162.733583
-163.656938  -162.729847
-163.681804  -162.727137
-163.705144  -162.726866
-163.726825  -162.727510
-163.744246  -162.729614
-163.773950  -162.732468
-163.793433  -162.734249
-163.828538  -162.733648
-163.845999  -162.735030
-163.886403  -162.728805
-252.642733  -252.946301
-252.687717  -252.950271
-252.796707  -252.962165
-252.825991  -252.965873
-252.880188  -252.971682
-252.921734  -252.974288
-252.953742  -252.973376
-252.993106  -252.970311
-253.017455  -252.969113
-253.038990  -252.970292
-253.059987  -252.973638
-253.081013  -252.978872
-253.101971  -252.986189
-253.114192  -252.991718
-253.124544  -252.996882
-272.285415  -272.172281
-272.313738  -272.175346
-272.381466  -272.185861
-272.396501  -272.190094
-272.427541  -272.200155
-272.450231  -272.207676
-272.475947  -272.215058
-272.500095  -272.222926
-272.520270  -272.228340
-272.544577  -272.234846
-272.569279  -272.240632
-272.616074  -272.249794
-272.661163  -272.257665
-272.717828  -272.272265
-272.750387  -272.283246
-290.377461  -289.802431
-290.432801  -289.806872
-290.596388  -289.821788
-290.640580  -289.826722
-290.709155  -289.835039
-290.755426  -289.840961
-290.805504  -289.847553
-290.850824  -289.855278
-290.879371  -289.862014
-290.902359  -289.869127
-290.923275  -289.876608
-290.948201  -289.887826
-290.968840  -289.898052
-290.988620  -289.908699
-291.003815  -289.912821
-311.367965  -312.013205
-311.416046  -312.015726
-311.551791  -312.024647
-311.585192  -312.027093
-311.658285  -312.030996
-311.708930  -312.030888
-311.746832  -312.026925
-311.776207  -312.020179
-311.809346  -312.009306
-311.845120  -311.994067
-311.876440  -311.978897
-311.903181  -311.967666
-311.931684  -311.954281
-311.956005  -311.953455
-311.988291  -311.950899
-288.186805  -288.808922
-288.237785  -288.813711
-288.424774  -288.836443
-288.456648  -288.839790
-288.531170  -288.843542
-288.583965  -288.840604
-288.619665  -288.834453
-288.661098  -288.824227
-288.700226  -288.813951
-288.739308  -288.801888
-288.767500  -288.796057
-288.798425  -288.784422
-288.818575  -288.782738
-288.839132  -288.778752
-288.850846  -288.770905
-166.111343  -167.531975
-166.143458  -167.534943
-166.239584  -167.544327
-166.265134  -167.545510
-166.327931  -167.542070
-166.345367  -167.536376
-166.380495  -167.492929
-166.407755  -167.501505
-166.432503  -167.497969
-166.456356  -167.484109
-166.475308  -167.473557
-166.498354  -167.455706
-166.510533  -167.457122
-166.541494  -167.451289
-166.557350  -167.461017
-81.297475  -80.535263
-81.303850  -80.536138
-81.319464  -80.538975
-81.323037  -80.540020
-81.327362  -80.541760
-81.330118  -80.543217
-81.332183  -80.544509
-81.334629  -80.548497
-81.336867  -80.548084
-81.340986  -80.548766
-81.343740  -80.549643
-81.347098  -80.550952
-81.351187  -80.552074
-81.355940  -80.553732
-81.358246  -80.554362
-102.305215  -102.810036
-102.308227  -102.810271
-102.316526  -102.811006
-102.318897  -102.811011
-102.320772  -102.810535
-102.322470  -102.809932
-102.324046  -102.806691
-102.325396  -102.807308
-102.326284  -102.806943
-102.327967  -102.806278
-102.328103  -102.801596
-102.329787  -102.803547
-102.330780  -102.803466
-102.331044  -102.804438
-102.331846  -102.804510
-332.493133  -331.359243
-332.523546  -331.360375
-332.627801  -331.360557
-332.651280  -331.359065
-332.694010  -331.353911
-332.721913  -331.348139
-332.749096  -331.340730
-332.773646  -331.333781
-332.794093  -331.330669
-332.824084  -331.322413
-332.842471  -331.317869
-332.865720  -331.314047
-332.887720  -331.313910
-332.909314  -331.310536
-332.926695  -331.310457
-327.426628  -325.942752
-327.443232  -325.943365
-327.500938  -325.944074
-327.513277  -325.944123
-327.529510  -325.944289
-327.549060  -325.942692
-327.557877  -325.941313
-327.572754  -325.936817
-327.582294  -325.930260
-327.589565  -325.926216
-327.597758  -325.920630
-327.604726  -325.917979
-327.611259  -325.918061
-327.616470  -325.914294
-327.621875  -325.913509
-92.630256  -91.969604
-92.665142  -91.974201
-92.740537  -91.985302
-92.756098  -91.986920
-92.786434  -91.989672
-92.796850  -91.990179
-92.822348  -91.991398
-92.831538  -91.992121
-92.836799  -91.992842
-92.840782  -91.993802
-92.847390  -91.994980
-92.852441  -91.996043
-92.858768  -91.996655
-92.864414  -91.997151
-92.869403  -91.997541
-151.682916  -150.778940
-151.703030  -150.780575
-151.769827  -150.784596
-151.787364  -150.785629
-151.825944  -150.788732
-151.839178  -150.790523
-151.855245  -150.793555
-151.877883  -150.799516
-151.904750  -150.814006
-151.918737  -150.818442
-151.945477  -150.828264
-151.971783  -150.839219
-152.031910  -150.867986
-152.050700  -150.879253
-152.080866  -150.880705
-271.876464  -272.199487
-271.966990  -272.204051
-272.231156  -272.206745
-272.317142  -272.203588
-272.484413  -272.191691
-272.596210  -272.187631
-272.759579  -272.181622
-272.834613  -272.195325
-272.937766  -272.214349
-272.985665  -272.224976
-273.025839  -272.224723
-273.071499  -272.222719
-273.126586  -272.215432
-273.195235  -272.207219
-273.248582  -272.202572
-251.405084  -254.159239
-251.418973  -254.160121
-251.462810  -254.163080
-251.485882  -254.165016
-251.497046  -254.164815
-251.515149  -254.161560
-251.528913  -254.154317
-251.538552  -254.153060
-251.552882  -254.152782
-251.569007  -254.144826
-251.583782  -254.136561
-251.604062  -254.121491
-251.619437  -254.110491
-251.650197  -254.095373
-251.683685  -254.074836
-202.333967  -201.383458
-202.367564  -201.384952
-202.444266  -201.386277
-202.464950  -201.386733
-202.515869  -201.381529
-202.529551  -201.384045
-202.550514  -201.385357
-202.561952  -201.383642
-202.573100  -201.380480
-202.580901  -201.379411
-202.590455  -201.380055
-202.597704  -201.382925
-202.606887  -201.388589
-202.614890  -201.393269
-202.622323  -201.395580
-305.975576  -301.901466
-306.003513  -301.902720
-306.106840  -301.903102
-306.129528  -301.900450
-306.153984  -301.896728
-306.171963  -301.893842
-306.186239  -301.893159
-306.200492  -301.895467
-306.212047  -301.898006
-306.217612  -301.900594
-306.224512  -301.902798
-306.231993  -301.904985
-306.238762  -301.906765
-306.244023  -301.907685
-306.249470  -301.908278
-279.187228  -278.362944
-279.195998  -278.363193
-279.226120  -278.363662
-279.237304  -278.363420
-279.246468  -278.363780
-279.260100  -278.364570
-279.266141  -278.364599
-279.271990  -278.363637
-279.276429  -278.362211
-279.280452  -278.359299
-279.283719  -278.356933
-279.287962  -278.355130
-279.292617  -278.353514
-279.294843  -278.351702
-279.296823  -278.353175
-96.798935  -97.181671
-96.809191  -97.182616
-96.836553  -97.185059
-96.845007  -97.185677
-96.856210  -97.185931
-96.865583  -97.185695
-96.874062  -97.184995
-96.881948  -97.184307
-96.888538  -97.183870
-96.896561  -97.183266
-96.902300  -97.183331
-96.908887  -97.183306
-96.912560  -97.181651
-96.915751  -97.182987
-96.918956  -97.183667
-265.574033  -266.116523
-265.586872  -266.116633
-265.644046  -266.112787
-265.654743  -266.110696
-265.674191  -266.107005
-265.694298  -266.098915
-265.704093  -266.097475
-265.719171  -266.099992
-265.733523  -266.098905
-265.749952  -266.092746
-265.760528  -266.088679
-265.777984  -266.079257
-265.790779  -266.073657
-265.802201  -266.071715
-265.814758  -266.063671
-266.103870  -266.527948
-266.126258  -266.527728
-266.209542  -266.517526
-266.224767  -266.514009
-266.255160  -266.506439
-266.269172  -266.500918
-266.287503  -266.494402
-266.307579  -266.491247
-266.330267  -266.485337
-266.346925  -266.483808
-266.373266  -266.484634
-266.401068  -266.477265
-266.420134  -266.471388
-266.445986  -266.458108
-266.461550  -266.458958
-83.469159  -84.419643
-83.492335  -84.420606
-83.552397  -84.417588
-83.563314  -84.419658
-83.582081  -84.421705
-83.591615  -84.422386
-83.598391  -84.423134
-83.608683  -84.424212
-83.613012  -84.425470
-83.619639  -84.427670
-83.622900  -84.428329
-83.628350  -84.427605
-83.632184  -84.427239
-83.635754  -84.425684
-83.638513  -84.425239
-175.930707  -181.383352
-175.975775  -181.386488
-176.109821  -181.390381
-176.146450  -181.390923
-176.199336  -181.392089
-176.223490  -181.396804
-176.263320  -181.409415
-176.288137  -181.418995
-176.325523  -181.437869
-176.345542  -181.446333
-176.383197  -181.468539
-176.402448  -181.468692
-176.429487  -181.472362
-176.443382  -181.475784
-176.463743  -181.483593
-91.501415  -91.657553
-91.510564  -91.658925
-91.534367  -91.663035
-91.543747  -91.664843
-91.556824  -91.667403
-91.564212  -91.668235
-91.570666  -91.668404
-91.572960  -91.668365
-91.577402  -91.668573
-91.580421  -91.668927
-91.583343  -91.669622
-91.587414  -91.670942
-91.591167  -91.672627
-91.594945  -91.673862
-91.601029  -91.675200
-86.883069  -86.296628
-86.894192  -86.298163
-86.932136  -86.303384
-86.941016  -86.302885
-86.950104  -86.300397
-86.960723  -86.293208
-86.964402  -86.291113
-86.967801  -86.290558
-86.970123  -86.288452
-86.972993  -86.288857
-86.978455  -86.292193
-86.980058  -86.292816
-86.984337  -86.294043
-86.986704  -86.294814
-86.990403  -86.295233
-92.962066  -92.043460
-92.969119  -92.043518
-92.994157  -92.042317
-93.006291  -92.037855
-93.009456  -92.038004
-93.017186  -92.037418
-93.021541  -92.034067
-93.023569  -92.033449
-93.026228  -92.034727
-93.028942  -92.034104
-93.031422  -92.033512
-92.817816  -91.972314
-93.035242  -92.031195
-93.035995  -92.030781
-93.037217  -92.031125
-210.273605  -216.026926
-210.384264  -216.034699
-210.582464  -216.051635
-210.638009  -216.061480
-210.716979  -216.081449
-210.748705  -216.089176
-210.804950  -216.104170
-210.836211  -216.112350
-210.874954  -216.125306
-210.904596  -216.134748
-210.951175  -216.160407
-210.980200  -216.172506
-211.026967  -216.201787
-211.052944  -216.218140
-211.103534  -216.257072
-97.737883  -97.257029
-97.740303  -97.257292
-97.747433  -97.258296
-97.749321  -97.258344
-97.750991  -97.258151
-97.752465  -97.258329
-97.754750  -97.258521
-97.755525  -97.259106
-97.749986  -97.263205
-97.756253  -97.260907
-97.756618  -97.260706
-162.956611  -165.838919
-163.010176  -165.852060
-163.157792  -165.897173
-163.245720  -165.920532
-163.340343  -165.941676
-163.403745  -165.950721
-163.474481  -165.958039
-163.523267  -165.966893
-163.587336  -165.994678
-163.634916  -166.020471
-163.696665  -166.066787
-163.733102  -166.097538
-163.770198  -166.124997
-163.800249  -166.140332
-163.825362  -166.149392
-289.401002  -289.540409
-289.470614  -289.547874
-289.794884  -289.597807
-289.905514  -289.623065
-290.140043  -289.682674
-290.265482  -289.704548
-290.443621  -289.728856
-290.519265  -289.742450
-290.694796  -289.775803
-290.799698  -289.793460
-290.950516  -289.811077
-291.063484  -289.827807
-291.193690  -289.834877
-291.276096  -289.842360
-291.349804  -289.848176
-183.257797  -179.979584
-183.270770  -179.980447
-183.298537  -179.981642
-183.308003  -179.981968
-183.328256  -179.982545
-183.339109  -179.981962
-183.349514  -179.981102
-183.360974  -179.980889
-183.371737  -179.980449
-183.375775  -179.980900
-183.382817  -179.982579
-183.387276  -179.983646
-183.391650  -179.985706
-183.393433  -179.987122
-183.395718  -179.988683
-289.833576  -289.809272
-289.863545  -289.808751
-289.966310  -289.798164
-289.999607  -289.788801
-290.031534  -289.778966
-290.061531  -289.770596
-290.079453  -289.768360
-290.092584  -289.768213
-290.108604  -289.768486
-290.121651  -289.768485
-290.134501  -289.766838
-290.144357  -289.765772
-290.158848  -289.764734
-290.169926  -289.764384
-290.178168  -289.763567
-305.456484  -301.803934
-305.490996  -301.805433
-305.609986  -301.809256
-305.634190  -301.810061
-305.661507  -301.812040
-305.686293  -301.815066
-305.704023  -301.818549
-305.719454  -301.822759
-305.733395  -301.827915
-305.740835  -301.829645
-305.750521  -301.831286
-305.756439  -301.833120
-305.764457  -301.835599
-305.770905  -301.840414
-305.774302  -301.840956
-267.285346  -266.487947
-267.288235  -266.488957
-267.300227  -266.494039
-267.310005  -266.504065
-267.315256  -266.507105
-267.323602  -266.510259
-267.329218  -266.519136
-267.332653  -266.523923
-267.339416  -266.527579
-267.346723  -266.533129
-267.350501  -266.542508
-267.355374  -266.538544
-267.358580  -266.536440
-267.363051  -266.539471
-267.364821  -266.540136
-149.587523  -149.727116
-149.644343  -149.740489
-149.784268  -149.792291
-149.824726  -149.808660
-149.884070  -149.840778
-149.905122  -149.847176
-149.941892  -149.856106
-149.971309  -149.866217
-149.996375  -149.870122
-150.027997  -149.871752
-150.054160  -149.872819
-150.080909  -149.875236
-150.103131  -149.878568
-150.128489  -149.882082
-150.160777  -149.887670
-108.495452  -108.232836
-108.496699  -108.233863
-108.499431  -108.237764
-97.744280  -97.254443
-97.745887  -97.254732
-97.751418  -97.255993
-97.752420  -97.256072
-97.754044  -97.255966
-97.755434  -97.255738
-97.756426  -97.255884
-97.757394  -97.256590
-97.757954  -97.257586
-97.758104  -97.258231
-212.098021  -212.216211
-212.152161  -212.218926
-212.309591  -212.222286
-212.344111  -212.226045
-212.417334  -212.233478
-212.433210  -212.235631
-212.465901  -212.240601
-212.489464  -212.244322
-212.500264  -212.246772
-212.530673  -212.253681
-212.548913  -212.257359
-212.565676  -212.258001
-212.578045  -212.256647
-212.570311  -212.241524
-212.606728  -212.251438
-193.680607  -190.907050
-193.721474  -190.910522
-193.853216  -190.920725
-193.878413  -190.923008
-193.942895  -190.927670
-193.965205  -190.929084
-194.008382  -190.928800
-194.027628  -190.931091
-194.057516  -190.933584
-194.069875  -190.935080
-194.094615  -190.937142
-194.103871  -190.939395
-194.115567  -190.940776
-194.123166  -190.942946
-194.138201  -190.946008
-72.508280  -74.157198
-72.516436  -74.157786
-72.549345  -74.159676
-72.559400  -74.160193
-72.569375  -74.161949
-72.598053  -74.168664
-72.625302  -74.176391
-72.647040  -74.183002
-72.669395  -74.189096
-72.690712  -74.194216
-72.707271  -74.196855
-72.719373  -74.197561
-72.732732  -74.198279
-72.742317  -74.199204
-72.751084  -74.201164
-97.751417  -97.259555
-97.752253  -97.259721
-97.754300  -97.260164
-97.755481  -97.261051
-97.756311  -97.261035
-97.756849  -97.260912
-97.757289  -97.261218
-335.289793  -332.616088
-335.300225  -332.617017
-335.330598  -332.620061
-335.339595  -332.621130
-335.349712  -332.622177
-335.358841  -332.622715
-335.366308  -332.622844
-335.370164  -332.622589
-335.377094  -332.621700
-335.381341  -332.620713
-335.385867  -332.620042
-335.391344  -332.618822
-335.395469  -332.618313
-335.397180  -332.618917
-335.399614  -332.618534
-338.635879  -338.119882
-338.670210  -338.121718
-338.763444  -338.126540
-338.790888  -338.128549
-338.846586  -338.133818
-338.910760  -338.136856
-338.933669  -338.137735
-338.986931  -338.138728
-339.001631  -338.137401
-339.025473  -338.134605
-339.042719  -338.131950
-339.056954  -338.131243
-339.070233  -338.131547
-339.083062  -338.129672
-339.092634  -338.129449
-323.516274  -324.752179
-323.555925  -324.751357
-323.655825  -324.741693
-323.678814  -324.738707
-323.754211  -324.730930
-323.809127  -324.728992
-323.854340  -324.731084
-323.890657  -324.734941
-323.929207  -324.739617
-323.966677  -324.744606
-324.000330  -324.747693
-324.026029  -324.748984
-324.062783  -324.750035
-324.096400  -324.752158
-324.133878  -324.754390
-266.478885  -266.818324
-266.502101  -266.818471
-266.582490  -266.815175
-266.610396  -266.810571
-266.631728  -266.809141
-266.670070  -266.808746
-266.692844  -266.806188
-266.704990  -266.808943
-266.732852  -266.814312
-266.756048  -266.817510
-266.775510  -266.816838
-266.828769  -266.807562
-266.853808  -266.803416
-266.893558  -266.782289
-266.918068  -266.785029
-266.733599  -266.601820
-266.744136  -266.601329
-266.780146  -266.596755
-266.793515  -266.592007
-266.800002  -266.590431
-266.810614  -266.575094
-266.819986  -266.583267
-266.824152  -266.584054
-266.830970  -266.586152
-266.838991  -266.586041
-266.843625  -266.583952
-266.846918  -266.584763
-266.853666  -266.585143
-266.857545  -266.587602
-266.863907  -266.590669
-181.506686  -179.833007
-181.538939  -179.833616
-181.662127  -179.828402
-181.708041  -179.825573
-181.795891  -179.816078
-181.833042  -179.819307
-181.889412  -179.823610
-181.910231  -179.827517
-181.944635  -179.826845
-181.960130  -179.828315
-181.996657  -179.827125
-182.018756  -179.828822
-182.052375  -179.825202
-182.065741  -179.825142
-182.090257  -179.825142
-181.958935  -179.805210
-181.985599  -179.807886
-182.087621  -179.818071
-182.107551  -179.819545
-182.157619  -179.822002
-182.180229  -179.821585
-182.201572  -179.821143
-182.230092  -179.820443
-182.247824  -179.822590
-182.266142  -179.826377
-182.278322  -179.829798
-182.294899  -179.834514
-182.303548  -179.836159
-182.315624  -179.838572
-182.323602  -179.840856
-97.617403  -97.282657
-97.620949  -97.282694
-97.633940  -97.281683
-97.638707  -97.280402
-97.644031  -97.278479
-97.650436  -97.274823
-97.654143  -97.274938
-97.657818  -97.276166
-97.659058  -97.276236
-97.660014  -97.276811
-97.661114  -97.279533
-97.662151  -97.280075
-97.663598  -97.282298
-97.665313  -97.284297
-97.664205  -97.287613
-211.413875  -212.442656
-211.465747  -212.444917
-211.599852  -212.447752
-211.635577  -212.449603
-211.761169  -212.452820
-211.797604  -212.454608
-211.906591  -212.449543
-211.947548  -212.452554
-212.016190  -212.447002
-212.049685  -212.442497
-212.107916  -212.431908
-212.138883  -212.434010
-212.189461  -212.431341
-212.216906  -212.439361
-212.283192  -212.456486
-316.674796  -318.816924
-316.724375  -318.817872
-316.822082  -318.811741
-316.858431  -318.809760
-316.998471  -318.796355
-317.032169  -318.793321
-317.097638  -318.780937
-317.139219  -318.776086
-317.205353  -318.768095
-317.246257  -318.771232
-317.303692  -318.775148
-317.357951  -318.789487
-317.415107  -318.803185
-317.443867  -318.812590
-317.471883  -318.814824
-187.575081  -195.545943
-187.605539  -195.543916
-187.672837  -195.538655
-187.677399  -195.542042
-187.680146  -195.547109
-191.533407  -190.460421
-191.616172  -190.463202
-191.797379  -190.454694
-191.838377  -190.451605
-191.965237  -190.427132
-192.006060  -190.426234
-192.099254  -190.395573
-192.135821  -190.405108
-192.174791  -190.402953
-192.200809  -190.389581
-192.235044  -190.366347
-192.261888  -190.351713
-192.286061  -190.333692
-192.298057  -190.336062
-192.316743  -190.335433
-97.577184  -97.256900
-97.583257  -97.258683
-97.603251  -97.266864
-97.608576  -97.270642
-97.615304  -97.274988
-97.620768  -97.279221
-97.622722  -97.279912
-97.626025  -97.279529
-97.628579  -97.280530
-97.630808  -97.280853
-97.634118  -97.280296
-97.636302  -97.280432
-97.639854  -97.279932
-97.639989  -97.276764
-97.644759  -97.278537
-305.200636  -301.817278
-305.230942  -301.818687
-305.360169  -301.821310
-305.396614  -301.819495
-305.429185  -301.817496
-305.457358  -301.815971
-305.476456  -301.816212
-305.492764  -301.818546
-305.506880  -301.821010
-305.515364  -301.823300
-305.520230  -301.824701
-305.527058  -301.825817
-305.530809  -301.826355
-305.539090  -301.826210
-305.543475  -301.826650
-201.658052  -203.477659
-201.747540  -203.483402
-201.912146  -203.500086
-201.961836  -203.506075
-202.043476  -203.515519
-202.073911  -203.519373
-202.107583  -203.526086
-202.126132  -203.529965
-202.151571  -203.537534
-202.164712  -203.540653
-202.184457  -203.546683
-202.193793  -203.551729
-202.203156  -203.553104
-202.219644  -203.554371
-202.228695  -203.554848
-86.978588  -87.508527
-86.995271  -87.511004
-87.032790  -87.516596
-87.055205  -87.518438
-87.075867  -87.517621
-87.085412  -87.515844
-87.092362  -87.512827
-87.096162  -87.512280
-87.100713  -87.511572
-87.102902  -87.509765
-87.105165  -87.509008
-87.096837  -87.496481
-87.110290  -87.505623
-87.111423  -87.507475
-87.112952  -87.507693
-258.329624  -259.469957
-258.367159  -259.475904
-258.463412  -259.495639
-258.511878  -259.512824
-258.540171  -259.518960
-258.605623  -259.531482
-258.632447  -259.538012
-258.672383  -259.546781
-258.707689  -259.553360
-258.737962  -259.553263
-258.765473  -259.550548
-258.784189  -259.550822
-258.814098  -259.555838
-258.841483  -259.566098
-258.863466  -259.575776
-146.462623  -150.103796
-146.513239  -150.099595
-146.636030  -150.072795
-146.671329  -150.062519
-146.722870  -150.050693
-146.765844  -150.050598
-146.814885  -150.056279
-146.841008  -150.061846
-146.880318  -150.066004
-146.923778  -150.063621
-146.983785  -150.052164
-147.027234  -150.045809
-147.079765  -150.039071
-147.118377  -150.039906
-147.180565  -150.043238
-79.457575  -79.924037
-79.470830  -79.924639
-79.517544  -79.924133
-79.535811  -79.919938
-79.544505  -79.918114
-79.560428  -79.914498
-79.565991  -79.912415
-79.571305  -79.912730
-79.482690  -79.893210
-79.582871  -79.912208
-79.585600  -79.912145
-79.590519  -79.913100
-79.597769  -79.913422
-79.599832  -79.912945
-79.603340  -79.910748
-87.468589  -86.490842
-87.472547  -86.491079
-87.486309  -86.491957
-87.493339  -86.492487
-87.496686  -86.493383
-87.506331  -86.496568
-87.511848  -86.498623
-87.514580  -86.499474
-87.519590  -86.502213
-87.522626  -86.501391
-87.524945  -86.500967
-87.527464  -86.500884
-87.533029  -86.501138
-87.535440  -86.501884
-87.540719  -86.503275
-213.865565  -217.464308
-213.929276  -217.467779
-214.098015  -217.474878
-214.132948  -217.480643
-214.219739  -217.497030
-214.240558  -217.499695
-214.280668  -217.504117
-214.306319  -217.503811
-214.325170  -217.501752
-214.360253  -217.492628
-214.385635  -217.493736
-214.459038  -217.487345
-214.490577  -217.492803
-214.532692  -217.495171
-214.585679  -217.494015
-178.691742  -179.157781
-178.716881  -179.159717
-178.793034  -179.163938
-178.815724  -179.165273
-178.879605  -179.167591
-178.909850  -179.171650
-178.954258  -179.178741
-178.974772  -179.182104
-179.013928  -179.192203
-179.036567  -179.194189
-179.070748  -179.199475
-179.085195  -179.202814
-179.107000  -179.209484
-179.119575  -179.211755
-179.142525  -179.219153
-299.023071  -301.446884
-299.047343  -301.449654
-299.137654  -301.461640
-299.160816  -301.465435
-299.204907  -301.472743
-299.230960  -301.474831
-299.254445  -301.473169
-299.272405  -301.469866
-299.291442  -301.465421
-299.301955  -301.464637
-299.312635  -301.465982
-299.322419  -301.469146
-299.335500  -301.476678
-299.345918  -301.477705
-299.356704  -301.479510
-173.495806  -173.480190
-173.515829  -173.480679
-173.556525  -173.478006
-173.571296  -173.476891
-173.610666  -173.469230
-173.621974  -173.468232
-173.640539  -173.464848
-173.649021  -173.463627
-173.664063  -173.462675
-173.678914  -173.456461
-173.694303  -173.451608
-173.715494  -173.446297
-173.729510  -173.442749
-173.742767  -173.443902
-173.757962  -173.440590
-326.587212  -326.847920
-326.609056  -326.847963
-326.681782  -326.843712
-326.699201  -326.841857
-326.725229  -326.840140
-326.750556  -326.824114
-326.769279  -326.833720
-326.779912  -326.838237
-326.793386  -326.842923
-326.802903  -326.844236
-326.812919  -326.844125
-326.824162  -326.842231
-326.830520  -326.842814
-326.835264  -326.845487
-326.839937  -326.845681
-199.384400  -200.709968
-199.443248  -200.712743
-199.594475  -200.714043
-199.619797  -200.714808
-199.680592  -200.717161
-199.701876  -200.720293
-199.741253  -200.728132
-199.756885  -200.731110
-199.781822  -200.735709
-199.794534  -200.739303
-199.808307  -200.743800
-199.819671  -200.748617
-199.826735  -200.752673
-199.834627  -200.758653
-199.842344  -200.764493
-246.885490  -247.569019
-246.904444  -247.570751
-246.972708  -247.576529
-247.001837  -247.577248
-247.018947  -247.574879
-247.060413  -247.562593
-247.082038  -247.554512
-247.111806  -247.544463
-247.135227  -247.531680
-247.150466  -247.528493
-247.173708  -247.516911
-247.185223  -247.518386
-247.207650  -247.520738
-247.220178  -247.514689
-247.234442  -247.503154
-286.719411  -284.418478
-286.732250  -284.419545
-286.774305  -284.423191
-286.784276  -284.423916
-286.797708  -284.424606
-286.808690  -284.424494
-286.814420  -284.424644
-286.823749  -284.424743
-286.826930  -284.424116
-286.830822  -284.423288
-286.832758  -284.421998
-286.835449  -284.418900
-286.837704  -284.418927
-286.841033  -284.418891
-286.842579  -284.418862
-264.873574  -266.536201
-264.889785  -266.537660
-264.938152  -266.542147
-264.953339  -266.543636
-264.970698  -266.545298
-264.993358  -266.547140
-265.005092  -266.547416
-265.018733  -266.547383
-265.033844  -266.547526
-265.042234  -266.548571
-265.055347  -266.550595
-265.062213  -266.551565
-265.069362  -266.552059
-265.077474  -266.551933
-265.082532  -266.551278
-276.550553  -276.957562
-276.586977  -276.962967
-276.706050  -276.991180
-276.745465  -277.010085
-276.782111  -277.026709
-276.834600  -277.046077
-276.873287  -277.055506
-276.904910  -277.057371
-276.942412  -277.060347
-276.976789  -277.069511
-277.007579  -277.083089
-277.037256  -277.099124
-277.064726  -277.113014
-277.090099  -277.124291
-277.109840  -277.130437
-333.803831  -332.421582
-333.822104  -332.421834
-333.888667  -332.420056
-333.906505  -332.417213
-333.921994  -332.414603
-333.934366  -332.411750
-333.945594  -332.408305
-333.954179  -332.405141
-333.963905  -332.402021
-333.972611  -332.396929
-333.982259  -332.382856
-333.987583  -332.380873
-333.998178  -332.378465
-334.003636  -332.368084
-334.009472  -332.359183
-97.398626  -97.095323
-97.401087  -97.095086
-97.407152  -97.093490
-97.409160  -97.092380
-97.410786  -97.092136
-97.401316  -97.084093
-97.414213  -97.090324
-97.414844  -97.090469
-97.416887  -97.089848
-97.417669  -97.088752
-97.417803  -97.088944
-97.415121  -97.089825
-97.419595  -97.089565
-97.420634  -97.088746
-97.420872  -97.089158
-253.157291  -253.901472
-253.165311  -253.901814
-253.196066  -253.902880
-253.204195  -253.902997
-253.208775  -253.903573
-253.220472  -253.905826
-253.230202  -253.909352
-253.236025  -253.909677
-253.244355  -253.908092
-253.251108  -253.907346
-253.258772  -253.907718
-253.266901  -253.908606
-253.269135  -253.908933
-253.268078  -253.910231
-253.277283  -253.909823
-259.637005  -259.241982
-259.655214  -259.245212
-259.705896  -259.260040
-259.721995  -259.266270
-259.748391  -259.277982
-259.764610  -259.282941
-259.789215  -259.290703
-259.808120  -259.295378
-259.828494  -259.301406
-259.846528  -259.307102
-259.868125  -259.314628
-259.886862  -259.327697
-259.904009  -259.333845
-259.925054  -259.349116
-259.939523  -259.365194
-97.590890  -97.517814
-97.608800  -97.519261
-97.665295  -97.522500
-97.677710  -97.523720
-97.703991  -97.527544
-97.719303  -97.529664
-97.737315  -97.532045
-97.763922  -97.534950
-97.778011  -97.536027
-97.790893  -97.535382
-97.801104  -97.534210
-97.818564  -97.532597
-97.834228  -97.527262
-97.843389  -97.526279
-97.857218  -97.521695
-92.843353  -92.078626
-92.846549  -92.078399
-92.860545  -92.075655
-92.863941  -92.074444
-92.869302  -92.073536
-92.878533  -92.069336
-92.880566  -92.069459
-92.887084  -92.070614
-92.893719  -92.067736
-92.897636  -92.066217
-92.905036  -92.063742
-92.907045  -92.065499
-92.909535  -92.067626
-92.911131  -92.067480
-92.913831  -92.067688
-97.659818  -97.287084
-97.661574  -97.286956
-97.666276  -97.285884
-97.669257  -97.285029
-97.670783  -97.282493
-97.671725  -97.282610
-97.673002  -97.282398
-329.470457  -331.358074
-329.500437  -331.358675
-329.596463  -331.358857
-329.623153  -331.358857
-329.658709  -331.359223
-329.696271  -331.359273
-329.729733  -331.359010
-329.765659  -331.359775
-329.806808  -331.362834
-329.845016  -331.367692
-329.885875  -331.372977
-329.924475  -331.376620
-329.973182  -331.378623
-330.012782  -331.381038
-330.067236  -331.384726
-97.659396  -97.295726
-97.662290  -97.295955
-97.671576  -97.296756
-97.675990  -97.297138
-97.678305  -97.297797
-97.681597  -97.300093
-97.683482  -97.300549
-97.684292  -97.300576
-97.684814  -97.301125
-97.686083  -97.301400
-97.687377  -97.301323
-97.688619  -97.301191
-97.690200  -97.300948
-97.690189  -97.298371
-97.692361  -97.299452
-160.384685  -161.711425
-160.408794  -161.714641
-160.479517  -161.724468
-160.492846  -161.726316
-160.506957  -161.729267
-160.518404  -161.732851
-160.531133  -161.739172
-160.542514  -161.752325
-160.550873  -161.763036
-160.561045  -161.775422
-160.568562  -161.792713
-160.572333  -161.794521
-160.580294  -161.790575
-160.586361  -161.795716
-160.592485  -161.803016
-219.069621  -218.353894
-219.118965  -218.356696
-219.236468  -218.360567
-219.270160  -218.362543
-219.334594  -218.365450
-219.349416  -218.367568
-219.381871  -218.372668
-219.398376  -218.374293
-219.421875  -218.375885
-219.435114  -218.375208
-219.444719  -218.373414
-219.454341  -218.372685
-219.469078  -218.366802
-219.479341  -218.370154
-219.490566  -218.371666
-335.261007  -337.095881
-335.303151  -337.098885
-335.433394  -337.107284
-335.471098  -337.107349
-335.530260  -337.102895
-335.564462  -337.097149
-335.592728  -337.092625
-335.621974  -337.091185
-335.658811  -337.095278
-335.709374  -337.107421
-335.764679  -337.126704
-335.825311  -337.152266
-335.884241  -337.184659
-335.918999  -337.204722
-335.952547  -337.221015
-184.582361  -184.721236
-184.634045  -184.723610
-184.782554  -184.723262
-184.837475  -184.721447
-184.957526  -184.710271
-184.996324  -184.708063
-185.040702  -184.704093
-185.073523  -184.702647
-185.113124  -184.698640
-185.137373  -184.699514
-185.167431  -184.700529
-185.192617  -184.704612
-185.228712  -184.708590
-185.258014  -184.714480
-185.291060  -184.705989
-105.867555  -107.124524
-105.884848  -107.129717
-105.926231  -107.151875
-105.934029  -107.155037
-105.950386  -107.160275
-105.955574  -107.167949
-105.957091  -107.167134
-105.959015  -107.164621
-105.959782  -107.164632
-97.420934  -97.090648
-97.421567  -97.090403
-97.424279  -97.089697
-97.423349  -97.084261
-97.426979  -97.087352
-97.427903  -97.087327
-97.428315  -97.086994
-77.899545  -79.733940
-77.913525  -79.733592
-77.962563  -79.725658
-77.969407  -79.724713
-77.984007  -79.724014
-77.990562  -79.722277
-77.996730  -79.716532
-77.999788  -79.718887
-78.004101  -79.718952
-78.006647  -79.720402
-78.008463  -79.720903
-78.010261  -79.721009
-78.010963  -79.721344
-78.015384  -79.722030
-78.016454  -79.722388
-92.983246  -92.040222
-92.986843  -92.040110
-92.999490  -92.039352
-93.007232  -92.038055
-93.010350  -92.038274
-93.016096  -92.039710
-93.018441  -92.039896
-93.019760  -92.039515
-93.021447  -92.038958
-93.022252  -92.038446
-93.023809  -92.037479
-93.024847  -92.036352
-93.025869  -92.035630
-93.026226  -92.035776
-92.447835  -91.996467
-339.238796  -338.124786
-339.257801  -338.128187
-339.354046  -338.151834
-339.380398  -338.164474
-339.396258  -338.170997
-339.418241  -338.178252
-339.433668  -338.181327
-339.454647  -338.185516
-339.472830  -338.189242
-339.491878  -338.196005
-339.504355  -338.201343
-339.521870  -338.209842
-339.540910  -338.221047
-339.558508  -338.231346
-339.572862  -338.238259
-334.688033  -332.371557
-334.705829  -332.372364
-334.760440  -332.374931
-334.779898  -332.376140
-334.795586  -332.377927
-334.809026  -332.379051
-334.816304  -332.378525
-334.824242  -332.377003
-334.834496  -332.373418
-334.841844  -332.371229
-334.850013  -332.367409
-334.854514  -332.366971
-334.863211  -332.366114
-334.866451  -332.365774
-334.870899  -332.361057
-86.097440  -86.143980
-86.105653  -86.145108
-86.132979  -86.149684
-86.150825  -86.154020
-86.156242  -86.155148
-86.168470  -86.157061
-86.172080  -86.157876
-86.174623  -86.158469
-86.176334  -86.158706
-86.176000  -86.159319
-86.178766  -86.159473
-86.179653  -86.159560
-86.181071  -86.159503
-86.182016  -86.159425
-86.183573  -86.159402
-180.643746  -184.622312
-180.748568  -184.627283
-180.981802  -184.629793
-181.063358  -184.631105
-181.212027  -184.630247
-181.271963  -184.632042
-181.375768  -184.629544
-181.401362  -184.629742
-181.439841  -184.622900
-181.463731  -184.616965
-181.504096  -184.598300
-181.530926  -184.590755
-181.563569  -184.557036
-181.581512  -184.567983
-181.604910  -184.576105
-198.931504  -200.826717
-198.977277  -200.830601
-199.072630  -200.840416
-199.095810  -200.843451
-199.157789  -200.855345
-199.173705  -200.856403
-199.213739  -200.859146
-199.226415  -200.859806
-199.252029  -200.861713
-199.262150  -200.862791
-199.285664  -200.864949
-199.297239  -200.865611
-199.312867  -200.866253
-199.332974  -200.866466
-199.354071  -200.866873
-218.522379  -218.250774
-218.577762  -218.252563
-218.727844  -218.248984
-218.765883  -218.247490
-218.863448  -218.228798
-218.890646  -218.232102
-218.946519  -218.229874
-218.967857  -218.228863
-219.002070  -218.220723
-219.017684  -218.224926
-219.054965  -218.234951
-219.069799  -218.237010
-219.102618  -218.237860
-219.113802  -218.236407
-219.147793  -218.223709
-201.762114  -201.712647
-201.801520  -201.711608
-201.926358  -201.700419
-201.953816  -201.699429
-201.995785  -201.700965
-202.011681  -201.703171
-202.027054  -201.705282
-202.036499  -201.706444
-202.052185  -201.705938
-202.060309  -201.703782
-202.074374  -201.698836
-202.084446  -201.696545
-202.093534  -201.692539
-202.098543  -201.694793
-202.106640  -201.697416
-277.243764  -277.901959
-277.268583  -277.906876
-277.371240  -277.938875
-277.395884  -277.953526
-277.417799  -277.966932
-277.439083  -277.976764
-277.457428  -277.979522
-277.470252  -277.976132
-277.482330  -277.971182
-277.496180  -277.963623
-277.506781  -277.960159
-277.527885  -277.952404
-277.549393  -277.936459
-277.560893  -277.935562
-277.578404  -277.933014
-205.994368  -206.679858
-206.114847  -206.688190
-206.395766  -206.701119
-206.452624  -206.704456
-206.571897  -206.707862
-206.601840  -206.709850
-206.668865  -206.714952
-206.692345  -206.718392
-206.723394  -206.723472
-206.737735  -206.725533
-206.767657  -206.729832
-206.781612  -206.731333
-206.759990  -206.728485
-206.811822  -206.734042
-206.822595  -206.734821
-178.940285  -179.287277
-178.976833  -179.288508
-179.032876  -179.286285
-179.051043  -179.285349
-179.092481  -179.284424
-179.122070  -179.282425
-179.138805  -179.284073
-179.172048  -179.287354
-179.187227  -179.288672
-179.216972  -179.288630
-179.231790  -179.290219
-179.261951  -179.290187
-179.275625  -179.294950
-179.298560  -179.302417
-179.312996  -179.307886
-189.501682  -190.530815
-189.539702  -190.534906
-189.638959  -190.549157
-189.666165  -190.553310
-189.724253  -190.562827
-189.746149  -190.564056
-189.795326  -190.565737
-189.815293  -190.566135
-189.839898  -190.566411
-189.857712  -190.567152
-189.878773  -190.569208
-189.896404  -190.571986
-189.912198  -190.575402
-189.927939  -190.579212
-189.939623  -190.581827
-158.405047  -156.728831
-158.420616  -156.729120
-158.490584  -156.726749
-158.518571  -156.723842
-158.543348  -156.722219
-158.560178  -156.722569
-158.574344  -156.723136
-158.585062  -156.724755
-158.598123  -156.724291
-158.606520  -156.725147
-158.623918  -156.724957
-158.634966  -156.724945
-158.659627  -156.724061
-158.669164  -156.724588
-158.681625  -156.724854
-289.567238  -289.278229
-289.589354  -289.279762
-289.642627  -289.286036
-289.657061  -289.290040
-289.682513  -289.300241
-289.700302  -289.306675
-289.713729  -289.310658
-289.719596  -289.314088
-289.728131  -289.316968
-289.748902  -289.324359
-289.778952  -289.333632
-289.824621  -289.348976
-289.849492  -289.351425
-289.881877  -289.350472
-289.898677  -289.352349
-95.335095  -96.732034
-95.345901  -96.734499
-95.371638  -96.743184
-95.375466  -96.744806
-95.383184  -96.747663
-95.388620  -96.749229
-95.391459  -96.751333
-95.396418  -96.750994
-95.399475  -96.750645
-95.401141  -96.751140
-95.403739  -96.751829
-95.406166  -96.752839
-95.407053  -96.753285
-95.408035  -96.753254
-95.410199  -96.753448
-189.186422  -189.949804
-189.232697  -189.951676
-189.379835  -189.954053
-189.404566  -189.955359
-189.461598  -189.956320
-189.480663  -189.954344
-189.501658  -189.952470
-189.523980  -189.951577
-189.538602  -189.954438
-189.555175  -189.959699
-189.566830  -189.963628
-189.590054  -189.970954
-189.601449  -189.976920
-189.607550  -189.977998
-189.618329  -189.980886
-299.470804  -296.390048
-299.491692  -296.389738
-299.551975  -296.384368
-299.572942  -296.380533
-299.604243  -296.374895
-299.635512  -296.364339
-299.649505  -296.363864
-299.675533  -296.363593
-299.684927  -296.357812
-299.697059  -296.352777
-299.710005  -296.347290
-299.719307  -296.346213
-299.728954  -296.345737
-299.735201  -296.345236
-299.741409  -296.346707
-214.085955  -217.516102
-214.160343  -217.519363
-214.325174  -217.518169
-214.370659  -217.514978
-214.475963  -217.494580
-214.510904  -217.488542
-214.584868  -217.461312
-214.616333  -217.461547
-214.668902  -217.447348
-214.690202  -217.447006
-214.727678  -217.426610
-214.747648  -217.438005
-214.771924  -217.443735
-214.802770  -217.444699
-214.829422  -217.441901
-331.761934  -331.198791
-331.778572  -331.198794
-331.824880  -331.196898
-331.840121  -331.195748
-331.858042  -331.195360
-331.880178  -331.192012
-331.887796  -331.193720
-331.899672  -331.196369
-331.906298  -331.198320
-331.917264  -331.201207
-331.926980  -331.202356
-331.931449  -331.203621
-331.939035  -331.206986
-331.943963  -331.210407
-331.951035  -331.218644
-182.793353  -180.254447
-182.815597  -180.253471
-182.890693  -180.240490
-182.905490  -180.238612
-182.936834  -180.236699
-182.951739  -180.229898
-182.959703  -180.229641
-182.982625  -180.228257
-182.989562  -180.227639
-183.001329  -180.217546
-183.014392  -180.224676
-183.025665  -180.226419
-183.037581  -180.225637
-183.047361  -180.223325
-183.057905  -180.213883
-266.148381  -266.488932
-266.159829  -266.490804
-266.205535  -266.499796
-266.225083  -266.505487
-266.238194  -266.507669
-266.268476  -266.509926
-266.285968  -266.508715
-266.300994  -266.505778
-266.320992  -266.500603
-266.337992  -266.495732
-266.353478  -266.490933
-266.369220  -266.488633
-266.388063  -266.486645
-266.410072  -266.477116
-266.427018  -266.472155
-97.628724  -97.337850
-97.635810  -97.340278
-97.662459  -97.354536
-97.670146  -97.359838
-97.680877  -97.369220
-97.686236  -97.369684
-97.693677  -97.370035
-97.695333  -97.370257
-97.697689  -97.369864
-97.701925  -97.369142
-97.703454  -97.368723
-97.706363  -97.367961
-97.708094  -97.366295
-97.703672  -97.359291
-97.709602  -97.364593
-105.779595  -107.208467
-105.790760  -107.211980
-105.815194  -107.225673
-105.819854  -107.229092
-105.827974  -107.232532
-105.828276  -107.239565
-105.833406  -107.236117
-105.835269  -107.232601
-105.835651  -107.231169
-105.837322  -107.232454
-105.838706  -107.234366
-105.838066  -107.239371
-105.839702  -107.236845
-105.839784  -107.235582
-97.378520  -97.092530
-97.381642  -97.092767
-97.391024  -97.092968
-97.393566  -97.092654
-97.396943  -97.092196
-97.399018  -97.088261
-97.402967  -97.089966
-97.404741  -97.089888
-97.405322  -97.090179
-97.406403  -97.089813
-97.407953  -97.089456
-97.287539  -97.055496
-97.409818  -97.088165
-97.410427  -97.088359
-97.411795  -97.089456
-198.429758  -205.158730
-198.638113  -205.185502
-199.091679  -205.261345
-199.215452  -205.280556
-199.528127  -205.314157
-199.730598  -205.322161
-200.090677  -205.327194
-200.241385  -205.338176
-200.442482  -205.362641
-200.625119  -205.388072
-200.836432  -205.419321
-200.969620  -205.440131
-201.084488  -205.445548
-201.164981  -205.454175
-201.232904  -205.450402
-271.737686  -275.188849
-271.768468  -275.187658
-271.975154  -275.167859
-272.002516  -275.162960
-272.084713  -275.146988
-272.140276  -275.145285
-272.200102  -275.159291
-272.229835  -275.173273
-272.272306  -275.193089
-272.330156  -275.216172
-272.393204  -275.233004
-272.435187  -275.239625
-272.470008  -275.240847
-272.497275  -275.242209
-272.531139  -275.251911
-286.653130  -289.076402
-286.680679  -289.079986
-286.799921  -289.098935
-286.834119  -289.103798
-286.900547  -289.109196
-286.949497  -289.110382
-286.993647  -289.111514
-287.023852  -289.114855
-287.048564  -289.119965
-287.074843  -289.126306
-287.097806  -289.130745
-287.117891  -289.130412
-287.143494  -289.123716
-287.163317  -289.115659
-287.186279  -289.102049
-92.047774  -91.765310
-92.058431  -91.766506
-92.077693  -91.768134
-92.091481  -91.768739
-92.100966  -91.768668
-92.117372  -91.765836
-92.121093  -91.764349
-92.127533  -91.759470
-92.131121  -91.755821
-92.133934  -91.753625
-92.137159  -91.752268
-92.139705  -91.752058
-92.141955  -91.751754
-92.143422  -91.751144
-92.144661  -91.751270
-305.060008  -301.719407
-305.120633  -301.723033
-305.326645  -301.733379
-305.360943  -301.736926
-305.419625  -301.745268
-305.454481  -301.749407
-305.506127  -301.753016
-305.533802  -301.753193
-305.559280  -301.751975
-305.574446  -301.750735
-305.596134  -301.750241
-305.615667  -301.751684
-305.632290  -301.753405
-305.638251  -301.755748
-305.645228  -301.756837
-181.343740  -179.769278
-181.423892  -179.776098
-181.681947  -179.796902
-181.764933  -179.806326
-181.860919  -179.821841
-181.902169  -179.829667
-181.945853  -179.838413
-181.972728  -179.842831
-181.998417  -179.845532
-182.013741  -179.845757
-182.031595  -179.845187
-182.052281  -179.844591
-182.071676  -179.844401
-182.085140  -179.844964
-182.095829  -179.845953
-72.658378  -74.206172
-72.666955  -74.204938
-72.694046  -74.196827
-72.700197  -74.193368
-72.704916  -74.193793
-72.723343  -74.192785
-72.729494  -74.195419
-72.740696  -74.198690
-72.746804  -74.201084
-72.748685  -74.199833
-72.752668  -74.188305
-72.757035  -74.192411
-72.761054  -74.194324
-72.765688  -74.195582
-72.768280  -74.194739
-97.162408  -97.251375
-97.166527  -97.251662
-97.175480  -97.252221
-97.180875  -97.252293
-97.186091  -97.251790
-97.190203  -97.250397
-97.194170  -97.249263
-97.198884  -97.246815
-97.201618  -97.243008
-97.204648  -97.241620
-97.208696  -97.239146
-97.210313  -97.232981
-97.213200  -97.229807
-97.178642  -97.159771
-97.219561  -97.211934
-296.736100  -295.389942
-296.765734  -295.392141
-296.861757  -295.398568
-296.894164  -295.399940
-296.932985  -295.400689
-296.975769  -295.399881
-297.007373  -295.397956
-297.030860  -295.396487
-297.060049  -295.393462
-297.089823  -295.391748
-297.121309  -295.386334
-297.137884  -295.384021
-297.157824  -295.383810
-297.175285  -295.380266
-297.192478  -295.378949
-266.871635  -266.617393
-266.883448  -266.616971
-266.932903  -266.610925
-266.944847  -266.607987
-266.962217  -266.604286
-266.976506  -266.603369
-266.990088  -266.602989
-266.998860  -266.603549
-267.007731  -266.602376
-267.011035  -266.601669
-267.012750  -266.591903
-267.021752  -266.595785
-267.025529  -266.595914
-267.032732  -266.595150
-267.037972  -266.592628
-265.827356  -266.712642
-265.857302  -266.714461
-265.978009  -266.722013
-265.999809  -266.723424
-266.059790  -266.724605
-266.084480  -266.722732
-266.126322  -266.717726
-266.159145  -266.715685
-266.191876  -266.718207
-266.225015  -266.723495
-266.259647  -266.730556
-266.293097  -266.738370
-266.331840  -266.749262
-266.359928  -266.757362
-266.393093  -266.769094
-207.480399  -206.708793
-207.536759  -206.713346
-207.676455  -206.723488
-207.708656  -206.725252
-207.762824  -206.726304
-207.779044  -206.726674
-207.815062  -206.726754
-207.835832  -206.724994
-207.853785  -206.723581
-207.868797  -206.722244
-207.880797  -206.721726
-207.894566  -206.723477
-207.903732  -206.724576
-207.910378  -206.725851
-207.917527  -206.727473
-214.862484  -212.464545
-214.913862  -212.469772
-215.033172  -212.480807
-215.060536  -212.482187
-215.121600  -212.482646
-215.133830  -212.484284
-215.161224  -212.488391
-215.173434  -212.489553
-215.184770  -212.489797
-215.191865  -212.489529
-215.202444  -212.489503
-215.211955  -212.490668
-215.220026  -212.492527
-215.226532  -212.494618
-215.235168  -212.498160
-96.851068  -97.198975
-96.860183  -97.198685
-96.892080  -97.194375
-96.899330  -97.192865
-96.908139  -97.191698
-96.913405  -97.190921
-96.917534  -97.190962
-96.921464  -97.190933
-96.924167  -97.190501
-96.925128  -97.189946
-96.928465  -97.190322
-96.930970  -97.191835
-96.932476  -97.192059
-96.933417  -97.191489
-96.935761  -97.191651
-97.354901  -97.100100
-97.357763  -97.099543
-97.364345  -97.096732
-97.367703  -97.093879
-97.370138  -97.092427
-97.373753  -97.085168
-97.375884  -97.086892
-97.378348  -97.086958
-97.380353  -97.085180
-97.382291  -97.082339
-97.382058  -97.067882
-97.385231  -97.075693
-97.386623  -97.076733
-97.389952  -97.075663
-97.390444  -97.074339
-194.522215  -195.305245
-194.596712  -195.309793
-194.751810  -195.313860
-194.785460  -195.314738
-194.849471  -195.316401
-194.866786  -195.316666
-194.898357  -195.318420
-194.930468  -195.321015
-194.948445  -195.323882
-194.978720  -195.332330
-194.994138  -195.339191
-195.011813  -195.346755
-195.029142  -195.360839
-195.038313  -195.362421
-195.055315  -195.370346
-334.667541  -336.538783
-334.710863  -336.538358
-334.889189  -336.527151
-334.956453  -336.514632
-335.017307  -336.504150
-335.104461  -336.487407
-335.154994  -336.480428
-335.197272  -336.480501
-335.237649  -336.480264
-335.272415  -336.478288
-335.302269  -336.471873
-335.327928  -336.465541
-335.356073  -336.458961
-335.377713  -336.454702
-335.394717  -336.452541
-210.491826  -207.437850
-210.498974  -207.439468
-210.527955  -207.448547
-210.536828  -207.452566
-210.550285  -207.461089
-210.555500  -207.462239
-210.563187  -207.465021
-210.567209  -207.465491
-210.573026  -207.464872
-210.576033  -207.464030
-210.580197  -207.462252
-210.582921  -207.459804
-210.584538  -207.456997
-210.586535  -207.454057
-210.586925  -207.450669
-96.808202  -97.225311
-96.815554  -97.225609
-96.833538  -97.225469
-96.842563  -97.224635
-96.848293  -97.224241
-96.860646  -97.221880
-96.865437  -97.222178
-96.873501  -97.222752
-96.878128  -97.222677
-96.883071  -97.222874
-96.888815  -97.223531
-96.894883  -97.225637
-96.899333  -97.227218
-96.902704  -97.228417
-96.905593  -97.228727
-93.316939  -93.634511
-93.334394  -93.636986
-93.387106  -93.647060
-93.396904  -93.648684
-93.421075  -93.654172
-93.428097  -93.655785
-93.436644  -93.658677
-93.441166  -93.659097
-93.443808  -93.659821
-93.446864  -93.661234
-93.450746  -93.664234
-93.453398  -93.666772
-93.456379  -93.667272
-93.460753  -93.669035
-93.460999  -93.670870
-72.684922  -74.192171
-72.693177  -74.192391
-72.718070  -74.192369
-72.724706  -74.192112
-72.730152  -74.192615
-72.738574  -74.194330
-72.748560  -74.197033
-72.756554  -74.200132
-72.761928  -74.202230
-72.768988  -74.206577
-72.771425  -74.206315
-72.775555  -74.207209
-72.778776  -74.207311
-72.782345  -74.207554
-72.785468  -74.208396
-305.451701  -301.958000
-305.509260  -301.957996
-305.689992  -301.947678
-305.726575  -301.944774
-305.784252  -301.940479
-305.810442  -301.939720
-305.835013  -301.941289
-305.860170  -301.943212
-305.878680  -301.942600
-305.891789  -301.941408
-305.902809  -301.940051
-305.912708  -301.938162
-305.922744  -301.937452
-305.930933  -301.936479
-305.938575  -301.936190
-92.781965  -92.001685
-92.792052  -92.002265
-92.833549  -92.001738
-92.845523  -92.000964
-92.870348  -91.997393
-92.879897  -91.997402
-92.890654  -91.996416
-92.895041  -91.997298
-92.901200  -91.996961
-92.905527  -91.995651
-92.910301  -91.994272
-92.919519  -91.990910
-92.923949  -91.990052
-92.929182  -91.986276
-92.931249  -91.987267
-108.538467  -108.244900
-108.539356  -108.244896
-108.541523  -108.244910
-108.542047  -108.244648
-108.542686  -108.244646
-108.543898  -108.244565
-280.426102  -278.414284
-280.433723  -278.414350
-280.460779  -278.413993
-280.476156  -278.411309
-280.479310  -278.410798
-280.486999  -278.409104
-280.491496  -278.406276
-280.494572  -278.404990
-280.499715  -278.402608
-280.499682  -278.403784
-280.502236  -278.404954
-280.503602  -278.405201
-280.505658  -278.405627
-280.507505  -278.405704
-280.509309  -278.405452
-253.139120  -254.090228
-253.151988  -254.090031
-253.200476  -254.084475
-253.210047  -254.082284
-253.238679  -254.075133
-253.251790  -254.069338
-253.262117  -254.065761
-253.277363  -254.060457
-253.287748  -254.057641
-253.295586  -254.057327
-253.304881  -254.053676
-253.307480  -254.051262
-253.311691  -254.051991
-253.315088  -254.048415
-253.317403  -254.045035
-73.729597  -75.179996
-73.756691  -75.179783
-73.826858  -75.172291
-73.844290  -75.171338
-73.889067  -75.163141
-73.898023  -75.164370
-73.910461  -75.162549
-73.916389  -75.162116
-73.925443  -75.158201
-73.928283  -75.157035
-73.931632  -75.156382
-73.932702  -75.156874
-73.934892  -75.159351
-73.936968  -75.160961
-73.938929  -75.163249
-257.543589  -260.364405
-257.555841  -260.359088
-257.597932  -260.337126
-257.614013  -260.324425
-257.625755  -260.323068
-257.636899  -260.325731
-257.640879  -260.326888
-257.642658  -260.326605
-257.650523  -260.319106
-257.650416  -260.298026
-257.654963  -260.305932
-257.656313  -260.306413
-257.658829  -260.306095
-257.661610  -260.307352
-257.666186  -260.305492
-332.005571  -331.982021
-332.035493  -331.980063
-332.143094  -331.961152
-332.165924  -331.955440
-332.210309  -331.944552
-332.240484  -331.936352
-332.271416  -331.928887
-332.310932  -331.920678
-332.352233  -331.905592
-332.381703  -331.896385
-332.418004  -331.886202
-332.447340  -331.879497
-332.480876  -331.875467
-332.511943  -331.871050
-332.539641  -331.871026
-97.740620  -97.266307
-97.742429  -97.266515
-97.747488  -97.267189
-97.747994  -97.266971
-97.748954  -97.266820
-97.750291  -97.265152
-97.751447  -97.265658
-97.751977  -97.265853
-322.311065  -320.621763
-322.325263  -320.623822
-322.368949  -320.632299
-322.391720  -320.639635
-322.403776  -320.643035
-322.426775  -320.648328
-322.436073  -320.649245
-322.445014  -320.648040
-322.458289  -320.645382
-322.464120  -320.644957
-322.472393  -320.645025
-322.478239  -320.644306
-322.487390  -320.642869
-322.494175  -320.642453
-322.503305  -320.643109
-217.973172  -218.254483
-218.016763  -218.257020
-218.101983  -218.263627
-218.130863  -218.270152
-218.206268  -218.306119
-218.232941  -218.307661
-218.258307  -218.314333
-218.288021  -218.326528
-218.312325  -218.340633
-218.332915  -218.347441
-218.336949  -218.382362
-218.385239  -218.372274
-218.402458  -218.375702
-218.445102  -218.394401
-218.461595  -218.402711
-188.349620  -185.716247
-188.390950  -185.720840
-188.532318  -185.737606
-188.568291  -185.743042
-188.626791  -185.756036
-188.643787  -185.762200
-188.675848  -185.777437
-188.697890  -185.791952
-188.711444  -185.800497
-188.724361  -185.805823
-188.737134  -185.813596
-188.746535  -185.812800
-188.760297  -185.812971
-188.765254  -185.815697
-188.780016  -185.832983
-105.854059  -107.117245
-105.871884  -107.122433
-105.915019  -107.149551
-105.923371  -107.148108
-105.939053  -107.151452
-105.945060  -107.157125
-105.947201  -107.159569
-105.949283  -107.160331
-105.951104  -107.162336
-105.951953  -107.163565
-105.953782  -107.165453
-289.636757  -289.535205
-289.664337  -289.536543
-289.748956  -289.540008
-289.768983  -289.540122
-289.796452  -289.542083
-289.816918  -289.546119
-289.832160  -289.551287
-289.864440  -289.567222
-289.881951  -289.576078
-289.906173  -289.595932
-289.916530  -289.601688
-289.934046  -289.613164
-289.949906  -289.629239
-289.964231  -289.646029
-289.977390  -289.658919
-103.030682  -102.833658
-103.041969  -102.832570
-103.073825  -102.824018
-103.081870  -102.818989
-103.090631  -102.811672
-103.098157  -102.809102
-103.106642  -102.805312
-103.111317  -102.805008
-103.120386  -102.804721
-103.124699  -102.801805
-103.128515  -102.799332
-103.135846  -102.797465
-103.140177  -102.796700
-103.143534  -102.797341
-103.146285  -102.797067
-204.364383  -202.005462
-204.400210  -202.005862
-204.488398  -202.003165
-204.508940  -202.004563
-204.548885  -202.008963
-204.558760  -202.011248
-204.578845  -202.015133
-204.586660  -202.015151
-204.596501  -202.014189
-204.601628  -202.014397
-204.610736  -202.016456
-204.616394  -202.019249
-204.620073  -202.024029
-204.623175  -202.024644
-204.628394  -202.025084
-293.362391  -295.205551
-293.402575  -295.206396
-293.568576  -295.203370
-293.594198  -295.204098
-293.682102  -295.206277
-293.709654  -295.210122
-293.756608  -295.220682
-293.787336  -295.230624
-293.805919  -295.239356
-293.827510  -295.251914
-293.852599  -295.266790
-293.886286  -295.291394
-293.908676  -295.309656
-293.933236  -295.326125
-293.959381  -295.349579
-202.591267  -201.817072
-202.630045  -201.816896
-202.740866  -201.810276
-202.767618  -201.808410
-202.813262  -201.804348
-202.842094  -201.802059
-202.885943  -201.795051
-202.914994  -201.789447
-202.959710  -201.766133
-202.982471  -201.764872
-203.029047  -201.735400
-203.050051  -201.743256
-203.074654  -201.741951
-203.095013  -201.730331
-203.108941  -201.711196
-97.749342  -97.266465
-97.750255  -97.266542
-97.753242  -97.266558
-97.754815  -97.265844
-97.755674  -97.266058
-97.754887  -97.266350
-97.756916  -97.266200
-272.741805  -272.826009
-272.754232  -272.826070
-272.806447  -272.824156
-272.826490  -272.820942
-272.840583  -272.819263
-272.866771  -272.815632
-272.881645  -272.811674
-272.890646  -272.809387
-272.900417  -272.806040
-272.907395  -272.801766
-272.915246  -272.798523
-272.924508  -272.794274
-272.932550  -272.792748
-272.939379  -272.794865
-272.946324  -272.795877
-192.919217  -195.564173
-192.956704  -195.569378
-193.096259  -195.593687
-193.127263  -195.597915
-193.225931  -195.612311
-193.246100  -195.614840
-193.295259  -195.624227
-193.313297  -195.625366
-193.354296  -195.625822
-193.382056  -195.623969
-193.412017  -195.620732
-193.441462  -195.615353
-193.462796  -195.616386
-193.498594  -195.618049
-193.517217  -195.621090
-267.131528  -266.630319
-267.144091  -266.630364
-267.180835  -266.628840
-267.192990  -266.625825
-267.199380  -266.624592
-267.216619  -266.615639
-267.222062  -266.614560
-267.232241  -266.610343
-267.235952  -266.606240
-267.240502  -266.605319
-267.245188  -266.599162
-267.249293  -266.596586
-267.256791  -266.594199
-267.258149  -266.592215
-267.261131  -266.591625
-91.755440  -91.668201
-91.763969  -91.668683
-91.792844  -91.669140
-91.802938  -91.668892
-91.816029  -91.665102
-91.824573  -91.667252
-91.832385  -91.668082
-91.838135  -91.667562
-91.845930  -91.664725
-91.850026  -91.665156
-91.855141  -91.667733
-91.860883  -91.668373
-91.869336  -91.669231
-91.876201  -91.669755
-91.884491  -91.669989
-286.735461  -284.222012
-286.743157  -284.223284
-286.761045  -284.228038
-286.774134  -284.233471
-286.779560  -284.234297
-286.793621  -284.235242
-286.798665  -284.236706
-286.801287  -284.237885
-286.806894  -284.241054
-286.810045  -284.243356
-286.816451  -284.247281
-286.825127  -284.256975
-286.829742  -284.257049
-286.839764  -284.260211
-286.843368  -284.260269
-155.279903  -156.862222
-155.287832  -156.865867
-155.311247  -156.878452
-155.332942  -156.897454
-155.343015  -156.903289
-155.357864  -156.911311
-155.360922  -156.910695
-155.362917  -156.911456
-155.366341  -156.918412
-155.367531  -156.917832
-213.439098  -216.846611
-213.555531  -216.854671
-213.802543  -216.879966
-213.899993  -216.896815
-214.087501  -216.938236
-214.177580  -216.958534
-214.360798  -217.005759
-214.513208  -217.044122
-214.791489  -217.103560
-215.004421  -217.132410
-215.243081  -217.171088
-215.369634  -217.185026
-215.502305  -217.213011
-215.589656  -217.220897
-215.689061  -217.232908
-259.780394  -260.115111
-259.826805  -260.119182
-259.963753  -260.132650
-260.004149  -260.138990
-260.087858  -260.156529
-260.136991  -260.167255
-260.195666  -260.173929
-260.262998  -260.176204
-260.343687  -260.174304
-260.460455  -260.168578
-260.586038  -260.165477
-260.714397  -260.165080
-260.813322  -260.162040
-260.884381  -260.165193
-260.945464  -260.165268
-338.292895  -337.941413
-338.315101  -337.940479
-338.389415  -337.930410
-338.414562  -337.925300
-338.455391  -337.916265
-338.479401  -337.909314
-338.497294  -337.904808
-338.517438  -337.900103
-338.539183  -337.892356
-338.553175  -337.890324
-338.567633  -337.887111
-338.575553  -337.887982
-338.585488  -337.888929
-338.593240  -337.891976
-338.599196  -337.891627
-97.743874  -97.265424
-97.744875  -97.265793
-97.749496  -97.266665
-97.750840  -97.266907
-97.751739  -97.266726
-97.753716  -97.265942
-97.755028  -97.264997
-97.755080  -97.264970
-285.877230  -284.257686
-285.891213  -284.258163
-285.925554  -284.258061
-285.933473  -284.257637
-285.942470  -284.257778
-285.955825  -284.257649
-285.962315  -284.257844
-285.966725  -284.258723
-285.974004  -284.259002
-285.977975  -284.258774
-285.983095  -284.258181
-285.986988  -284.257016
-285.988598  -284.256714
-285.996998  -284.255157
-286.000155  -284.254193
-183.504044  -184.491665
-183.550478  -184.495919
-183.693668  -184.510955
-183.724263  -184.515129
-183.787254  -184.526987
-183.804974  -184.528808
-183.827965  -184.531963
-183.842936  -184.535160
-183.866649  -184.542355
-183.886826  -184.550912
-183.908524  -184.559396
-183.950040  -184.576630
-183.981676  -184.587487
-184.032219  -184.600324
-184.092684  -184.613143
-72.078134  -74.024620
-72.080097  -74.025002
-72.084417  -74.026098
-72.086469  -74.026783
-72.086945  -74.026743
-71.948828  -74.001638
-72.089949  -74.026388
-72.090343  -74.026422
-72.091512  -74.027093
-72.093220  -74.028260
-72.093538  -74.028815
-72.059757  -74.046594
-72.096953  -74.032666
-72.098615  -74.034143
-72.098691  -74.033037
-204.164325  -201.830581
-204.197843  -201.831867
-204.320121  -201.830530
-204.348744  -201.829159
-204.401882  -201.823951
-204.427279  -201.822024
-204.458481  -201.814083
-204.478132  -201.812759
-204.503647  -201.805705
-204.515785  -201.804468
-204.533382  -201.795845
-204.539680  -201.797804
-204.550373  -201.799158
-204.554760  -201.797038
-204.558483  -201.794424
-206.124382  -210.973514
-206.200628  -210.984251
-206.515757  -211.036233
-206.572157  -211.040034
-206.649362  -211.043699
-206.675699  -211.042562
-206.705258  -211.038211
-206.720472  -211.036472
-206.737750  -211.035347
-206.756222  -211.035903
-206.791567  -211.037363
-206.824840  -211.034730
-206.845005  -211.038801
-206.866776  -211.042335
-206.890924  -211.047019
-104.110774  -102.974748
-104.128177  -102.978144
-104.192887  -102.996076
-104.216105  -103.008256
-104.230242  -103.016733
-104.249049  -103.030305
-104.262096  -103.040197
-104.276914  -103.052050
-104.289097  -103.057550
-104.307297  -103.070396
-104.312157  -103.067974
-104.318091  -103.069320
-104.318995  -103.068666
-104.320295  -103.070129
-104.320743  -103.074033
-185.545739  -184.797002
-185.575303  -184.795708
-185.684032  -184.771134
-185.705356  -184.767318
-185.755695  -184.731648
-185.766996  -184.735957
-185.781224  -184.732594
-185.789158  -184.725337
-185.798727  -184.708480
-185.804572  -184.707869
-185.817591  -184.708258
-185.823470  -184.702054
-185.830610  -184.695983
-185.842614  -184.683795
-185.848631  -184.682325
-159.833929  -157.480826
-159.857564  -157.483277
-159.911799  -157.489007
-159.924323  -157.489980
-159.946994  -157.490998
-159.956412  -157.491037
-159.967373  -157.490715
-159.979183  -157.490743
-159.969830  -157.473259
-160.004754  -157.486258
-160.010641  -157.486403
-160.030148  -157.482084
-160.044578  -157.475456
-160.053521  -157.472532
-160.068345  -157.468947
-97.750349  -97.259411
-97.751585  -97.259741
-97.755029  -97.260974
-97.756041  -97.261971
-97.756629  -97.262223
-97.755840  -97.265070
-97.758554  -97.263880
-97.758765  -97.264016
-244.334259  -245.939156
-244.354947  -245.940863
-244.413538  -245.944568
-244.442893  -245.944476
-244.468746  -245.943363
-244.499062  -245.941900
-244.530178  -245.936226
-244.548481  -245.936080
-244.615141  -245.935958
-244.651181  -245.930405
-244.697170  -245.925479
-244.753686  -245.921966
-244.805799  -245.925280
-244.858115  -245.923574
-244.893350  -245.926252
-151.341023  -154.966267
-151.370898  -154.965997
-151.497040  -154.955413
-151.511032  -154.954661
-151.557684  -154.949557
-151.575895  -154.942247
-151.607058  -154.924215
-151.632799  -154.908209
-151.654378  -154.896675
-151.664794  -154.892468
-151.674661  -154.889608
-151.683455  -154.887513
-151.689863  -154.883836
-151.693905  -154.881106
-151.695733  -154.884815
-70.261199  -71.775611
-70.313644  -71.775126
-70.540499  -71.732991
-70.593113  -71.736916
-70.682936  -71.714502
-70.719988  -71.736725
-70.746642  -71.747069
-70.808525  -71.776654
-70.831228  -71.774655
-70.849982  -71.771066
-70.866054  -71.767304
-70.879305  -71.769080
-70.886196  -71.773103
-70.889653  -71.774375
-70.895069  -71.774190
-283.955733  -283.598713
-283.978740  -283.596187
-284.037389  -283.585899
-284.046936  -283.586040
-284.062594  -283.589584
-284.074622  -283.591548
-284.080176  -283.591022
-284.087889  -283.588964
-284.092433  -283.584464
-284.097820  -283.582836
-284.101823  -283.573676
-284.106743  -283.578874
-284.108226  -283.579743
-284.109720  -283.584141
-284.110818  -283.583226
-311.712788  -313.281915
-311.727336  -313.282861
-311.778925  -313.289321
-311.795823  -313.295155
-311.812376  -313.299944
-311.839763  -313.304582
-311.858746  -313.307389
-311.868174  -313.307125
-311.888582  -313.307633
-311.900596  -313.310259
-311.916778  -313.315572
-311.931157  -313.320147
-311.949621  -313.326806
-311.959722  -313.329963
-311.973209  -313.333142
-162.255195  -162.581020
-162.272569  -162.582577
-162.319978  -162.584487
-162.333300  -162.585303
-162.363299  -162.588398
-162.389041  -162.587188
-162.398643  -162.588192
-162.416920  -162.587116
-162.434437  -162.583940
-162.453369  -162.579096
-162.486226  -162.569427
-162.509273  -162.560502
-162.526311  -162.557010
-162.552426  -162.560689
-162.575251  -162.567069
-293.712274  -294.835883
-293.754924  -294.834491
-293.879346  -294.821745
-293.914662  -294.815792
-293.949938  -294.810941
-293.973876  -294.809603
-294.000487  -294.810155
-294.032212  -294.807899
-294.052961  -294.808321
-294.081231  -294.810012
-294.097601  -294.811466
-294.120157  -294.810930
-294.139767  -294.809995
-294.157305  -294.809223
-294.179031  -294.805626
-259.406887  -260.090164
-259.420858  -260.090373
-259.467973  -260.091148
-259.495318  -260.092589
-259.508885  -260.095122
-259.524418  -260.099528
-259.537446  -260.105078
-259.544321  -260.107801
-259.553509  -260.109796
-259.562024  -260.114134
-259.564800  -260.115180
-259.569763  -260.114707
-259.574881  -260.115217
-259.574953  -260.115196
-259.577553  -260.115054
-304.624493  -306.710160
-304.646998  -306.712143
-304.724445  -306.721518
-304.754348  -306.731504
-304.764761  -306.732697
-304.809114  -306.740744
-304.825332  -306.748973
-304.835990  -306.752642
-304.862243  -306.759931
-304.871973  -306.761669
-304.879425  -306.761223
-304.885438  -306.758280
-304.895033  -306.753224
-304.901864  -306.753353
-304.910394  -306.753303
-319.254953  -319.876062
-319.260741  -319.874587
-319.277083  -319.867216
-319.282532  -319.861906
-319.284250  -319.861340
-319.288114  -319.858122
-319.289180  -319.858610
-319.291252  -319.861544
-319.294297  -319.861990
-319.295370  -319.860982
-319.297257  -319.855393
-319.302234  -319.859330
-319.304165  -319.859997
-319.310171  -319.864591
-319.315728  -319.866078
-292.189376  -290.285301
-292.211128  -290.285398
-292.293899  -290.281577
-292.314122  -290.279000
-292.347731  -290.274462
-292.372112  -290.271928
-292.400702  -290.269343
-292.423646  -290.268638
-292.445355  -290.269194
-292.461961  -290.269994
-292.472557  -290.272032
-292.486209  -290.272647
-292.495446  -290.273492
-292.502992  -290.273724
-292.511112  -290.273392
-210.992572  -211.801394
-211.038217  -211.800921
-211.142862  -211.801221
-211.173496  -211.802098
-211.248253  -211.804690
-211.275116  -211.810852
-211.318294  -211.819860
-211.348380  -211.822051
-211.370829  -211.821095
-211.392887  -211.819168
-211.418569  -211.818482
-211.444654  -211.822421
-211.476423  -211.830510
-211.497584  -211.837268
-211.522366  -211.844351
-177.339136  -174.852499
-177.363074  -174.854088
-177.423908  -174.854433
-177.434737  -174.854373
-177.462241  -174.852529
-177.471480  -174.850782
-177.480310  -174.848559
-177.487366  -174.847168
-177.494036  -174.847781
-177.498269  -174.844805
-177.503133  -174.845314
-177.511566  -174.846808
-177.516784  -174.846604
-177.521349  -174.846549
-177.526027  -174.846569
-195.416219  -195.876918
-195.469725  -195.878207
-195.584298  -195.873531
-195.610014  -195.871277
-195.675934  -195.856998
-195.690025  -195.855211
-195.710423  -195.848567
-195.723966  -195.842857
-195.741897  -195.823527
-195.751737  -195.822026
-195.766318  -195.816387
-195.778541  -195.803882
-195.787466  -195.799901
-195.801848  -195.778380
-195.806049  -195.787517
-277.754014  -277.993532
-277.771975  -277.998519
-277.835891  -278.023131
-277.848207  -278.027708
-277.861538  -278.027610
-277.881063  -278.020574
-277.894325  -278.019168
-277.905866  -278.013561
-277.914223  -278.008062
-277.925127  -278.001083
-277.936624  -277.992192
-277.947851  -277.985876
-277.965016  -277.974549
-277.978605  -277.965387
-278.000237  -277.944321
-151.534430  -150.797117
-151.547317  -150.799199
-151.588108  -150.807440
-151.601163  -150.810064
-151.619885  -150.812304
-151.635793  -150.811782
-151.647054  -150.809390
-151.660145  -150.805150
-151.672511  -150.798344
-151.680557  -150.797656
-151.695629  -150.795973
-151.701817  -150.795750
-151.709884  -150.795688
-151.714548  -150.798555
-151.722051  -150.803172
-301.527529  -300.838510
-301.568506  -300.841212
-301.696621  -300.853121
-301.719819  -300.855595
-301.760294  -300.862198
-301.773398  -300.864920
-301.789957  -300.868667
-301.808950  -300.873238
-301.823568  -300.876279
-301.834995  -300.877757
-301.844020  -300.877993
-301.857690  -300.877800
-301.867818  -300.877229
-301.894415  -300.874459
-301.918590  -300.868243
-164.964025  -166.873273
-164.992691  -166.874874
-165.060136  -166.874557
-165.082077  -166.873819
-165.136917  -166.868714
-165.150752  -166.869349
-165.186253  -166.869357
-165.201601  -166.871680
-165.233987  -166.876481
-165.247586  -166.877638
-165.274933  -166.877119
-165.287677  -166.876896
-165.307712  -166.875066
-165.325859  -166.870513
-165.337046  -166.870757
-259.644865  -260.255081
-259.655071  -260.256208
-259.714497  -260.263938
-259.742233  -260.269363
-259.754974  -260.270676
-259.798722  -260.271385
-259.811149  -260.269842
-259.818688  -260.269403
-259.827324  -260.270568
-259.837930  -260.270821
-259.843254  -260.271468
-259.853087  -260.274057
-259.862191  -260.277309
-259.869883  -260.280108
-259.878057  -260.284047
-85.608269  -85.956847
-85.618052  -85.956447
-85.648656  -85.953552
-85.659885  -85.951602
-85.670163  -85.950989
-85.680319  -85.952213
-85.687966  -85.954505
-85.691338  -85.956685
-85.694340  -85.957778
-85.694814  -85.959706
-85.700124  -85.958474
-85.701620  -85.957991
-85.705126  -85.955973
-85.707797  -85.954145
-85.709749  -85.954036
-265.659876  -265.928247
-265.688406  -265.927869
-265.824671  -265.914679
-265.863582  -265.913666
-265.974707  -265.913646
-266.007848  -265.916745
-266.078843  -265.921643
-266.125051  -265.918802
-266.183995  -265.912571
-266.247633  -265.912230
-266.336595  -265.917663
-266.395543  -265.932875
-266.455941  -265.947475
-266.496165  -265.959596
-266.543504  -265.971467
-252.496941  -253.895903
-252.507196  -253.895490
-252.547003  -253.891410
-252.562910  -253.887174
-252.572344  -253.886225
-252.588194  -253.886461
-252.592629  -253.880428
-252.600579  -253.882902
-252.604887  -253.883200
-252.613539  -253.882702
-252.617753  -253.878878
-252.620580  -253.878526
-252.623172  -253.878953
-252.625480  -253.877746
-252.627139  -253.877371
-220.336221  -219.050168
-220.367471  -219.055237
-220.487426  -219.077510
-220.511199  -219.076687
-220.599845  -219.051261
-220.625910  -219.033579
-220.646867  -219.005876
-220.650918  -219.003513
-220.655372  -218.998946
-220.659240  -219.000345
-220.667193  -219.002962
-220.670789  -219.001494
-220.673600  -218.998093
-220.673441  -218.998360
-220.673860  -218.994295
-201.127449  -201.140910
-201.172176  -201.140636
-201.263269  -201.133143
-201.301272  -201.127559
-201.349540  -201.119265
-201.378685  -201.115375
-201.402918  -201.113479
-201.420819  -201.114344
-201.440003  -201.116158
-201.455165  -201.117102
-201.468342  -201.118172
-201.482388  -201.119413
-201.502621  -201.119696
-201.521104  -201.119803
-201.537199  -201.119667
-192.868027  -190.510579
-192.885660  -190.511832
-192.932977  -190.515381
-192.952776  -190.517581
-192.970131  -190.520909
-192.986861  -190.525538
-192.998346  -190.530066
-193.007701  -190.534178
-193.019677  -190.538842
-193.033323  -190.543569
-193.045543  -190.544247
-193.062983  -190.543017
-193.071303  -190.541811
-193.089519  -190.538121
-193.098683  -190.537160
-216.479713  -217.512325
-216.556032  -217.517378
-216.774959  -217.529076
-216.821540  -217.533840
-216.919023  -217.542752
-216.942216  -217.545639
-216.994629  -217.551458
-217.023700  -217.551757
-217.056424  -217.548630
-217.097313  -217.536360
-217.122644  -217.532190
-217.153038  -217.503909
-217.170253  -217.512148
-217.183461  -217.511009
-217.196333  -217.502875
-153.105940  -151.613690
-153.118122  -151.613887
-153.160737  -151.613639
-153.174615  -151.612860
-153.185832  -151.612906
-153.202141  -151.613171
-153.212698  -151.613282
-153.223624  -151.613558
-153.236518  -151.613239
-153.247383  -151.612748
-153.258377  -151.611820
-153.265396  -151.611840
-153.272086  -151.612707
-153.275561  -151.607696
-153.287112  -151.611435
-207.457163  -207.294218
-207.561750  -207.304948
-207.857898  -207.343656
-207.956513  -207.358010
-208.087726  -207.373374
-208.148653  -207.376421
-208.232430  -207.378126
-208.263640  -207.377982
-208.338132  -207.373530
-208.386603  -207.372332
-208.481221  -207.360683
-208.518163  -207.367561
-208.574095  -207.371853
-208.596237  -207.373621
-208.621388  -207.370599
-335.648600  -337.085032
-335.685343  -337.085426
-335.812359  -337.078816
-335.845712  -337.073426
-335.908486  -337.060404
-335.941472  -337.051956
-335.966777  -337.045493
-335.988343  -337.042397
-336.009986  -337.040684
-336.035120  -337.038058
-336.056316  -337.037803
-336.083539  -337.038795
-336.102393  -337.039254
-336.120192  -337.039183
-336.139005  -337.037060
-286.020058  -284.387928
-286.039151  -284.388381
-286.090117  -284.388516
-286.101491  -284.388426
-286.119102  -284.388053
-286.130057  -284.388015
-286.139513  -284.388837
-286.148388  -284.389641
-286.152658  -284.390470
-286.162589  -284.392190
-286.172565  -284.393527
-286.183907  -284.395924
-286.192085  -284.396483
-286.217371  -284.398918
-286.230696  -284.400698
-96.763148  -97.153801
-96.782142  -97.155433
-96.827135  -97.158547
-96.836959  -97.159574
-96.855571  -97.161838
-96.861180  -97.162424
-96.868377  -97.162695
-96.872546  -97.162472
-96.877088  -97.162460
-96.880700  -97.162860
-96.885349  -97.163766
-96.890412  -97.165051
-96.893043  -97.165368
-96.895764  -97.165687
-96.898197  -97.165920
-304.999503  -301.907588
-305.036930  -301.909033
-305.211570  -301.906892
-305.243328  -301.901929
-305.285220  -301.892430
-305.311143  -301.889143
-305.334107  -301.891249
-305.357354  -301.890638
-305.376881  -301.891764
-305.399828  -301.893080
-305.415087  -301.892570
-305.430711  -301.893554
-305.450788  -301.897608
-305.460690  -301.901550
-305.470625  -301.906811
-105.867188  -107.124841
-105.883892  -107.129924
-105.927913  -107.158406
-105.936143  -107.156782
-105.950372  -107.159048
-105.956100  -107.165408
-105.957806  -107.166590
-105.959653  -107.165439
-105.960594  -107.166139
-206.053486  -206.804798
-206.056520  -206.805575
-206.064345  -206.808888
-206.068426  -206.812313
-206.069763  -206.813570
-206.072640  -206.814388
-206.073502  -206.815801
-206.074501  -206.816640
-197.641915  -196.417012
-197.686123  -196.418750
-197.784207  -196.414195
-197.810321  -196.414285
-197.891556  -196.406976
-197.911922  -196.408162
-197.966246  -196.394310
-197.992170  -196.403606
-198.012899  -196.405356
-198.049578  -196.398251
-198.071216  -196.393228
-198.124581  -196.367849
-198.141859  -196.365920
-198.046001  -196.290233
-198.183884  -196.352098
-281.967899  -278.791799
-281.975651  -278.792064
-281.994439  -278.792219
-282.003224  -278.791758
-282.008881  -278.792198
-282.025206  -278.794521
-282.032941  -278.796343
-282.038470  -278.797912
-282.046116  -278.800245
-282.049902  -278.801149
-282.052610  -278.801219
-282.054491  -278.801031
-282.059739  -278.801269
-282.063215  -278.801348
-282.067276  -278.801739
-282.896683  -283.163872
-282.925779  -283.166247
-283.056792  -283.183498
-283.102938  -283.198917
-283.121526  -283.203015
-283.225658  -283.231578
-283.248689  -283.228648
-283.275366  -283.226937
-283.324968  -283.221513
-283.366492  -283.215040
-283.408593  -283.211338
-283.436727  -283.215484
-283.476211  -283.226137
-283.513845  -283.239463
-283.556344  -283.255548
-258.837371  -259.887156
-258.853265  -259.887279
-258.898647  -259.883097
-258.917228  -259.877477
-258.936712  -259.871580
-258.947147  -259.826343
-258.977621  -259.848188
-258.985765  -259.850086
-259.003921  -259.841663
-259.018106  -259.829831
-259.036491  -259.806329
-259.050832  -259.797745
-259.073648  -259.786350
-259.085530  -259.778948
-259.102566  -259.780784
-210.233074  -211.730744
-210.297576  -211.732181
-210.445838  -211.727593
-210.486123  -211.726072
-210.567037  -211.719575
-210.590114  -211.719050
-210.617846  -211.715341
-210.630052  -211.716820
-210.659045  -211.715890
-210.672940  -211.714310
-210.689041  -211.712733
-210.704115  -211.711698
-210.714637  -211.714962
-210.732352  -211.721052
-210.740253  -211.724837
-215.703019  -217.658696
-215.736759  -217.662323
-215.845107  -217.672949
-215.867530  -217.674150
-215.912983  -217.672036
-215.925987  -217.672592
-215.946286  -217.671355
-215.959687  -217.668353
-215.977577  -217.659307
-215.990610  -217.659725
-216.019170  -217.645906
-216.034073  -217.651392
-216.045219  -217.652762
-216.065543  -217.648134
-216.078917  -217.640710
-257.001103  -259.179922
-257.011965  -259.183443
-257.059561  -259.205829
-257.073428  -259.221818
-257.079468  -259.224980
-257.095757  -259.227645
-257.111138  -259.237219
-257.119414  -259.251633
-257.126457  -259.252491
-257.134754  -259.247191
-257.139504  -259.251662
-257.141863  -259.252844
-257.145822  -259.252929
-257.152185  -259.254521
-257.153700  -259.255556
-212.419228  -216.123294
-212.457244  -216.125174
-212.572802  -216.135159
-212.600713  -216.138875
-212.632940  -216.146680
-212.646983  -216.150415
-212.664160  -216.152365
-212.677241  -216.149805
-212.685786  -216.144804
-212.696311  -216.134564
-212.701620  -216.131710
-212.711506  -216.126329
-212.715635  -216.129349
-212.721270  -216.138980
-212.725982  -216.146054
-298.735764  -296.108428
-298.767029  -296.108523
-298.854641  -296.105730
-298.882742  -296.105033
-298.929769  -296.105147
-298.954578  -296.107714
-298.978524  -296.112649
-298.997390  -296.117480
-299.019756  -296.122282
-299.044392  -296.125719
-299.066050  -296.127038
-299.090428  -296.127435
-299.114058  -296.127890
-299.140025  -296.127999
-299.154844  -296.129780
-260.437413  -260.469361
-260.448894  -260.469402
-260.491441  -260.468544
-260.505812  -260.467808
-260.516497  -260.468080
-260.530841  -260.469914
-260.542637  -260.472309
-260.549676  -260.474307
-260.554851  -260.475607
-260.567195  -260.478575
-260.571834  -260.480484
-260.575223  -260.481914
-260.581269  -260.487049
-260.583725  -260.487834
-260.585880  -260.487716
-192.017415  -190.494188
-192.050025  -190.495347
-192.127401  -190.495912
-192.148199  -190.495895
-192.196565  -190.492631
-192.213605  -190.490906
-192.241294  -190.475099
-192.257030  -190.479494
-192.272466  -190.478087
-192.287084  -190.472149
-192.303337  -190.462646
-192.316511  -190.458447
-192.339368  -190.448234
-192.350561  -190.452988
-192.372208  -190.462674
-265.028253  -265.678668
-265.057622  -265.680504
-265.151952  -265.683566
-265.177779  -265.682886
-265.255861  -265.676473
-265.301114  -265.673343
-265.371270  -265.666285
-265.402820  -265.663578
-265.450249  -265.659551
-265.479037  -265.662115
-265.520826  -265.665645
-265.548092  -265.670515
-265.574437  -265.672031
-265.592501  -265.674334
-265.615950  -265.683558
-287.280307  -284.539657
-287.291087  -284.539835
-287.328968  -284.539201
-287.342948  -284.537982
-287.355056  -284.537272
-287.367545  -284.537625
-287.381191  -284.534845
-287.387532  -284.536674
-287.393119  -284.536922
-287.399348  -284.537782
-287.403482  -284.537631
-287.414498  -284.536202
-287.418170  -284.536531
-287.422367  -284.536234
-287.425142  -284.537407
-333.549795  -332.364317
-333.559830  -332.363992
-333.596205  -332.360569
-333.609249  -332.358336
-333.623028  -332.357193
-333.634390  -332.357832
-333.644186  -332.358559
-333.648796  -332.359654
-333.658645  -332.361585
-333.662238  -332.361594
-333.665526  -332.359689
-333.668290  -332.359506
-333.674522  -332.356994
-333.676924  -332.356849
-333.678795  -332.355991
-190.048886  -190.275835
-190.081104  -190.276104
-190.197918  -190.268280
-190.228688  -190.266837
-190.312182  -190.256550
-190.338040  -190.259127
-190.403781  -190.260061
-190.437165  -190.257974
-190.487854  -190.246668
-190.520692  -190.248464
-190.583687  -190.242617
-190.611653  -190.246981
-190.656043  -190.242252
-190.682512  -190.239729
-190.720042  -190.226980
-208.406004  -211.168242
-208.454720  -211.170813
-208.630809  -211.183501
-208.676311  -211.188802
-208.785762  -211.204986
-208.816089  -211.204631
-208.864783  -211.199060
-208.883572  -211.196786
-208.911377  -211.192840
-208.927823  -211.195546
-208.955813  -211.197596
-208.968665  -211.198815
-208.990225  -211.194254
-209.005434  -211.190381
-209.018723  -211.188237
-265.930769  -265.434063
-265.949275  -265.438295
-266.012396  -265.463067
-266.027568  -265.472051
-266.055027  -265.487991
-266.079531  -265.502702
-266.094206  -265.508395
-266.109121  -265.513169
-266.119477  -265.514832
-266.131034  -265.518040
-266.141254  -265.524405
-266.150476  -265.530482
-266.164669  -265.541215
-266.174243  -265.543814
-266.186527  -265.546517
-160.827068  -161.450310
-160.855620  -161.450481
-160.954207  -161.445478
-160.974605  -161.446246
-161.037464  -161.449355
-161.060561  -161.450930
-161.101187  -161.454251
-161.135314  -161.458990
-161.167170  -161.465233
-161.184148  -161.468992
-161.209220  -161.472936
-161.225116  -161.475591
-161.240214  -161.477080
-161.248073  -161.478441
-161.258773  -161.478125
-220.307746  -218.806259
-220.362310  -218.806792
-220.467946  -218.804018
-220.509170  -218.805158
-220.581989  -218.808073
-220.605122  -218.814311
-220.645242  -218.828212
-220.667798  -218.832154
-220.740249  -218.840461
-220.762019  -218.840711
-220.803549  -218.838487
-220.828154  -218.841124
-220.869843  -218.842937
-220.889387  -218.848940
-220.908208  -218.854068
-101.136899  -102.222290
-101.150505  -102.221845
-101.176852  -102.217230
-101.181865  -102.217124
-101.190526  -102.218093
-101.196561  -102.217029
-101.201177  -102.215523
-101.205235  -102.214256
-101.208915  -102.214546
-101.212344  -102.216446
-101.214600  -102.217140
-101.213515  -102.219971
-101.220231  -102.218387
-101.221584  -102.217842
-101.224283  -102.217417
-92.093019  -91.761461
-92.098488  -91.761888
-92.115082  -91.762972
-92.119057  -91.763171
-92.125747  -91.763356
-92.129394  -91.763081
-92.134223  -91.762092
-92.137928  -91.758667
-92.140328  -91.759492
-92.142964  -91.758961
-92.144693  -91.758500
-92.147616  -91.757289
-92.149494  -91.752593
-92.151542  -91.754241
-92.152357  -91.755879
-305.799200  -301.919441
-305.827588  -301.920482
-305.907915  -301.921941
-305.938269  -301.921667
-305.975503  -301.920531
-306.010093  -301.917840
-306.033893  -301.914958
-306.057388  -301.911636
-306.079883  -301.907263
-306.098995  -301.904286
-306.114597  -301.901809
-306.127537  -301.898750
-306.139983  -301.897494
-306.152773  -301.896801
-306.160985  -301.894173
-85.571255  -85.961958
-85.583415  -85.962313
-85.623821  -85.962676
-85.637769  -85.962774
-85.647908  -85.964032
-85.659863  -85.967100
-85.670275  -85.970912
-85.676607  -85.973684
-85.680589  -85.975259
-85.684200  -85.975794
-85.686234  -85.974948
-85.684953  -85.968264
-85.690592  -85.972257
-85.692310  -85.972877
-85.694131  -85.972759
-97.699803  -97.241648
-97.703848  -97.241987
-97.718038  -97.242848
-97.721314  -97.242516
-97.724296  -97.241830
-97.726728  -97.241646
-97.729146  -97.241855
-97.730154  -97.242416
-97.731423  -97.243796
-97.733514  -97.245599
-97.734390  -97.246007
-97.737312  -97.246490
-97.738177  -97.246816
-97.740423  -97.247529
-97.741284  -97.247593
-202.972434  -201.782549
-203.009341  -201.784337
-203.108587  -201.787565
-203.126875  -201.789243
-203.166222  -201.792180
-203.181056  -201.794125
-203.200898  -201.797261
-203.216272  -201.799547
-203.233193  -201.802296
-203.243221  -201.804409
-203.246077  -201.812527
-203.265126  -201.812770
-203.273487  -201.815513
-203.286046  -201.823113
-203.297489  -201.833288
-280.966672  -278.426860
-280.973989  -278.427102
-281.002798  -278.427310
-281.015016  -278.425711
-281.023619  -278.424415
-281.034723  -278.422033
-281.039632  -278.420569
-281.046094  -278.415806
-281.050236  -278.413077
-281.056598  -278.410980
-281.060832  -278.408785
-281.065195  -278.407252
-281.067856  -278.406536
-281.072504  -278.402401
-281.074697  -278.402531
-97.566764  -97.271345
-97.570219  -97.271952
-97.581090  -97.274083
-97.583101  -97.274237
-97.586542  -97.273925
-97.588972  -97.268895
-97.593939  -97.271143
-97.595760  -97.270897
-97.598717  -97.269402
-97.599889  -97.267821
-97.601683  -97.268068
-97.600078  -97.264479
-97.610469  -97.267776
-97.612393  -97.267752
-97.617065  -97.266191
-91.765944  -91.665549
-91.774397  -91.667258
-91.805005  -91.675088
-91.814955  -91.678301
-91.826138  -91.681688
-91.837897  -91.684784
-91.851170  -91.687521
-91.862299  -91.688289
-91.875579  -91.686578
-91.881556  -91.685477
-91.899618  -91.677824
-91.907234  -91.673183
-91.915918  -91.663361
-91.918978  -91.665868
-91.923932  -91.664505
-97.653138  -97.354740
-97.660219  -97.354898
-97.680130  -97.353506
-97.687105  -97.352205
-97.693170  -97.350177
-97.695348  -97.350176
-97.697703  -97.350948
-97.699039  -97.351108
-97.700149  -97.351330
-97.701973  -97.350389
-97.703189  -97.350123
-97.704798  -97.348849
-97.706166  -97.348310
-204.328974  -206.291070
-204.365648  -206.294350
-204.454274  -206.305538
-204.475983  -206.310344
-204.503917  -206.317036
-204.528723  -206.321512
-204.552792  -206.323396
-204.567283  -206.321690
-204.575012  -206.318476
-204.581555  -206.316540
-204.592658  -206.312741
-204.598847  -206.313119
-204.607710  -206.315826
-204.612534  -206.319182
-204.621597  -206.326344
-190.160886  -190.019433
-190.344575  -190.036761
-190.691871  -190.071227
-190.857878  -190.091378
-191.135371  -190.130920
-191.294672  -190.147933
-191.452388  -190.172173
-191.524798  -190.183869
-191.609866  -190.197503
-191.660151  -190.202217
-191.720348  -190.205365
-191.771164  -190.206643
-191.828873  -190.207301
-191.863955  -190.208120
-191.899098  -190.209386
-212.456802  -212.561255
-212.528418  -212.569959
-212.706607  -212.604818
-212.746916  -212.615655
-212.855188  -212.672022
-212.900363  -212.668959
-212.946388  -212.675375
-212.996656  -212.692235
-213.032410  -212.708269
-213.067916  -212.726071
-213.095584  -212.733258
-213.139978  -212.742217
-213.161332  -212.741512
-213.192438  -212.740201
-213.216545  -212.739671
-293.510802  -295.667790
-293.570716  -295.667993
-293.755979  -295.655424
-293.797915  -295.648514
-293.858514  -295.637619
-293.917607  -295.619855
-293.964234  -295.609834
-294.022804  -295.600627
-294.046620  -295.599705
-294.071135  -295.601864
-294.097982  -295.600696
-294.122330  -295.602690
-294.150642  -295.603702
-294.164850  -295.606592
-294.186144  -295.618173
-333.673208  -332.250432
-333.688114  -332.252200
-333.734422  -332.259426
-333.746894  -332.260112
-333.776120  -332.258801
-333.792098  -332.254411
-333.805018  -332.249298
-333.824537  -332.239281
-333.836493  -332.233885
-333.847690  -332.229160
-333.856977  -332.229201
-333.867619  -332.224186
-333.874998  -332.221542
-333.885302  -332.215337
-333.892189  -332.215157
-87.052369  -86.321190
-87.056005  -86.321074
-87.069308  -86.319897
-87.076382  -86.317852
-87.079371  -86.317060
-87.082847  -86.317682
-87.088280  -86.318887
-87.089478  -86.319646
-87.091907  -86.320680
-87.093206  -86.321131
-87.097099  -86.322111
-87.098553  -86.321747
-87.101655  -86.321288
-87.104488  -86.320766
-87.106493  -86.320472
-145.351195  -154.919165
-145.606355  -154.923697
-146.925246  -154.964419
-147.413137  -155.000431
-148.352807  -155.132175
-148.860736  -155.251915
-149.291187  -155.296945
-149.781944  -155.299870
-150.200979  -155.263336
-150.617429  -155.219743
-150.934200  -155.218885
-151.187929  -155.248791
-151.360477  -155.279469
-151.545551  -155.311532
-151.713244  -155.334719
-97.677842  -97.538343
-97.688603  -97.538533
-97.721232  -97.536852
-97.728909  -97.536212
-97.744585  -97.533219
-97.751850  -97.533578
-97.761375  -97.533778
-97.767212  -97.527504
-97.774039  -97.528329
-97.780507  -97.527134
-97.784091  -97.525376
-97.787813  -97.514793
-97.792105  -97.520129
-97.793384  -97.523067
-97.796423  -97.523906
-97.387166  -97.093283
-97.388144  -97.093582
-97.391030  -97.095322
-97.391630  -97.095812
-97.392455  -97.096073
-97.391915  -97.096951
-97.392851  -97.096940
-97.393737  -97.095941
-97.393890  -97.096249
-202.337901  -201.605619
-202.383960  -201.608409
-202.509465  -201.614279
-202.537160  -201.615873
-202.591533  -201.618951
-202.615626  -201.620533
-202.645162  -201.621232
-202.659732  -201.622205
-202.682663  -201.622766
-202.693306  -201.622766
-202.705602  -201.618789
-202.715763  -201.621640
-202.726226  -201.623488
-202.735909  -201.623527
-202.745126  -201.621840
-209.438037  -211.682035
-209.530795  -211.692640
-209.660814  -211.712660
-209.705716  -211.718692
-209.818703  -211.737905
-209.849566  -211.737292
-209.927640  -211.733850
-209.975795  -211.733565
-210.057983  -211.731702
-210.107741  -211.732137
-210.200449  -211.732661
-210.274858  -211.738304
-210.392093  -211.744584
-210.466231  -211.753483
-210.573783  -211.757210
-295.371862  -295.693127
-295.389762  -295.693149
-295.460948  -295.689309
-295.478872  -295.684934
-295.491560  -295.683582
-295.517700  -295.683592
-295.530074  -295.684371
-295.537413  -295.683433
-295.543405  -295.684461
-295.556211  -295.686259
-295.560140  -295.684254
-295.563523  -295.681960
-295.566641  -295.679333
-295.570318  -295.677957
-295.572607  -295.679086
-292.106615  -289.889409
-292.135397  -289.890081
-292.239951  -289.888495
-292.265670  -289.888227
-292.312172  -289.888572
-292.330410  -289.890571
-292.349909  -289.894550
-292.363165  -289.896654
-292.373429  -289.897376
-292.388201  -289.897305
-292.402351  -289.895870
-292.420558  -289.894168
-292.439347  -289.893071
-292.454881  -289.894055
-292.471330  -289.896440
-197.180095  -199.083695
-197.249149  -199.114896
-197.294541  -199.119629
-197.427816  -199.180654
-197.592855  -199.194268
-197.642995  -199.215183
-197.801563  -199.308137
-197.875671  -199.365546
-197.974537  -199.442626
-198.061058  -199.497949
-198.132820  -199.539754
-198.225446  -199.594684
-198.334373  -199.662007
-198.414749  -199.685723
-198.475377  -199.702453
-276.578374  -277.744847
-276.592997  -277.746012
-276.660736  -277.750991
-276.678005  -277.750285
-276.698385  -277.746360
-276.721715  -277.736275
-276.736330  -277.726912
-276.751902  -277.716568
-276.767675  -277.710386
-276.786404  -277.694226
-276.799953  -277.686773
-276.825842  -277.666151
-276.844373  -277.662373
-276.905033  -277.631874
-276.949216  -277.593058
-97.387242  -97.100169
-97.389252  -97.100225
-97.394851  -97.099760
-97.396742  -97.099061
-97.398227  -97.098049
-97.400505  -97.096847
-97.403130  -97.092893
-97.404089  -97.093122
-97.404802  -97.095967
-97.405614  -97.094496
-97.406337  -97.094129
-97.407708  -97.092472
-97.408292  -97.093618
-97.409140  -97.094587
-97.409751  -97.095947
-285.894116  -284.367385
-285.903126  -284.368084
-285.937435  -284.369549
-285.953650  -284.369022
-285.973043  -284.367814
-286.005616  -284.362775
-286.023393  -284.361625
-286.053859  -284.361173
-286.073981  -284.358135
-286.094110  -284.353352
-286.107580  -284.351916
-286.131857  -284.352845
-286.150753  -284.351462
-286.176951  -284.343153
-286.193498  -284.342333
-72.661614  -74.154100
-72.670249  -74.154493
-72.699465  -74.156339
-72.707469  -74.158006
-72.720089  -74.162623
-72.730988  -74.167514
-72.746484  -74.175665
-72.757245  -74.182232
-72.765717  -74.186529
-72.772008  -74.188942
-72.775334  -74.188507
-72.779257  -74.190042
-72.782169  -74.190160
-72.786030  -74.191558
-72.787196  -74.192001
-282.245025  -283.605725
-282.283398  -283.605362
-282.407938  -283.600800
-282.443644  -283.600267
-282.514496  -283.604506
-282.590099  -283.613356
-282.643830  -283.620799
-282.710138  -283.630077
-282.780687  -283.639252
-282.886946  -283.651300
-283.026203  -283.662243
-283.185315  -283.674726
-283.313499  -283.688268
-283.459846  -283.705780
-283.554150  -283.738441
-101.308288  -102.194518
-101.310289  -102.194544
-101.315538  -102.194429
-101.316789  -102.193978
-101.317361  -102.194056
-101.312792  -102.194153
-101.319394  -102.194255
-101.319801  -102.194205
-101.320352  -102.194314
-328.789318  -326.085069
-328.802756  -326.083858
-328.854540  -326.074618
-328.870281  -326.068968
-328.880705  -326.067573
-328.897805  -326.068479
-328.908190  -326.069261
-328.916383  -326.069823
-328.924916  -326.070168
-328.936676  -326.065625
-328.940893  -326.065081
-328.951285  -326.062308
-328.954991  -326.063027
-328.959529  -326.061807
-328.964765  -326.062529
-296.702220  -296.064558
-296.716656  -296.063587
-296.773190  -296.057454
-296.802834  -296.049523
-296.815612  -296.050303
-296.853446  -296.058193
-296.868208  -296.063056
-296.883602  -296.068235
-296.897204  -296.070205
-296.920952  -296.068400
-296.932392  -296.065332
-296.952097  -296.056478
-296.963551  -296.051770
-296.978451  -296.049766
-296.998349  -296.051750
-219.990798  -218.227750
-220.052206  -218.229538
-220.179564  -218.228552
-220.203732  -218.230305
-220.265854  -218.233511
-220.282851  -218.235576
-220.312349  -218.239163
-220.327004  -218.240466
-220.357032  -218.242898
-220.374838  -218.242346
-220.411957  -218.243832
-220.435394  -218.246293
-220.460642  -218.250050
-220.482297  -218.254205
-220.506144  -218.258831
-260.443679  -260.745466
-260.453482  -260.745160
-260.472099  -260.742188
-260.479223  -260.738989
-260.484254  -260.737036
-260.496704  -260.731359
-260.503764  -260.723405
-260.509685  -260.721757
-260.516675  -260.722766
-260.525443  -260.718061
-260.528949  -260.713194
-260.538304  -260.685440
-260.545697  -260.692397
-260.554776  -260.698073
-260.562103  -260.696357
-203.749371  -202.000187
-203.795648  -202.002083
-203.944274  -202.001403
-203.969487  -202.002557
-204.020820  -202.003769
-204.036724  -202.005881
-204.077624  -202.012400
-204.094241  -202.012983
-204.118025  -202.015237
-204.128482  -202.017595
-204.146665  -202.025165
-204.156446  -202.026738
-204.172395  -202.030625
-204.182218  -202.033718
-204.196206  -202.037581
-93.028740  -92.037667
-93.031103  -92.037795
-93.039508  -92.038124
-93.043276  -92.037599
-93.045309  -92.037389
-93.047473  -92.037073
-93.048630  -92.036531
-93.050051  -92.035563
-93.050869  -92.031819
-93.051760  -92.032976
-93.052379  -92.032677
-93.052956  -92.033380
-252.692457  -253.830977
-252.726962  -253.835333
-252.873492  -253.864671
-252.901032  -253.873043
-253.073021  -253.940642
-253.104005  -253.952723
-253.176990  -253.968912
-253.244105  -253.976938
-253.295193  -253.980244
-253.341649  -253.986239
-253.379862  -253.995991
-253.443843  -254.019452
-253.502627  -254.042974
-253.588918  -254.078898
-253.711072  -254.121540
-156.751215  -160.172131
-156.795064  -160.178263
-156.914277  -160.202474
-156.951025  -160.212302
-157.026951  -160.240029
-157.048809  -160.244971
-157.089003  -160.255875
-157.111148  -160.260546
-157.153950  -160.273098
-157.177190  -160.276795
-157.228926  -160.292876
-157.254325  -160.295688
-157.297770  -160.310902
-157.321866  -160.310380
-157.359244  -160.312482
-266.401133  -265.903248
-266.413474  -265.903948
-266.459616  -265.904978
-266.472875  -265.904248
-266.517608  -265.901289
-266.558863  -265.889917
-266.573454  -265.891358
-266.599098  -265.889349
-266.608994  -265.887515
-266.623250  -265.882065
-266.631139  -265.879562
-266.639724  -265.879601
-266.646456  -265.877887
-266.649891  -265.878679
-266.643515  -265.878681
-203.393155  -206.231197
-203.429966  -206.234228
-203.540565  -206.241797
-203.581114  -206.242990
-203.689556  -206.240079
-203.745283  -206.240015
-203.875656  -206.235785
-203.913276  -206.239262
-203.976726  -206.237033
-204.005361  -206.242107
-204.046254  -206.245427
-204.079403  -206.246715
-204.106528  -206.245229
-204.126306  -206.246451
-204.132542  -206.242933
-288.104837  -288.639308
-288.127208  -288.639990
-288.192531  -288.640728
-288.212650  -288.638945
-288.240787  -288.633319
-288.263862  -288.626169
-288.281458  -288.620602
-288.297580  -288.618404
-288.313233  -288.621519
-288.333799  -288.627404
-288.349149  -288.633871
-288.371465  -288.643625
-288.383828  -288.648078
-288.399935  -288.651966
-288.413016  -288.653393
-182.145748  -193.515746
-182.193875  -193.507857
-182.334336  -193.458451
-182.356356  -193.446921
-182.381956  -193.431980
-182.397589  -193.436694
-182.422684  -193.455652
-182.434920  -193.460342
-182.444395  -193.460641
-182.448274  -193.459333
-182.456669  -193.457495
-182.466803  -193.458265
-182.475539  -193.458081
-182.482233  -193.463111
-182.488035  -193.470564
-281.712834  -278.693367
-281.717331  -278.693622
-281.736947  -278.695163
-281.744117  -278.696236
-281.747698  -278.697157
-281.740501  -278.704986
-281.763949  -278.703030
-281.766802  -278.703498
-281.774070  -278.705123
-281.778191  -278.705400
-281.783166  -278.705896
-281.786912  -278.705505
-281.793878  -278.704986
-281.796607  -278.705476
-281.799731  -278.707119
-101.165721  -102.180362
-101.182667  -102.179657
-101.223780  -102.174796
-101.232724  -102.171202
-101.237432  -102.169168
-101.242914  -102.168652
-101.249251  -102.166915
-101.251425  -102.167694
-101.254230  -102.169985
-101.255473  -102.170665
-101.257825  -102.170288
-101.260995  -102.169307
-101.262874  -102.168870
-101.264144  -102.168545
-101.265981  -102.168970
-97.387236  -97.091531
-97.389901  -97.092427
-97.399617  -97.098051
-97.401102  -97.100571
-97.403395  -97.100848
-97.405001  -97.100742
-97.405158  -97.100807
-97.406296  -97.100503
-97.406357  -97.099512
-97.406765  -97.099276
-97.407577  -97.099206
-96.693282  -97.169721
-96.709171  -97.170623
-96.746780  -97.173114
-96.757230  -97.174638
-96.772319  -97.178453
-96.780813  -97.179552
-96.792252  -97.181535
-96.799826  -97.182939
-96.811218  -97.185408
-96.819843  -97.187104
-96.828147  -97.192285
-96.837832  -97.193150
-96.845155  -97.195507
-96.849143  -97.198130
-96.854409  -97.200594
-326.670548  -326.073485
-326.712791  -326.072963
-326.875359  -326.059684
-326.921563  -326.050748
-326.991163  -326.038288
-327.052503  -326.027547
-327.092871  -326.024049
-327.137583  -326.024178
-327.176017  -326.021357
-327.225818  -326.010317
-327.258738  -326.006400
-327.306146  -325.999566
-327.330183  -325.999755
-327.367264  -326.006013
-327.393741  -326.008220
-92.983679  -92.023818
-92.991150  -92.024085
-93.011704  -92.023603
-93.019307  -92.021294
-93.025656  -92.019179
-93.035574  -92.015466
-93.043975  -92.013004
-93.048465  -92.012386
-93.051599  -92.010982
-93.053947  -92.011346
-93.057129  -92.013774
-93.059794  -92.014128
-93.062137  -92.013866
-93.069379  -92.010223
-93.072958  -92.011529
-296.523115  -295.099794
-296.543834  -295.100322
-296.616421  -295.101697
-296.632548  -295.104618
-296.675933  -295.116266
-296.702180  -295.124469
-296.722726  -295.126719
-296.762306  -295.126186
-296.784259  -295.123103
-296.806798  -295.118221
-296.824009  -295.116556
-296.853886  -295.115966
-296.872874  -295.117902
-296.897455  -295.121330
-296.916572  -295.124376
-150.004422  -150.965417
-150.026747  -150.966316
-150.080700  -150.965994
-150.096091  -150.965550
-150.116506  -150.965174
-150.128301  -150.965935
-150.143027  -150.967742
-150.157224  -150.970161
-150.180102  -150.973580
-150.195273  -150.975351
-150.208682  -150.976916
-150.230106  -150.977723
-150.243428  -150.979644
-150.267742  -150.984036
-150.277162  -150.986087
-86.870267  -86.277417
-86.876940  -86.278326
-86.901239  -86.281478
-86.908585  -86.281417
-86.923106  -86.278265
-86.929511  -86.277080
-86.939908  -86.273316
-86.944391  -86.265166
-86.947523  -86.268379
-86.951226  -86.270057
-86.953870  -86.271801
-86.958031  -86.271050
-86.953474  -86.264050
-86.964646  -86.268364
-86.966291  -86.268212
-332.813489  -335.587309
-332.844852  -335.586848
-332.950929  -335.577344
-332.980645  -335.571415
-333.023976  -335.562043
-333.063562  -335.547220
-333.082748  -335.543050
-333.113229  -335.538921
-333.134209  -335.535916
-333.166968  -335.528750
-333.192107  -335.523598
-333.218282  -335.521149
-333.237096  -335.520112
-333.250213  -335.519471
-333.263642  -335.520179
-280.158383  -278.090995
-280.164150  -278.090807
-280.188970  -278.087636
-280.196883  -278.085052
-280.202342  -278.083163
-280.209751  -278.076279
-280.212814  -278.077810
-280.216815  -278.077320
-280.218747  -278.077676
-280.222108  -278.076807
-280.223520  -278.076716
-279.936559  -278.042984
-280.229111  -278.075561
-280.229864  -278.075180
-280.234077  -278.075145
-290.427921  -289.574985
-290.448484  -289.575214
-290.535931  -289.574426
-290.562352  -289.575092
-290.614712  -289.578183
-290.663386  -289.582153
-290.707536  -289.588162
-290.738757  -289.594709
-290.768124  -289.599974
-290.802946  -289.604062
-290.835825  -289.605253
-290.872076  -289.605776
-290.909200  -289.608015
-290.952624  -289.611844
-290.979606  -289.616105
-97.310614  -97.103660
-97.316423  -97.105044
-97.337799  -97.111865
-97.346649  -97.116479
-97.353352  -97.120088
-97.358942  -97.124708
-97.362909  -97.125449
-97.366827  -97.125489
-97.369117  -97.125891
-97.370557  -97.125445
-97.372895  -97.124876
-97.381743  -97.121620
-97.386909  -97.117318
-97.392535  -97.112716
-97.400263  -97.105072
-209.290693  -211.627188
-209.366094  -211.628305
-209.515400  -211.615893
-209.557547  -211.612366
-209.644926  -211.601675
-209.667415  -211.605241
-209.717758  -211.614434
-209.746797  -211.622459
-209.797551  -211.635668
-209.840085  -211.640223
-209.885766  -211.640355
-209.914333  -211.640524
-209.966191  -211.642624
-209.996649  -211.648425
-210.035835  -211.658341
-179.394461  -178.275869
-179.424444  -178.278730
-179.494539  -178.282978
-179.517775  -178.283805
-179.565183  -178.281609
-179.576212  -178.282706
-179.597884  -178.284754
-179.610762  -178.285849
-179.627430  -178.286347
-179.638150  -178.289106
-179.663522  -178.297032
-179.675753  -178.301667
-179.698242  -178.313413
-179.705864  -178.314892
-179.718039  -178.321305
-147.782763  -150.010301
-147.825080  -150.012714
-147.898508  -150.016264
-147.925278  -150.018929
-147.954824  -150.024626
-147.989772  -150.033301
-148.021920  -150.042008
-148.046307  -150.047066
-148.074546  -150.050962
-148.095939  -150.052029
-148.113123  -150.050838
-148.129267  -150.048616
-148.147259  -150.046427
-148.161828  -150.047087
-148.176521  -150.048474
-259.124373  -260.228412
-259.132874  -260.229692
-259.165611  -260.235952
-259.183978  -260.242318
-259.193679  -260.244366
-259.209857  -260.245473
-259.215835  -260.244649
-259.222053  -260.242353
-259.230842  -260.237234
-259.238819  -260.229954
-259.244465  -260.223650
-259.252294  -260.212223
-259.255743  -260.210323
-259.261100  -260.209173
-259.267788  -260.202977
-265.556171  -266.657346
-265.614383  -266.664919
-265.854431  -266.712231
-265.885916  -266.717708
-266.017049  -266.732479
-266.049436  -266.731554
-266.093231  -266.728708
-266.126105  -266.725192
-266.158147  -266.721021
-266.183524  -266.715816
-266.202036  -266.713408
-266.226881  -266.709721
-266.248753  -266.704425
-266.271028  -266.697538
-266.298084  -266.688435
-278.970981  -278.243003
-278.996689  -278.243418
-279.107385  -278.241058
-279.134333  -278.238722
-279.177153  -278.234289
-279.212237  -278.230270
-279.239243  -278.227854
-279.263847  -278.227478
-279.292392  -278.228813
-279.319886  -278.232796
-279.343566  -278.238956
-279.361542  -278.244500
-279.379083  -278.250371
-279.397775  -278.258203
-279.413476  -278.264813
-189.873467  -190.151178
-189.948539  -190.161946
-190.090591  -190.189675
-190.136690  -190.201458
-190.228073  -190.230475
-190.277375  -190.243467
-190.356218  -190.263342
-190.413494  -190.274387
-190.484314  -190.284661
-190.541150  -190.291595
-190.588571  -190.297615
-190.630257  -190.303126
-190.665078  -190.307492
-190.689733  -190.310385
-190.713980  -190.312593
-254.152199  -254.905733
-254.169903  -254.905270
-254.242112  -254.897635
-254.261630  -254.889019
-254.268987  -254.886507
-254.298607  -254.869998
-254.307164  -254.868033
-254.321492  -254.871699
-254.336172  -254.870991
-254.346340  -254.869499
-254.355814  -254.870845
-254.364562  -254.874550
-254.369483  -254.877785
-254.376344  -254.881442
-254.381330  -254.882164
-91.782514  -91.694637
-91.790479  -91.696040
-91.814745  -91.701775
-91.819651  -91.703243
-91.829063  -91.705974
-91.832749  -91.706850
-91.837106  -91.707563
-91.839363  -91.707167
-91.844052  -91.706022
-91.847734  -91.704301
-91.853115  -91.700862
-91.859505  -91.690328
-91.864587  -91.693239
-91.871855  -91.692085
-91.875068  -91.689736
-281.872491  -278.768271
-281.877678  -278.768823
-281.888105  -278.770127
-281.892912  -278.771066
-281.895897  -278.771435
-281.903916  -278.772499
-281.906515  -278.772376
-281.910847  -278.771634
-281.912748  -278.771235
-281.914429  -278.770680
-281.915366  -278.770408
-281.917965  -278.768891
-281.918576  -278.769169
-281.919155  -278.771566
-281.921423  -278.771060
-290.722731  -289.343735
-290.746380  -289.344784
-290.845275  -289.345688
-290.871793  -289.343282
-290.901543  -289.338793
-290.926543  -289.334332
-290.946130  -289.331106
-290.958545  -289.330915
-290.977422  -289.328921
-290.993132  -289.330171
-291.026625  -289.334149
-291.068234  -289.334579
-291.101038  -289.336142
-291.188108  -289.337084
-291.251295  -289.348961
-187.235730  -185.789523
-187.268349  -185.789987
-187.349802  -185.785785
-187.377555  -185.781536
-187.405848  -185.777640
-187.433600  -185.774386
-187.455822  -185.773614
-187.480370  -185.770156
-187.497000  -185.773552
-187.526673  -185.779108
-187.538874  -185.777793
-187.568558  -185.766772
-187.583867  -185.774399
-187.606022  -185.786232
-187.625890  -185.791410
-283.552619  -283.414765
-283.560079  -283.414793
-283.590015  -283.413254
-283.599083  -283.411545
-283.605811  -283.410309
-283.613128  -283.408851
-283.616845  -283.407526
-283.621445  -283.404695
-283.624056  -283.402712
-283.626601  -283.401800
-283.629190  -283.397598
-283.629691  -283.398430
-283.631633  -283.397294
-267.043740  -265.982381
-267.061864  -265.983128
-267.117167  -265.983905
-267.138193  -265.983138
-267.163097  -265.982861
-267.185816  -265.983156
-267.197004  -265.983878
-267.205874  -265.985099
-267.213745  -265.986044
-267.221400  -265.987713
-267.229530  -265.989905
-267.233546  -265.991704
-267.238646  -265.995679
-267.242323  -265.997350
-267.247219  -266.000614
-271.347846  -272.327197
-271.359018  -272.330704
-271.395348  -272.348959
-271.408002  -272.361269
-271.426195  -272.370563
-271.450767  -272.379624
-271.486452  -272.393153
-271.502807  -272.393555
-271.535901  -272.398618
-271.580097  -272.392366
-271.603441  -272.393622
-271.642724  -272.402550
-271.668347  -272.412822
-271.691215  -272.420565
-271.750428  -272.437276
-205.182705  -206.509156
-205.240428  -206.513500
-205.394656  -206.526596
-205.434676  -206.531525
-205.536411  -206.547539
-205.566254  -206.551114
-205.657977  -206.566735
-205.695366  -206.574013
-205.745361  -206.586328
-205.783277  -206.596796
-205.858583  -206.622856
-205.908523  -206.639452
-205.987772  -206.670955
-206.033679  -206.685097
-206.101969  -206.704068
-278.503261  -278.513025
-278.565187  -278.517670
-278.669185  -278.524082
-278.693483  -278.525896
-278.770555  -278.533178
-278.807194  -278.536519
-278.839366  -278.538494
-278.873618  -278.539177
-278.906074  -278.538121
-278.936765  -278.535206
-278.968827  -278.531148
-279.003256  -278.524114
-279.029619  -278.517830
-279.061720  -278.505588
-279.083177  -278.501569
-97.645283  -97.240024
-97.647048  -97.240492
-97.656256  -97.242759
-97.661117  -97.244330
-97.663604  -97.244962
-97.665943  -97.245350
-97.667933  -97.245140
-97.669910  -97.244524
-97.670749  -97.243845
-97.672383  -97.243831
-97.673175  -97.242361
-97.676240  -97.243868
-97.676777  -97.244628
-97.679235  -97.245723
-97.680906  -97.246555
-258.345887  -260.362890
-258.359434  -260.363794
-258.418933  -260.366394
-258.442275  -260.366562
-258.457017  -260.366959
-258.476402  -260.367446
-258.488101  -260.367415
-258.501685  -260.365879
-258.510616  -260.364824
-258.521931  -260.363942
-258.530701  -260.361319
-258.534896  -260.361165
-258.542225  -260.356198
-258.546681  -260.357681
-258.551311  -260.357005
-97.635988  -97.283011
-97.638329  -97.283178
-97.647465  -97.283389
-97.651818  -97.282656
-97.653825  -97.282318
-97.659130  -97.282082
-97.661346  -97.281385
-97.662385  -97.281295
-97.662723  -97.281740
-92.856586  -92.085766
-92.859746  -92.085673
-92.869097  -92.084268
-92.872281  -92.082465
-92.875012  -92.081213
-92.880082  -92.078700
-92.881077  -92.078109
-92.883582  -92.077084
-92.884492  -92.076526
-92.885314  -92.076694
-92.886617  -92.077073
-92.886946  -92.079031
-92.888056  -92.079167
-92.889751  -92.079887
-92.891368  -92.079714
-334.376318  -332.495746
-334.398580  -332.496014
-334.454881  -332.492846
-334.471015  -332.489762
-334.491424  -332.484615
-334.505994  -332.479301
-334.519301  -332.477976
-334.534721  -332.468108
-334.542794  -332.472358
-334.553814  -332.475866
-334.558810  -332.477877
-334.566797  -332.479872
-334.571657  -332.479928
-334.575754  -332.480868
-334.578228  -332.482587
-301.531511  -301.715245
-301.545565  -301.719072
-301.607177  -301.744745
-301.618763  -301.746238
-301.639415  -301.744517
-301.649558  -301.743719
-301.659222  -301.742113
-301.667855  -301.740082
-301.673271  -301.730276
-301.681837  -301.735075
-301.688338  -301.737232
-301.699255  -301.738307
-301.709885  -301.736577
-301.715049  -301.735752
-301.726691  -301.734973
-192.483774  -199.323858
-192.540158  -199.331266
-192.699236  -199.360713
-192.737545  -199.363630
-192.798889  -199.360460
-192.820609  -199.354646
-192.876339  -199.329975
-192.897976  -199.324962
-192.926755  -199.300193
-192.947072  -199.309743
-192.977436  -199.312893
-193.006838  -199.302639
-193.045073  -199.269689
-193.069730  -199.254487
-193.027555  -199.149119
-323.682864  -325.499339
-323.743838  -325.503645
-323.939410  -325.516394
-323.988885  -325.518152
-324.107909  -325.517570
-324.162071  -325.512112
-324.228470  -325.497624
-324.290355  -325.479133
-324.352657  -325.459844
-324.407292  -325.447132
-324.457536  -325.443203
-324.507773  -325.444284
-324.557527  -325.445566
-324.598933  -325.448573
-324.639559  -325.449011
-266.053534  -267.667247
-266.068876  -267.667025
-266.191757  -267.655951
-266.209231  -267.657375
-266.284121  -267.670929
-266.295920  -267.672778
-266.308995  -267.674519
-266.330205  -267.681005
-266.338313  -267.683695
-266.344558  -267.687942
-266.348989  -267.688728
-266.359238  -267.686656
-266.365981  -267.686094
-266.369757  -267.687884
-266.379195  -267.687063
-178.146285  -178.622728
-178.171133  -178.623416
-178.243221  -178.623453
-178.268559  -178.623558
-178.294434  -178.625725
-178.312342  -178.629544
-178.328376  -178.634314
-178.341506  -178.637715
-178.351814  -178.638556
-178.359840  -178.636918
-178.369247  -178.632165
-178.376400  -178.630078
-178.394562  -178.624167
-178.402740  -178.623672
-178.410451  -178.619630
-174.334877  -173.821043
-174.350923  -173.821915
-174.396686  -173.824657
-174.414124  -173.826913
-174.433153  -173.830987
-174.447226  -173.834655
-174.466490  -173.841879
-174.475446  -173.843496
-174.492929  -173.846439
-174.499549  -173.846256
-174.510616  -173.845976
-174.516781  -173.846617
-174.521932  -173.847738
-174.526811  -173.849575
-174.530783  -173.851463
-216.069172  -217.870678
-216.127251  -217.874832
-216.256592  -217.885167
-216.308776  -217.890018
-216.399651  -217.901075
-216.452592  -217.906283
-216.516090  -217.911782
-216.559721  -217.914707
-216.611046  -217.916252
-216.640626  -217.915834
-216.673239  -217.912802
-216.705364  -217.905662
-216.744158  -217.892304
-216.778499  -217.881987
-216.811755  -217.871641
-246.479968  -247.185706
-246.489386  -247.184963
-246.516589  -247.181582
-246.528544  -247.179157
-246.535199  -247.180091
-246.551628  -247.183635
-246.556860  -247.184956
-246.560364  -247.185453
-246.564331  -247.185336
-246.566991  -247.185218
-246.569585  -247.184435
-246.570891  -247.184370
-246.572242  -247.184770
-246.573807  -247.184476
-246.575147  -247.184019
-108.480506  -108.231786
-108.481728  -108.232019
-108.485874  -108.233049
-108.487029  -108.233711
-108.488300  -108.234521
-108.489588  -108.235514
-108.490623  -108.235927
-108.491864  -108.236515
-108.492494  -108.236800
-108.492841  -108.236301
-108.493679  -108.236150
-93.030191  -92.035149
-93.031938  -92.035276
-93.036077  -92.035520
-93.039925  -92.035448
-93.040523  -92.035556
-93.040813  -92.035889
-93.041583  -92.035866
-93.042234  -92.035892
-304.851246  -301.817454
-304.901273  -301.819681
-305.055979  -301.825351
-305.126562  -301.829291
-305.217430  -301.836949
-305.275278  -301.844319
-305.342526  -301.855369
-305.389260  -301.864202
-305.451859  -301.874880
-305.511431  -301.882920
-305.549477  -301.885828
-305.603184  -301.887723
-305.660698  -301.888580
-305.706502  -301.889398
-305.739422  -301.890378
-186.926303  -185.343891
-186.954871  -185.346855
-187.041872  -185.358240
-187.076356  -185.365384
-187.129966  -185.381224
-187.168421  -185.392493
-187.242511  -185.415397
-187.298861  -185.430492
-187.380122  -185.448790
-187.448058  -185.459140
-187.530839  -185.467208
-187.593718  -185.472569
-187.644480  -185.474076
-187.682188  -185.480307
-187.717991  -185.483339
-104.172353  -102.990925
-104.185469  -102.993629
-104.241121  -103.011050
-104.253722  -103.018481
-104.267718  -103.029686
-104.276579  -103.037457
-104.286554  -103.047733
-104.293874  -103.053548
-104.305123  -103.060780
-104.312693  -103.066371
-104.317881  -103.071678
-104.321101  -103.074356
-104.322232  -103.074332
-104.322859  -103.072666
-104.323834  -103.073840
-97.432023  -97.298009
-97.436669  -97.299267
-97.462257  -97.305896
-97.473585  -97.309769
-97.482036  -97.311375
-97.495513  -97.311907
-97.505911  -97.310929
-97.515033  -97.309509
-97.524111  -97.306493
-97.531181  -97.306834
-97.544601  -97.307500
-97.549545  -97.307813
-97.556344  -97.307253
-97.561254  -97.306897
-97.569398  -97.305497
-267.324604  -266.798894
-267.335838  -266.798730
-267.387294  -266.796053
-267.405321  -266.793431
-267.417154  -266.793296
-267.437267  -266.794564
-267.447841  -266.794985
-267.457205  -266.795995
-267.474073  -266.795509
-267.483137  -266.793518
-267.494442  -266.788349
-267.507029  -266.782755
-267.512766  -266.746717
-267.533112  -266.765681
-267.540724  -266.766111
-259.657484  -260.059863
-259.666517  -260.060325
-259.685489  -260.060501
-259.694567  -260.059904
-259.701941  -260.059463
-259.711667  -260.058907
-259.717173  -260.058104
-259.721216  -260.055214
-259.724458  -260.055552
-259.731519  -260.054041
-259.733054  -260.054158
-259.737728  -260.053698
-259.740633  -260.054037
-259.744578  -260.053678
-259.746865  -260.052629
-289.840123  -289.918605
-289.862839  -289.922929
-289.937031  -289.944522
-289.957637  -289.950529
-289.974539  -289.952944
-289.999324  -289.949401
-290.011272  -289.943544
-290.031992  -289.926620
-290.043123  -289.914560
-290.052483  -289.904359
-290.059364  -289.898074
-290.065464  -289.895885
-290.070514  -289.889602
-290.074743  -289.887730
-290.078723  -289.880523
-264.817149  -266.388301
-264.834473  -266.387189
-264.875032  -266.380504
-264.903590  -266.370824
-264.926255  -266.364921
-264.968640  -266.350948
-264.987490  -266.348904
-265.016960  -266.349642
-265.043281  -266.343026
-265.069739  -266.335338
-265.097031  -266.324009
-265.113931  -266.320495
-265.125515  -266.323797
-265.141857  -266.315442
-265.156381  -266.308285
-250.678539  -253.864766
-250.707441  -253.868549
-250.851308  -253.892488
-250.936688  -253.914501
-250.984426  -253.927450
-251.078212  -253.951749
-251.132411  -253.955749
-251.227976  -253.964219
-251.286844  -253.966995
-251.342988  -253.963398
-251.375523  -253.964274
-251.404945  -253.959274
-251.434977  -253.966161
-251.467384  -253.971657
-251.493740  -253.975879
-219.058325  -218.268946
-219.138081  -218.273570
-219.309293  -218.280336
-219.350056  -218.285892
-219.443064  -218.300846
-219.474453  -218.304290
-219.511411  -218.308236
-219.563001  -218.312138
-219.598376  -218.312118
-219.630115  -218.308241
-219.647779  -218.306369
-219.681299  -218.299862
-219.692766  -218.299578
-219.714045  -218.294256
-219.728288  -218.298669
-265.364667  -265.565903
-265.380819  -265.567928
-265.425798  -265.571893
-265.443117  -265.570789
-265.461380  -265.565859
-265.487662  -265.552513
-265.500702  -265.538080
-265.509576  -265.532120
-265.526483  -265.522844
-265.533532  -265.517642
-265.539349  -265.512531
-265.544293  -265.512478
-265.550614  -265.515651
-265.552956  -265.512188
-265.556734  -265.507752
-251.529396  -253.776648
-251.552312  -253.775387
-251.656997  -253.760409
-251.674953  -253.757409
-251.715061  -253.752151
-251.741370  -253.745810
-251.760951  -253.744115
-251.801361  -253.748628
-251.835485  -253.747583
-251.859526  -253.747446
-252.011315  -253.731916
-252.054353  -253.724595
-252.133957  -253.713496
-252.178243  -253.710487
-252.273367  -253.710209
-285.730091  -284.689557
-285.746823  -284.690245
-285.808510  -284.691283
-285.823679  -284.690930
-285.845140  -284.690716
-285.868140  -284.690814
-285.879115  -284.692137
-285.886021  -284.695271
-285.893786  -284.698299
-285.897847  -284.700474
-285.900799  -284.706768
-285.903542  -284.705325
-285.906495  -284.706264
-285.908672  -284.707401
-285.912163  -284.709632
-93.018625  -92.033836
-93.020561  -92.034130
-93.027019  -92.035169
-93.030341  -92.035947
-93.031585  -92.036579
-93.033176  -92.036607
-93.034802  -92.036205
-93.036223  -92.036379
-93.037963  -92.036372
-97.554177  -97.337300
-97.558557  -97.338165
-97.586259  -97.344514
-97.591706  -97.345648
-97.592052  -97.345733
-97.600355  -97.346304
-97.603621  -97.345992
-97.608858  -97.344842
-97.612347  -97.343566
-97.615373  -97.340588
-97.618320  -97.339845
-97.624038  -97.339757
-97.626539  -97.339273
-97.631731  -97.337385
-97.634522  -97.335115
-180.318872  -179.499592
-180.371883  -179.502338
-180.483432  -179.505087
-180.507614  -179.506154
-180.554579  -179.508682
-180.579851  -179.511182
-180.624900  -179.515938
-180.656677  -179.519337
-180.692827  -179.522870
-180.713335  -179.524833
-180.742328  -179.527233
-180.764279  -179.529972
-180.793073  -179.533895
-180.809740  -179.536059
-180.831117  -179.537850
-108.376058  -108.244697
-108.397870  -108.243653
-108.481302  -108.226593
-108.492974  -108.226820
-108.519937  -108.220435
-108.529176  -108.215202
-108.538813  -108.210915
-108.546071  -108.197105
-108.552180  -108.202415
-108.556397  -108.207052
-108.559123  -108.207113
-108.563226  -108.203013
-108.565631  -108.199458
-108.567322  -108.199350
-108.569785  -108.202535
-183.952695  -183.848779
-183.992331  -183.849071
-184.103731  -183.843013
-184.149296  -183.840335
-184.211589  -183.830670
-184.225909  -183.831045
-184.241491  -183.830223
-184.251783  -183.827604
-184.264154  -183.821621
-184.273810  -183.816680
-184.282977  -183.809468
-184.291774  -183.809373
-184.307608  -183.813041
-184.314233  -183.810692
-184.317913  -183.792152
-334.235182  -332.385355
-334.251913  -332.384271
-334.319693  -332.374967
-334.343888  -332.367656
-334.360084  -332.364780
-334.401304  -332.359329
-334.427269  -332.358946
-334.449635  -332.361403
-334.462817  -332.361317
-334.475236  -332.363081
-334.489888  -332.363667
-334.503061  -332.364727
-334.509639  -332.365749
-334.520067  -332.368641
-334.524526  -332.371430
-200.348423  -201.362338
-200.415904  -201.367669
-200.545076  -201.376993
-200.579742  -201.379091
-200.653260  -201.376509
-200.672773  -201.377476
-200.710528  -201.376876
-200.725409  -201.374816
-200.745787  -201.371383
-200.761923  -201.369515
-200.777960  -201.368559
-200.790572  -201.372334
-200.804057  -201.377759
-200.811560  -201.377467
-200.830114  -201.375221
-217.086911  -217.780956
-217.149163  -217.788054
-217.302682  -217.804730
-217.352208  -217.805440
-217.440894  -217.802779
-217.480604  -217.801830
-217.555569  -217.796391
-217.596988  -217.793844
-217.650786  -217.784089
-217.679256  -217.778631
-217.724676  -217.756459
-217.746968  -217.751491
-217.771732  -217.741684
-217.787026  -217.738963
-217.803247  -217.733547
-171.021357  -236.297071
-23.180368  -127.988147
-172.058613  -236.720891
-123.955260  -214.336581
-173.595033  -242.539334
-120.643837  -209.212890
-150.903648  -236.060635
-15.933353  -132.173316
-170.782981  -242.502915
-23.298194  -140.178583
-91.899825  -231.518817
-111.150247  -227.984593
-170.486249  -247.931981
86.052108  -101.415355
-290.686710  -289.513452
-290.712905  -289.514651
-290.802226  -289.517478
-290.819121  -289.518275
-290.862223  -289.519387
-290.872716  -289.519768
-290.890540  -289.520507
-290.901454  -289.520133
-290.912590  -289.519390
-290.923993  -289.518471
-290.935484  -289.513302
-290.941760  -289.514000
-290.954230  -289.514511
-290.963635  -289.512695
-290.968257  -289.511594
-336.511349  -337.980380
-336.541234  -337.982968
-336.652408  -337.995794
-336.678148  -338.001034
-336.710037  -338.008968
-336.738453  -338.017660
-336.762247  -338.025625
-336.790945  -338.038639
-336.817361  -338.050719
-336.853164  -338.073865
-336.875539  -338.082604
-336.906517  -338.092040
-336.935104  -338.112723
-336.963111  -338.126576
-337.019242  -338.150111
-276.860772  -277.580871
-276.926437  -277.585959
-277.228211  -277.606328
-277.328560  -277.617545
-277.646778  -277.664797
-277.836003  -277.684846
-278.054802  -277.723714
-278.131770  -277.731186
-278.251211  -277.740937
-278.297511  -277.744025
-278.347373  -277.750447
-278.385128  -277.759169
-278.416694  -277.769636
-278.451098  -277.784092
-278.486750  -277.800422
-213.168805  -212.334429
-213.211987  -212.338851
-213.323841  -212.354357
-213.358559  -212.360436
-213.410437  -212.369486
-213.435219  -212.371266
-213.464810  -212.370027
-213.485344  -212.366829
-213.513727  -212.358964
-213.531212  -212.351941
-213.548581  -212.345871
-213.565278  -212.340922
-213.578513  -212.337826
-213.589730  -212.333540
-213.598389  -212.333654
-188.646227  -189.208574
-188.701064  -189.216097
-188.878574  -189.245930
-188.928101  -189.251622
-189.055665  -189.268894
-189.113138  -189.273978
-189.165854  -189.280057
-189.226919  -189.288744
-189.247513  -189.291221
-189.278092  -189.292534
-189.311745  -189.292957
-189.342791  -189.293622
-189.371399  -189.295861
-189.401668  -189.299796
-189.427078  -189.304800
-104.066684  -102.945368
-104.087347  -102.949549
-104.169492  -102.974851
-104.186615  -102.984169
-104.210003  -102.999929
-104.226572  -103.011748
-104.242297  -103.024430
-104.254155  -103.031974
-104.273498  -103.048156
-104.283063  -103.050649
-104.297689  -103.063490
-104.301348  -103.060640
-104.303539  -103.060149
-104.305881  -103.063003
-104.307395  -103.071583
-305.482541  -301.880365
-305.511735  -301.880034
-305.619591  -301.872407
-305.644271  -301.867681
-305.672271  -301.862062
-305.693605  -301.858831
-305.710962  -301.858160
-305.724613  -301.859438
-305.735998  -301.862201
-305.747556  -301.863082
-305.756216  -301.863198
-305.765766  -301.863665
-305.777699  -301.864956
-305.788240  -301.864159
-305.793574  -301.864380
-93.039840  -91.997899
-93.046498  -91.997908
-93.067324  -91.996606
-93.077084  -91.993552
-93.081127  -91.992646
-93.090825  -91.990487
-93.095013  -91.988789
-93.097777  -91.988660
-93.100623  -91.989838
-93.103871  -91.991558
-93.108031  -91.993184
-93.111476  -91.994416
-93.112645  -91.993885
-93.116719  -91.994395
-93.120171  -91.993739
-177.181157  -174.645866
-177.192727  -174.645625
-177.233549  -174.642132
-177.249445  -174.638411
-177.265636  -174.634097
-177.282490  -174.629399
-177.293904  -174.626935
-177.303758  -174.624429
-177.310357  -174.623272
-177.321741  -174.622925
-177.332404  -174.617249
-177.337180  -174.618291
-177.348915  -174.622617
-177.360313  -174.621618
-177.368849  -174.620135
-194.521566  -201.021787
-194.544589  -201.013443
-194.609442  -200.967538
-194.622872  -200.958138
-194.646175  -200.940542
-194.656884  -200.944945
-194.673390  -200.956749
-194.684357  -200.962628
-194.693974  -200.966103
-194.700537  -200.967178
-194.707842  -200.966880
-194.714768  -200.969003
-194.726042  -200.972667
-194.729364  -200.975090
-194.733238  -200.979210
-333.960304  -331.970221
-333.968082  -331.971043
-333.992048  -331.973590
-334.004694  -331.974299
-334.010364  -331.973890
-334.017762  -331.972538
-334.021162  -331.971229
-334.025009  -331.970559
-334.016702  -331.960625
-334.034361  -331.969043
-334.035862  -331.969836
-334.039218  -331.973931
-334.042710  -331.977112
-334.043978  -331.977462
-333.950942  -331.978131
-286.348956  -284.125188
-286.354492  -284.125849
-286.371617  -284.128666
-286.376864  -284.129584
-286.386450  -284.130660
-286.395554  -284.130777
-286.407272  -284.129923
-286.413636  -284.129932
-286.419471  -284.130802
-286.423676  -284.131732
-286.426842  -284.133499
-286.433742  -284.138261
-286.438575  -284.143557
-286.445939  -284.147196
-286.447233  -284.147781
-287.166650  -284.190958
-287.176155  -284.191858
-287.209651  -284.195593
-287.222176  -284.197222
-287.233010  -284.198237
-287.248503  -284.199756
-287.260261  -284.200251
-287.265727  -284.200620
-287.271760  -284.201676
-287.274022  -284.202609
-287.277165  -284.205927
-287.281597  -284.205727
-287.286317  -284.206630
-287.290373  -284.208079
-287.294541  -284.209462
-193.457504  -190.692940
-193.481351  -190.693615
-193.543410  -190.693726
-193.560041  -190.694839
-193.591116  -190.698954
-193.611564  -190.702608
-193.624715  -190.705790
-193.652933  -190.713265
-193.668265  -190.716211
-193.688889  -190.718186
-193.700562  -190.718281
-193.725480  -190.717747
-193.737100  -190.718556
-193.753711  -190.718747
-193.763057  -190.721477
-265.094566  -266.214346
-265.110851  -266.216371
-265.176755  -266.225873
-265.211934  -266.233794
-265.226955  -266.235991
-265.263518  -266.238141
-265.293634  -266.237206
-265.308559  -266.236768
-265.348409  -266.236266
-265.366133  -266.233261
-265.376520  -266.232505
-265.403457  -266.233309
-265.424407  -266.232630
-265.436102  -266.234158
-265.466859  -266.240692
-108.077097  -108.242361
-108.103180  -108.243159
-108.166079  -108.242197
-108.176657  -108.243394
-108.200430  -108.247229
-108.208150  -108.248295
-108.219309  -108.249371
-108.229930  -108.249518
-108.241053  -108.248462
-108.248776  -108.247161
-108.261894  -108.242813
-108.270641  -108.242789
-108.278666  -108.243467
-108.282271  -108.243283
-108.232804  -108.234770
-266.340884  -266.499350
-266.346427  -266.499368
-266.363320  -266.499035
-266.369756  -266.498443
-266.373269  -266.498560
-266.385450  -266.498009
-266.389736  -266.497941
-266.396033  -266.498286
-266.399467  -266.497500
-266.405767  -266.495452
-266.408885  -266.494179
-266.411921  -266.494042
-266.414292  -266.492559
-266.416749  -266.491172
-266.418960  -266.487309
-286.571513  -284.365941
-286.582223  -284.366516
-286.614014  -284.369182
-286.626690  -284.371589
-286.641340  -284.375855
-286.654265  -284.380205
-286.665954  -284.383883
-286.672137  -284.385538
-286.677796  -284.385302
-286.685093  -284.385751
-286.690231  -284.386158
-286.695070  -284.387005
-286.699970  -284.390002
-286.703074  -284.392213
-286.708590  -284.396525
-185.878948  -184.591168
-185.903869  -184.595462
-185.971141  -184.610860
-185.989630  -184.614650
-186.027002  -184.621713
-186.041330  -184.620955
-186.060946  -184.618256
-186.071899  -184.616089
-186.080431  -184.615319
-186.092128  -184.614844
-186.099125  -184.615163
-186.106923  -184.613571
-186.112077  -184.614550
-186.122359  -184.613115
-186.127715  -184.610982
-196.263448  -195.419012
-196.310628  -195.421632
-196.445577  -195.434290
-196.488956  -195.445755
-196.578431  -195.492340
-196.614503  -195.495697
-196.697203  -195.512812
-196.746673  -195.524513
-196.792814  -195.532473
-196.815210  -195.531779
-196.840030  -195.535133
-196.855784  -195.541807
-196.871444  -195.550470
-196.890219  -195.568305
-196.905726  -195.570589
-92.101008  -91.764840
-92.105823  -91.765113
-92.120136  -91.765256
-92.124805  -91.764866
-92.129896  -91.764168
-92.134517  -91.762403
-92.136784  -91.761948
-92.140246  -91.761733
-92.142274  -91.759385
-92.143487  -91.759212
-92.145209  -91.759905
-92.148138  -91.759284
-92.150537  -91.756776
-92.151828  -91.756884
-92.152589  -91.758422
-178.131024  -178.775338
-178.164869  -178.781102
-178.270096  -178.806479
-178.309447  -178.814357
-178.439139  -178.841710
-178.501359  -178.844735
-178.622749  -178.840563
-178.685450  -178.841003
-178.719963  -178.845132
-178.756936  -178.849594
-178.773997  -178.852074
-178.804744  -178.856278
-178.821561  -178.857503
-178.839780  -178.858030
-178.851757  -178.857264
-97.278934  -97.138149
-97.289125  -97.138755
-97.326591  -97.138678
-97.334064  -97.138701
-97.353976  -97.136011
-97.360563  -97.136100
-97.367432  -97.134596
-97.370679  -97.135213
-97.374366  -97.135645
-97.377146  -97.136731
-97.382264  -97.136772
-97.385979  -97.137528
-97.390703  -97.138571
-97.383918  -97.136107
-97.395244  -97.138462
-287.293757  -284.516595
-287.302824  -284.517036
-287.342314  -284.516028
-287.352421  -284.514214
-287.363304  -284.510950
-287.374812  -284.505754
-287.380760  -284.503293
-287.386538  -284.501956
-287.389509  -284.500810
-287.394809  -284.499388
-287.396862  -284.499159
-287.401570  -284.496705
-287.403263  -284.497345
-287.405347  -284.497573
-287.407497  -284.498318
-252.964447  -253.136250
-252.972997  -253.136764
-253.010535  -253.138222
-253.021882  -253.138592
-253.049087  -253.139757
-253.063977  -253.139264
-253.071847  -253.138640
-253.084725  -253.138502
-253.099293  -253.137339
-253.107490  -253.137830
-253.125278  -253.140397
-253.134278  -253.141486
-253.144662  -253.142831
-253.152956  -253.144836
-253.161717  -253.147106
-191.483315  -190.592010
-191.530572  -190.594901
-191.651583  -190.598427
-191.674635  -190.599396
-191.731451  -190.599333
-191.751278  -190.602836
-191.776340  -190.607374
-191.794785  -190.609081
-191.814831  -190.608790
-191.826118  -190.607694
-191.839341  -190.604229
-191.848044  -190.604694
-191.862788  -190.607145
-191.870579  -190.607142
-191.880227  -190.606961
-154.133828  -156.224634
-154.152924  -156.224299
-154.213762  -156.216673
-154.228275  -156.212299
-154.243479  -156.209346
-154.258649  -156.206131
-154.264557  -156.208529
-154.275890  -156.212784
-154.282382  -156.214686
-154.288118  -156.215039
-154.298577  -156.213852
-154.304781  -156.213204
-154.313546  -156.212082
-154.318619  -156.211804
-154.323718  -156.212526
-204.756179  -206.514689
-204.807276  -206.514861
-204.942489  -206.503826
-204.976033  -206.502556
-205.059783  -206.486672
-205.088267  -206.494747
-205.128269  -206.502371
-205.160167  -206.500029
-205.193493  -206.486306
-205.209640  -206.487651
-205.248381  -206.488019
-205.264545  -206.490225
-205.288821  -206.493938
-205.304624  -206.495474
-205.319792  -206.495179
-322.092219  -324.705421
-322.113096  -324.710121
-322.207602  -324.746998
-322.226447  -324.769216
-322.236501  -324.780614
-322.255974  -324.796140
-322.273935  -324.843813
-322.282486  -324.841118
-322.310666  -324.859928
-322.322360  -324.883273
-322.340352  -324.937449
-322.363389  -325.001087
-322.415449  -325.160394
-322.433849  -325.320379
-322.516693  -325.290269
-92.996274  -92.043703
-92.998909  -92.043931
-93.007900  -92.044875
-93.013496  -92.045087
-93.016015  -92.045113
-93.018325  -92.044801
-93.020312  -92.044278
-93.022769  -92.043439
-93.024136  -92.042388
-92.981058  -92.020455
-93.024973  -92.040505
-93.025528  -92.040460
-93.026343  -92.041466
-280.926926  -283.174324
-280.981969  -283.180384
-281.135512  -283.199686
-281.184055  -283.206443
-281.387179  -283.236853
-281.492063  -283.252411
-281.651079  -283.279762
-281.727419  -283.291672
-281.822219  -283.313026
-281.862501  -283.318020
-281.902651  -283.322463
-281.956433  -283.333823
-281.976865  -283.338774
-282.005760  -283.346929
-282.030245  -283.387595
-254.202616  -253.446524
-254.215810  -253.446532
-254.271068  -253.442760
-254.293857  -253.436257
-254.311519  -253.431651
-254.333417  -253.424543
-254.342105  -253.422150
-254.346856  -253.422464
-254.352741  -253.422226
-254.358150  -253.423454
-254.363827  -253.421072
-254.365886  -253.418871
-254.369306  -253.418640
-254.374531  -253.422179
-254.377754  -253.423686
-72.833858  -74.181180
-72.841706  -74.179107
-72.858039  -74.169913
-72.861234  -74.166546
-72.863301  -74.166616
-72.827120  -74.158665
-72.874693  -74.169107
-72.876772  -74.170721
-72.879948  -74.175884
-72.882880  -74.176373
-72.887619  -74.174612
-72.889797  -74.173465
-72.892407  -74.171177
-72.892646  -74.170935
-72.894267  -74.169344
-214.693241  -212.832407
-214.739448  -212.835794
-214.867272  -212.847385
-214.899033  -212.852376
-214.965839  -212.865456
-214.987019  -212.867192
-215.036049  -212.865589
-215.053310  -212.862943
-215.083901  -212.855166
-215.097995  -212.851585
-215.121518  -212.845656
-215.136861  -212.844084
-215.147139  -212.838071
-215.158198  -212.844560
-215.169907  -212.851303
-188.387092  -189.817842
-188.440259  -189.819580
-188.547079  -189.816459
-188.578221  -189.815811
-188.702525  -189.798632
-188.731599  -189.800540
-188.811359  -189.794559
-188.840306  -189.791666
-188.885827  -189.778124
-188.906493  -189.783155
-188.942102  -189.788103
-188.961379  -189.791765
-188.991668  -189.794235
-189.008629  -189.796780
-189.031545  -189.796570
-213.220650  -212.222297
-213.280845  -212.223045
-213.418013  -212.211956
-213.459328  -212.207568
-213.534253  -212.175858
-213.551155  -212.179439
-213.574118  -212.177530
-213.583578  -212.169207
-213.593204  -212.155837
-213.598897  -212.150304
-213.608147  -212.144406
-213.615071  -212.145196
-213.620415  -212.148705
-213.625013  -212.146893
-213.628065  -212.146350
-97.599719  -97.275262
-97.602680  -97.274809
-97.613689  -97.270662
-97.615627  -97.269052
-97.619052  -97.268455
-97.459272  -97.212281
-97.627031  -97.264742
-97.628527  -97.266162
-97.630894  -97.267519
-97.631725  -97.268245
-97.630569  -97.269916
-97.634850  -97.268824
-97.636043  -97.267458
-97.637032  -97.267572
-97.639903  -97.268132
-306.039851  -301.878354
-306.046527  -301.880023
-306.077563  -301.890597
-306.089628  -301.896655
-306.101667  -301.901214
-306.116818  -301.904364
-306.127191  -301.904453
-306.133238  -301.902807
-306.136948  -301.899780
-306.139474  -301.898326
-306.141923  -301.896805
-306.145719  -301.895861
-306.146647  -301.894737
-306.149202  -301.892855
-306.151044  -301.892421
-275.754485  -275.878239
-275.787747  -275.874395
-275.913837  -275.847513
-275.954685  -275.824989
-275.980071  -275.818930
-276.058200  -275.807588
-276.083240  -275.807962
-276.104964  -275.811928
-276.134592  -275.813321
-276.159306  -275.810676
-276.176869  -275.801165
-276.186569  -275.797520
-276.198814  -275.796457
-276.212689  -275.794598
-276.224087  -275.797671
-193.184443  -190.966760
-193.216730  -190.968503
-193.307466  -190.968919
-193.327348  -190.968684
-193.376970  -190.962801
-193.390642  -190.966116
-193.413120  -190.969490
-193.427888  -190.972002
-193.437124  -190.972490
-193.445636  -190.972235
-193.451265  -190.971991
-193.456683  -190.973140
-193.460424  -190.974114
-193.463845  -190.974622
-193.466385  -190.974218
-152.217524  -151.375696
-152.236755  -151.378684
-152.291579  -151.388462
-152.318237  -151.393533
-152.340939  -151.396501
-152.363418  -151.397500
-152.382472  -151.396439
-152.393529  -151.395477
-152.414076  -151.393434
-152.429002  -151.391980
-152.440141  -151.393016
-152.451281  -151.396423
-152.464028  -151.399383
-152.471422  -151.400198
-152.480989  -151.401207
-96.014699  -96.935191
-96.017397  -96.935416
-96.022712  -96.936194
-96.024281  -96.936562
-96.025251  -96.936623
-96.026890  -96.936483
-96.028503  -96.935865
-96.029320  -96.935595
-96.002475  -96.926033
-96.030309  -96.934983
-96.031026  -96.935396
-155.951922  -156.467854
-155.973907  -156.471282
-156.032526  -156.483350
-156.045214  -156.486740
-156.068023  -156.492462
-156.092317  -156.500440
-156.105677  -156.501809
-156.139794  -156.503063
-156.155914  -156.503512
-156.168816  -156.503151
-156.190568  -156.501594
-156.209277  -156.499700
-156.227814  -156.498373
-156.247687  -156.499208
-156.271460  -156.500667
-97.677537  -97.277243
-97.681896  -97.278694
-97.694323  -97.286154
-97.696617  -97.287838
-97.702143  -97.293128
-97.703641  -97.295595
-97.705251  -97.294942
-97.706354  -97.295734
-97.707272  -97.295773
-97.708349  -97.295073
-97.709171  -97.294985
-97.710762  -97.294393
-97.711294  -97.293722
-97.712817  -97.292274
-97.714473  -97.289480
-292.083344  -290.432071
-292.115872  -290.433565
-292.210345  -290.435448
-292.251801  -290.433600
-292.309260  -290.429144
-292.379269  -290.419720
-292.429566  -290.414852
-292.485453  -290.413778
-292.521880  -290.415681
-292.562728  -290.418963
-292.605250  -290.420518
-292.646236  -290.423307
-292.694609  -290.423104
-292.721875  -290.423169
-292.742890  -290.421397
-251.392382  -252.962200
-251.409459  -252.962144
-251.463672  -252.957305
-251.474672  -252.957003
-251.496355  -252.958930
-251.520450  -252.958835
-251.529418  -252.957688
-251.552767  -252.953276
-251.567222  -252.942694
-251.575462  -252.943711
-251.588148  -252.953364
-251.597553  -252.952183
-251.620436  -252.949715
-251.633833  -252.941709
-251.643366  -252.942347
-185.155744  -186.252796
-185.219222  -186.249547
-185.318022  -186.233128
-185.331276  -186.232840
-185.378184  -186.236394
-185.385116  -186.237834
-185.386684  -186.239520
-185.391556  -186.250385
-185.393169  -186.251490
-185.395004  -186.250332
-185.395907  -186.252160
-185.396672  -186.254827
-185.397742  -186.255743
-185.401183  -186.256388
-185.402143  -186.257114
-181.398977  -179.520047
-181.430586  -179.527015
-181.525992  -179.561728
-181.557178  -179.578684
-181.606440  -179.606955
-181.640679  -179.623060
-181.676960  -179.635826
-181.704208  -179.640210
-181.726648  -179.640536
-181.737617  -179.638896
-181.745604  -179.639148
-181.753553  -179.642973
-181.761471  -179.647278
-181.772294  -179.657877
-181.776903  -179.659718
-262.614297  -265.534701
-262.640693  -265.537510
-262.749638  -265.549661
-262.796436  -265.554772
-262.820913  -265.557267
-262.912736  -265.564446
-262.942201  -265.566506
-262.982340  -265.570241
-263.010810  -265.573716
-263.056636  -265.579591
-263.085214  -265.582854
-263.114802  -265.589465
-263.151742  -265.599919
-263.192164  -265.612880
-263.241843  -265.631628
-317.926617  -320.023439
-317.962319  -320.025243
-318.064572  -320.025522
-318.097005  -320.023480
-318.148990  -320.017665
-318.186603  -320.010066
-318.220522  -320.001735
-318.252979  -319.993017
-318.279420  -319.986838
-318.304779  -319.983657
-318.329072  -319.982328
-318.347276  -319.984258
-318.362809  -319.988282
-318.375471  -319.991219
-318.389121  -319.993533
-291.960596  -290.067010
-291.982334  -290.067892
-292.053201  -290.067457
-292.075383  -290.066118
-292.109250  -290.063543
-292.139785  -290.057735
-292.152095  -290.057343
-292.173568  -290.059545
-292.185255  -290.059185
-292.196211  -290.059328
-292.205143  -290.060840
-292.214101  -290.062974
-292.222130  -290.063860
-292.225124  -290.063623
-292.229630  -290.061738
-279.158480  -278.288026
-279.166472  -278.288040
-279.188643  -278.287357
-279.193561  -278.287143
-279.197978  -278.287591
-279.202776  -278.288712
-279.208917  -278.290967
-279.210894  -278.290787
-279.214867  -278.290743
-279.216704  -278.291108
-279.219497  -278.292180
-279.221290  -278.293167
-279.223900  -278.294842
-279.224213  -278.297371
-279.226219  -278.296301
-163.510450  -162.745423
-163.536277  -162.745764
-163.593000  -162.742383
-163.613861  -162.738591
-163.636286  -162.733583
-163.656938  -162.729847
-163.681804  -162.727137
-163.705144  -162.726866
-163.726825  -162.727510
-163.744246  -162.729614
-163.773950  -162.732468
-163.793433  -162.734249
-163.828538  -162.733648
-163.845999  -162.735030
-163.886403  -162.728805
-252.642733  -252.946301
-252.687717  -252.950271
-252.796707  -252.962165
-252.825991  -252.965873
-252.880188  -252.971682
-252.921734  -252.974288
-252.953742  -252.973376
-252.993106  -252.970311
-253.017455  -252.969113
-253.038990  -252.970292
-253.059987  -252.973638
-253.081013  -252.978872
-253.101971  -252.986189
-253.114192  -252.991718
-253.124544  -252.996882
-272.285415  -272.172281
-272.313738  -272.175346
-272.381466  -272.185861
-272.396501  -272.190094
-272.427541  -272.200155
-272.450231  -272.207676
-272.475947  -272.215058
-272.500095  -272.222926
-272.520270  -272.228340
-272.544577  -272.234846
-272.569279  -272.240632
-272.616074  -272.249794
-272.661163  -272.257665
-272.717828  -272.272265
-272.750387  -272.283246
-290.377461  -289.802431
-290.432801  -289.806872
-290.596388  -289.821788
-290.640580  -289.826722
-290.709155  -289.835039
-290.755426  -289.840961
-290.805504  -289.847553
-290.850824  -289.855278
-290.879371  -289.862014
-290.902359  -289.869127
-290.923275  -289.876608
-290.948201  -289.887826
-290.968840  -289.898052
-290.988620  -289.908699
-291.003815  -289.912821
-311.367965  -312.013205
-311.416046  -312.015726
-311.551791  -312.024647
-311.585192  -312.027093
-311.658285  -312.030996
-311.708930  -312.030888
-311.746832  -312.026925
-311.776207  -312.020179
-311.809346  -312.009306
-311.845120  -311.994067
-311.876440  -311.978897
-311.903181  -311.967666
-311.931684  -311.954281
-311.956005  -311.953455
-311.988291  -311.950899
-288.186805  -288.808922
-288.237785  -288.813711
-288.424774  -288.836443
-288.456648  -288.839790
-288.531170  -288.843542
-288.583965  -288.840604
-288.619665  -288.834453
-288.661098  -288.824227
-288.700226  -288.813951
-288.739308  -288.801888
-288.767500  -288.796057
-288.798425  -288.784422
-288.818575  -288.782738
-288.839132  -288.778752
-288.850846  -288.770905
-166.111343  -167.531975
-166.143458  -167.534943
-166.239584  -167.544327
-166.265134  -167.545510
-166.327931  -167.542070
-166.345367  -167.536376
-166.380495  -167.492929
-166.407755  -167.501505
-166.432503  -167.497969
-166.456356  -167.484109
-166.475308  -167.473557
-166.498354  -167.455706
-166.510533  -167.457122
-166.541494  -167.451289
-166.557350  -167.461017
-81.297475  -80.535263
-81.303850  -80.536138
-81.319464  -80.538975
-81.323037  -80.540020
-81.327362  -80.541760
-81.330118  -80.543217
-81.332183  -80.544509
-81.334629  -80.548497
-81.336867  -80.548084
-81.340986  -80.548766
-81.343740  -80.549643
-81.347098  -80.550952
-81.351187  -80.552074
-81.355940  -80.553732
-81.358246  -80.554362
-102.305215  -102.810036
-102.308227  -102.810271
-102.316526  -102.811006
-102.318897  -102.811011
-102.320772  -102.810535
-102.322470  -102.809932
-102.324046  -102.806691
-102.325396  -102.807308
-102.326284  -102.806943
-102.327967  -102.806278
-102.328103  -102.801596
-102.329787  -102.803547
-102.330780  -102.803466
-102.331044  -102.804438
-102.331846  -102.804510
-332.493133  -331.359243
-332.523546  -331.360375
-332.627801  -331.360557
-332.651280  -331.359065
-332.694010  -331.353911
-332.721913  -331.348139
-332.749096  -331.340730
-332.773646  -331.333781
-332.794093  -331.330669
-332.824084  -331.322413
-332.842471  -331.317869
-332.865720  -331.314047
-332.887720  -331.313910
-332.909314  -331.310536
-332.926695  -331.310457
-327.426628  -325.942752
-327.443232  -325.943365
-327.500938  -325.944074
-327.513277  -325.944123
-327.529510  -325.944289
-327.549060  -325.942692
-327.557877  -325.941313
-327.572754  -325.936817
-327.582294  -325.930260
-327.589565  -325.926216
-327.597758  -325.920630
-327.604726  -325.917979
-327.611259  -325.918061
-327.616470  -325.914294
-327.621875  -325.913509
-92.630256  -91.969604
-92.665142  -91.974201
-92.740537  -91.985302
-92.756098  -91.986920
-92.786434  -91.989672
-92.796850  -91.990179
-92.822348  -91.991398
-92.831538  -91.992121
-92.836799  -91.992842
-92.840782  -91.993802
-92.847390  -91.994980
-92.852441  -91.996043
-92.858768  -91.996655
-92.864414  -91.997151
-92.869403  -91.997541
-151.682916  -150.778940
-151.703030  -150.780575
-151.769827  -150.784596
-151.787364  -150.785629
-151.825944  -150.788732
-151.839178  -150.790523
-151.855245  -150.793555
-151.877883  -150.799516
-151.904750  -150.814006
-151.918737  -150.818442
-151.945477  -150.828264
-151.971783  -150.839219
-152.031910  -150.867986
-152.050700  -150.879253
-152.080866  -150.880705
-271.876464  -272.199487
-271.966990  -272.204051
-272.231156  -272.206745
-272.317142  -272.203588
-272.484413  -272.191691
-272.596210  -272.187631
-272.759579  -272.181622
-272.834613  -272.195325
-272.937766  -272.214349
-272.985665  -272.224976
-273.025839  -272.224723
-273.071499  -272.222719
-273.126586  -272.215432
-273.195235  -272.207219
-273.248582  -272.202572
-251.405084  -254.159239
-251.418973  -254.160121
-251.462810  -254.163080
-251.485882  -254.165016
-251.497046  -254.164815
-251.515149  -254.161560
-251.528913  -254.154317
-251.538552  -254.153060
-251.552882  -254.152782
-251.569007  -254.144826
-251.583782  -254.136561
-251.604062  -254.121491
-251.619437  -254.110491
-251.650197  -254.095373
-251.683685  -254.074836
-238.971619  -240.317082
-236.044449  -227.847176
-236.325739  -228.361961
-239.030954  -240.063477
-239.012156  -240.039984
-239.086648  -239.970134
-239.110760  -239.970524
-239.131832  -239.980910
-239.155184  -239.998912
-239.179712  -240.023797
-239.194600  -240.041969
-239.212834  -240.062645
-239.243009  -240.094557
-239.274154  -240.125839
-239.276911  -240.124949
-239.279924  -240.120948
-156.445681  -127.988147
-243.763968  -243.578717
-244.385001  -243.810204
-243.644997  -244.496239
-244.388486  -245.246973
-244.107974  -245.279385
-245.997961  -246.568690
-246.037192  -246.589381
-246.094951  -246.629558
-246.119830  -246.644216
-246.139311  -246.657080
-246.159490  -246.665919
-246.172875  -246.672141
-246.178672  -246.675465
-246.188488  -246.678937
-246.191269  -246.680446
-246.196796  -246.682530
-246.204287  -246.681926
-246.256331  -246.684883
-246.285391  -246.698524
-246.303453  -246.708616
-246.321068  -246.720039
-246.341658  -246.733414
-246.347482  -246.737143
-246.351225  -246.736406
-246.351767  -246.728879
-246.352811  -246.723018
-246.348964  -246.709704
-246.352573  -246.705036
-246.355841  -246.695651
-246.356433  -246.682573
-246.361554  -246.684130
-246.368038  -246.687206
-246.373285  -246.690189
-246.376008  -246.688361
-246.377050  -246.692063
-246.377252  -246.701551
-246.170936  -246.695369
-246.224200  -246.693353
-246.242068  -246.700381
-246.259427  -246.700820
-246.266425  -246.692035
-246.268703  -246.687890
-246.270590  -246.670946
-246.267148  -246.656615
-246.269398  -246.653892
-246.267813  -246.641061
-246.281724  -246.642841
-246.291772  -246.641010
-246.301371  -246.645105
-246.309144  -246.645357
-246.314889  -246.641874
-246.309094  -246.631608
-246.300164  -246.618251
-246.292123  -246.607635
-246.286335  -246.605563
-246.283007  -246.609167
-246.269611  -246.611913
-246.243971  -246.620179
-246.234435  -246.622848
-246.238471  -246.626459
-246.237440  -246.626896
-246.242279  -246.633285
-246.255710  -246.649784
-246.275446  -246.672399
-246.300949  -246.697635
-246.321802  -246.716136
-246.342544  -246.734691
-246.350587  -246.746179
-246.346142  -246.750729
-246.345053  -246.757653
-246.341089  -246.770164
-246.337910  -246.774443
-246.333464  -246.771310
-246.323756  -246.762877
-246.310587  -246.755719
-246.298507  -246.752953
-246.288110  -246.751146
-246.277524  -246.748367
-246.276872  -246.745702
-246.277281  -246.741052
-246.285052  -246.739350
-246.295492  -246.737910
-246.304926  -246.736155
-246.309205  -246.742443
-246.315957  -246.758321
-246.320089  -246.771383
-246.323004  -246.775147
-246.327007  -246.779111
-246.331627  -246.785249
-246.329899  -246.788494
-246.330322  -246.794935
-246.327225  -246.790829
-246.322168  -246.796262
-246.322658  -246.795053
-246.321721  -246.792137
-244.579921  -246.067841
-244.594179  -246.082478
-244.612250  -246.090027
-244.635164  -246.097208
-244.639435  -246.096126
-244.641362  -246.103200
-244.635487  -246.103061
-244.624675  -246.094974
-244.622549  -246.091917
-244.611125  -246.087248
-244.596039  -246.096518
-244.601305  -246.127412
-244.604924  -246.148393
-257.409363  -254.307635
-255.755306  -254.430798
-256.858477  -243.803058
-258.125900  -258.252364
-258.103457  -258.223650
-258.084853  -258.196979
-258.072971  -258.177061
-258.062845  -258.159921
-258.065358  -258.159313
-258.066607  -258.161690
-258.064110  -258.164667
-258.064023  -258.163272
-258.058896  -258.155278
-258.059887  -258.147042
-258.262812  -258.116057
-258.306476  -258.132397
-258.342980  -258.151313
-258.355380  -258.156179
-258.369557  -258.156607
-258.378806  -258.156197
-258.398267  -258.165734
-258.405133  -258.174681
-258.408622  -258.173727
-257.335802  -258.104925
-257.526613  -258.260267
-257.556808  -258.281955
-257.573407  -258.292439
-257.592937  -258.306202
-257.606607  -258.318905
-257.623530  -258.341162
-257.634541  -258.353669
-257.645222  -258.368027
-257.654902  -258.390551
-257.658552  -258.408388
-257.661466  -258.416560
-257.665037  -258.427803
-257.666393  -258.446232
-257.662158  -258.469216
-257.657470  -258.478806
-257.651920  -258.495289
-257.659230  -258.510402
-257.667844  -258.522944
-257.670433  -258.530977
-257.669210  -258.535316
-257.663145  -258.538572
-257.661871  -258.540531
-257.654408  -258.540597
-257.654111  -258.540651
-257.653750  -258.538617
-257.660068  -258.540746
-257.678138  -258.544253
-257.692506  -258.543231
-257.713647  -258.537917
-257.723998  -258.534274
-257.748408  -258.522050
-257.765108  -258.511849
-257.777844  -258.505477
-257.786376  -258.500041
-257.789982  -258.490531
-257.803838  -258.481311
-257.822434  -258.483819
-257.840828  -258.490273
-257.867546  -258.499029
-259.609225  -259.569331
-259.640603  -259.582048
-259.641176  -259.577560
-259.640037  -259.575235
-259.644961  -259.578615
-259.656699  -259.587281
-259.663106  -259.589964
-259.661503  -259.585100
-259.663177  -259.574455
-173.917318  -132.173316
-249.319617  -242.502915
-247.768018  -251.052339
-250.279681  -235.073083
-249.166215  -211.553364
-251.702996  -252.304984
-248.342867  -239.727987
-249.754199  -244.784006
-253.229979  -253.202978
-253.265401  -253.215551
-253.321526  -253.226870
-253.337076  -253.227625
-253.349662  -253.224589
-253.360466  -253.223388
-253.377939  -253.224245
-253.389594  -253.220668
-253.392553  -253.207186
-253.397538  -253.194118
-253.407222  -253.194713
-253.410241  -253.192528
-253.405660  -253.183928
-253.406161  -253.176921
-253.407559  -253.178165
-253.409190  -253.174399
-173.493988  -175.596910
-173.651866  -175.738903
-173.657564  -175.737799
-173.650598  -175.728246
-173.625298  -175.711197
-173.621905  -175.708022
-173.603707  -175.695117
-173.614150  -175.702765
-173.629763  -175.714419
-173.646733  -175.720423
-173.668363  -175.726298
-173.763520  -175.784681
-173.776022  -175.787250
-173.787923  -175.794131
-173.814018  -175.804068
-173.833598  -175.813711
-173.851910  -175.822613
-173.858424  -175.823810
-173.874102  -175.835028
-173.908346  -175.860413
-173.919556  -175.859014
-173.957899  -175.885566
-173.971711  -175.902994
-173.981508  -175.918196
-174.005639  -175.963983
-174.014584  -175.969912
-174.024175  -175.984084
-174.041799  -176.007464
-174.090101  -176.049281
-174.111797  -176.065165
-174.257281  -176.138655
-174.266663  -176.141408
-174.273090  -176.141398
-174.278221  -176.137321
-174.278808  -176.136068
-174.275240  -176.133419
-263.380257  -227.984593
-263.168938  -263.973086
-263.168938  -263.973086
-262.044041  -243.007706
-262.401105  -253.243483
-263.215302  -261.528198
-264.542288  -264.143560
-264.552091  -264.155240
-264.575758  -264.178389
-264.971641  -264.428710
-264.984001  -264.437826
-265.004598  -264.455952
-265.020041  -264.471243
-265.031320  -264.480442
-265.046385  -264.490334
-265.062686  -264.501263
-265.077751  -264.512085
-265.108416  -264.536212
-265.129382  -264.552749
-265.158219  -264.577964
-265.177600  -264.595528
-265.212043  -264.626466
-265.234030  -264.648052
-265.250093  -264.665998
-265.275907  -264.696576
-265.288231  -264.707275
-265.377589  -264.767047
-265.393226  -264.780533
-265.399197  -264.786077
-265.399063  -264.791570
-265.396381  -264.794369
-265.400233  -264.803903
-265.415471  -264.830265
-265.424901  -264.844607
-265.440665  -264.864436
-265.453813  -264.884424
-265.473355  -264.915765
-265.488299  -264.934138
-265.499401  -264.946004
-265.504138  -264.949384
-265.511262  -264.950567
-265.507354  -264.945281
-265.512534  -264.951356
-265.512725  -264.956405
-265.507796  -264.961718
-265.504198  -264.960124
-265.501374  -264.957037
-265.500439  -264.955716
-265.500752  -264.956093
-265.501009  -264.959419
-265.492002  -264.954039
-265.486814  -264.949788
-265.727176  -265.103652
-265.743129  -265.110028
-265.757879  -265.118537
-265.774243  -265.129155
-265.795884  -265.149118
-265.805452  -265.160542
-265.807723  -265.163667
-265.807625  -265.160856
-265.807987  -265.157930
-265.807894  -265.155281
-265.805598  -265.153262
-265.803292  -265.151942
-265.802313  -265.151302
-265.801266  -265.144920
-265.799395  -265.133147
-265.797120  -265.118726
-265.791584  -265.097744
-261.862095  -262.510270
-261.875999  -262.526212
-261.905541  -262.563973
-261.913252  -262.585465
-261.908377  -262.596355
-261.891859  -262.601100
-261.892708  -262.599627
-261.899389  -262.598739
-261.921465  -262.607777
-261.941778  -262.615392
-261.950402  -262.619158
-261.943137  -262.619026
-261.911809  -262.612765
-261.876448  -262.605730
-261.855796  -262.603293
-261.869857  -262.695169
-261.881765  -262.702747
-261.900133  -262.712031
-261.925375  -262.732021
-261.930522  -262.742098
-261.958987  -262.759409
-264.117191  -263.893175
-264.238751  -263.821376
-264.254703  -263.807920
-264.278433  -263.797394
-264.299303  -263.788333
-264.305992  -263.773901
-264.317641  -263.730774
-264.322713  -263.730103
-264.330067  -263.741431
-264.329226  -263.756782
-264.323146  -263.765568
-264.309328  -263.768701
-264.306529  -263.780652
-264.294832  -263.793011
-264.288430  -263.801217
-264.241918  -263.810012
-264.216885  -263.812264
-264.222722  -263.818771
-264.240044  -263.829295
-264.249411  -263.832727
-264.252966  -263.834355
-264.268039  -263.835074
-264.290816  -263.838465
-264.414216  -263.908262
-264.419657  -263.907985
-264.417014  -263.915967
-264.410371  -263.915028
-264.400789  -263.912227
-264.400224  -263.904438
-264.395404  -263.889019
-264.390583  -263.869707
-264.391122  -263.848726
-264.394009  -263.829627
-264.396626  -263.816052
-264.393527  -263.811429
-264.393645  -263.817167
-264.399435  -263.822193
-264.404368  -263.823992
-264.412298  -263.829683
-264.427643  -263.847840
-264.465761  -263.894919
-264.510198  -263.934293
-264.528860  -263.949423
-264.557929  -263.970235
-264.602174  -264.000311
-264.619290  -264.007389
-264.647032  -264.016959
-264.843047  -264.151416
-264.855315  -264.158198
-264.869643  -264.160305
-264.875064  -264.167953
-264.921288  -264.261102
-265.096750  -264.460864
-265.104114  -264.466266
-265.116845  -264.471548
-265.124814  -264.477980
-265.202143  -264.581549
-265.210819  -264.594384
-265.221039  -264.612634
-265.228331  -264.626633
-265.232156  -264.649161
-265.234415  -264.671357
-265.238846  -264.688053
-265.244982  -264.701839
-265.249390  -264.710445
-265.256013  -264.728371
-265.264115  -264.735691
-265.287415  -264.757700
-265.315825  -264.784465
-265.355664  -264.816808
-265.373234  -264.837782
-186.748406  -187.929517
-186.765874  -187.944836
-186.784811  -187.968382
-186.828227  -188.021986
-186.916199  -188.121716
-186.939585  -188.139293
-186.950851  -188.148426
-186.963886  -188.159901
-186.985818  -188.181358
-187.008242  -188.209241
-187.018329  -188.227791
-187.023768  -188.238894
-187.026034  -188.252376
-187.032572  -188.257839
-187.040332  -188.260664
-187.047835  -188.261269
-187.057603  -188.260805
-187.071963  -188.255856
-187.078106  -188.248229
-187.084397  -188.247557
-187.098183  -188.243753
-187.113062  -188.243627
-187.131366  -188.251515
-187.137194  -188.255240
-187.143500  -188.256386
-187.146246  -188.252468
-187.145276  -188.248607
-187.141052  -188.246851
-187.137186  -188.244875
-187.141417  -188.244392
-187.142648  -188.242941
-187.141201  -188.245837
-187.141724  -188.246752
-166.312007  -168.963884
-166.327425  -168.974382
-166.337414  -168.971526
-166.349479  -168.977882
-166.364422  -168.991294
-166.380448  -169.006544
-166.405812  -169.034684
-166.438271  -169.069947
-166.505315  -169.146416
-166.548350  -169.183371
-166.595806  -169.222082
-166.609680  -169.238683
-166.638513  -169.276487
-166.661316  -169.304462
-166.698244  -169.347754
-166.723726  -169.370021
-166.735270  -169.379723
-166.755223  -169.397705
-166.776869  -169.418757
-166.796039  -169.440155
-166.811038  -169.454415
-166.832911  -169.475789
-166.891982  -169.533901
-166.935880  -169.555224
-166.978921  -169.580151
-166.996272  -169.594310
-167.005238  -169.601949
-167.017454  -169.609863
-167.033722  -169.623415
-167.041763  -169.627179
-167.044876  -169.618512
-167.052475  -169.624858
-167.062591  -169.638382
-167.064280  -169.640111
-167.065799  -169.635042
-167.069827  -169.618837
-167.086068  -169.627539
-167.096437  -169.629914
-167.096837  -169.627372
-167.103257  -169.637515
-157.653749  -157.939789
-158.137178  -158.482023
-158.012804  -158.817399
-158.037658  -158.832143
-158.055371  -158.848102
-158.053868  -158.849464
-158.066275  -158.863523
-158.084105  -158.883033
-158.101287  -158.903472
-158.129768  -158.924756
-158.337329  -159.111530
-158.358082  -159.127608
-158.371768  -159.138012
-158.377409  -159.138895
-158.384041  -159.140742
-158.387340  -159.136976
-158.389531  -159.129731
-158.402914  -159.135882
-158.416291  -159.140734
-158.415014  -159.131087
-158.416428  -159.128209
-158.413926  -159.125396
