# data_e pred_e
-290.686710  -290.952616
-290.712905  -290.953426
-290.802226  -290.948707
-290.819121  -290.948843
-290.862223  -290.949038
-290.872716  -290.950639
-290.890540  -290.953066
-290.901454  -290.952385
-290.912590  -290.950982
-290.923993  -290.949567
-290.935484  -290.942785
-290.941760  -290.944641
-290.954230  -290.948052
-290.963635  -290.948892
-290.968257  -290.949183
-336.511349  -338.410481
-336.541234  -338.417955
-336.652408  -338.455894
-336.678148  -338.470191
-336.710037  -338.490154
-336.738453  -338.508851
-336.762247  -338.522923
-336.790945  -338.541487
-336.817361  -338.555233
-336.853164  -338.579319
-336.875539  -338.587311
-336.906517  -338.596588
-336.935104  -338.620928
-336.963111  -338.639146
-337.019242  -338.673334
-276.860772  -278.363084
-276.926437  -278.374536
-277.228211  -278.421287
-277.328560  -278.441099
-277.646778  -278.493789
-277.836003  -278.534561
-278.054802  -278.579912
-278.131770  -278.596865
-278.251211  -278.616723
-278.297511  -278.625628
-278.347373  -278.639983
-278.385128  -278.655861
-278.416694  -278.671546
-278.451098  -278.689569
-278.486750  -278.707201
-213.168805  -212.805700
-213.211987  -212.809058
-213.323841  -212.812593
-213.358559  -212.815705
-213.410437  -212.823550
-213.435219  -212.829007
-213.464810  -212.834178
-213.485344  -212.835489
-213.513727  -212.833946
-213.531212  -212.830963
-213.548581  -212.829040
-213.565278  -212.829159
-213.578513  -212.831178
-213.589730  -212.834033
-213.598389  -212.837395
-188.646227  -189.810174
-188.701064  -189.821883
-188.878574  -189.845879
-188.928101  -189.854624
-189.055665  -189.852522
-189.113138  -189.875919
-189.165854  -189.890622
-189.226919  -189.900351
-189.247513  -189.901953
-189.278092  -189.904100
-189.311745  -189.905493
-189.342791  -189.906253
-189.371399  -189.907421
-189.401668  -189.909544
-189.427078  -189.913139
-104.066684  -103.051912
-104.087347  -103.056376
-104.169492  -103.078297
-104.186615  -103.086241
-104.210003  -103.100881
-104.226572  -103.111830
-104.242297  -103.122859
-104.254155  -103.130317
-104.273498  -103.147233
-104.283063  -103.152266
-104.297689  -103.170640
-104.301348  -103.168817
-104.303539  -103.168946
-104.305881  -103.172036
-104.307395  -103.181004
-305.482541  -304.078883
-305.511735  -304.079482
-305.619591  -304.078149
-305.644271  -304.076352
-305.672271  -304.074688
-305.693605  -304.074779
-305.710962  -304.076334
-305.724613  -304.078256
-305.735998  -304.080195
-305.747556  -304.080561
-305.756216  -304.079993
-305.765766  -304.079658
-305.777699  -304.079820
-305.788240  -304.078178
-305.793574  -304.078996
-93.039840  -92.293243
-93.046498  -92.292569
-93.067324  -92.286155
-93.077084  -92.277089
-93.081127  -92.275507
-93.090825  -92.273296
-93.095013  -92.270920
-93.097777  -92.270827
-93.100623  -92.272255
-93.103871  -92.273848
-93.108031  -92.274757
-93.111476  -92.274692
-93.112645  -92.270764
-93.116719  -92.273247
-93.120171  -92.273165
-177.181157  -175.680379
-177.192727  -175.680953
-177.233549  -175.677934
-177.249445  -175.673787
-177.265636  -175.670636
-177.282490  -175.669132
-177.293904  -175.669971
-177.303758  -175.671673
-177.310357  -175.672329
-177.321741  -175.673163
-177.332404  -175.668314
-177.337180  -175.669147
-177.348915  -175.671451
-177.360313  -175.668415
-177.368849  -175.666508
-333.960304  -333.198982
-333.968082  -333.199367
-333.992048  -333.198562
-334.004694  -333.195050
-334.010364  -333.194868
-334.017762  -333.195883
-334.021162  -333.195893
-334.025009  -333.196717
-334.016702  -333.192589
-334.034361  -333.198072
-334.035862  -333.198523
-334.039218  -333.200024
-334.042710  -333.200816
-334.043978  -333.200894
-333.950942  -333.174939
-286.348956  -285.838276
-286.354492  -285.838657
-286.371617  -285.840164
-286.376864  -285.840928
-286.386450  -285.842790
-286.395554  -285.844608
-286.407272  -285.848401
-286.413636  -285.849899
-286.419471  -285.851529
-286.423676  -285.853445
-286.426842  -285.854717
-286.433742  -285.857252
-286.438575  -285.860322
-286.445939  -285.862916
-286.447233  -285.863349
-287.166650  -285.962453
-287.176155  -285.963055
-287.209651  -285.964550
-287.222176  -285.964385
-287.233010  -285.964681
-287.248503  -285.966194
-287.260261  -285.967853
-287.265727  -285.969255
-287.271760  -285.971129
-287.274022  -285.971671
-287.277165  -285.971968
-287.281597  -285.972339
-287.286317  -285.972721
-287.290373  -285.973103
-287.294541  -285.973281
-193.457504  -191.411741
-193.481351  -191.413194
-193.543410  -191.411120
-193.560041  -191.411247
-193.591116  -191.414376
-193.611564  -191.416802
-193.624715  -191.420349
-193.652933  -191.429736
-193.668265  -191.434622
-193.688889  -191.440262
-193.700562  -191.442661
-193.725480  -191.448850
-193.737100  -191.452811
-193.753711  -191.458695
-193.763057  -191.461787
-265.094566  -266.046000
-265.110851  -266.047674
-265.176755  -266.049195
-265.211934  -266.039265
-265.226955  -266.037783
-265.263518  -266.041212
-265.293634  -266.038002
-265.308559  -266.040626
-265.348409  -266.049523
-265.366133  -266.046501
-265.376520  -266.045218
-265.403457  -266.045589
-265.424407  -266.041602
-265.436102  -266.043334
-265.466859  -266.050655
-108.077097  -108.189973
-108.103180  -108.192568
-108.166079  -108.191130
-108.176657  -108.191496
-108.200430  -108.190812
-108.208150  -108.189228
-108.219309  -108.187421
-108.229930  -108.187918
-108.241053  -108.188084
-108.248776  -108.187948
-108.261894  -108.184608
-108.270641  -108.187143
-108.278666  -108.190371
-108.282271  -108.190705
-108.232804  -108.171331
-266.340884  -266.375412
-266.346427  -266.374865
-266.363320  -266.371126
-266.369756  -266.367497
-266.373269  -266.368113
-266.385450  -266.368617
-266.389736  -266.370209
-266.396033  -266.373790
-266.399467  -266.374546
-266.405767  -266.374405
-266.408885  -266.373922
-266.411921  -266.373868
-266.414292  -266.375102
-266.416749  -266.377705
-266.418960  -266.381694
-286.571513  -285.788792
-286.582223  -285.789137
-286.614014  -285.788575
-286.626690  -285.787916
-286.641340  -285.788055
-286.654265  -285.790016
-286.665954  -285.792846
-286.672137  -285.794657
-286.677796  -285.795863
-286.685093  -285.795805
-286.690231  -285.794628
-286.695070  -285.793307
-286.699970  -285.790429
-286.703074  -285.790551
-286.708590  -285.792808
-185.878948  -185.388135
-185.903869  -185.392658
-185.971141  -185.399423
-185.989630  -185.401594
-186.027002  -185.404743
-186.041330  -185.408117
-186.060946  -185.413361
-186.071899  -185.414243
-186.080431  -185.415067
-186.092128  -185.416133
-186.099125  -185.417162
-186.106923  -185.416533
-186.112077  -185.417841
-186.122359  -185.416510
-186.127715  -185.415602
-196.263448  -196.779466
-196.310628  -196.782240
-196.445577  -196.776426
-196.488956  -196.783171
-196.578431  -196.795186
-196.614503  -196.806195
-196.697203  -196.830851
-196.746673  -196.840130
-196.792814  -196.842260
-196.815210  -196.848285
-196.840030  -196.858349
-196.855784  -196.869526
-196.871444  -196.882794
-196.890219  -196.909864
-196.905726  -196.912447
-92.101008  -91.941687
-92.105823  -91.941953
-92.120136  -91.940907
-92.124805  -91.939782
-92.129896  -91.938487
-92.134517  -91.935355
-92.136784  -91.934571
-92.140246  -91.934040
-92.142274  -91.929048
-92.143487  -91.928688
-92.145209  -91.929934
-92.148138  -91.928832
-92.150537  -91.923751
-92.151828  -91.923872
-92.152589  -91.926558
-178.131024  -179.135866
-178.164869  -179.141429
-178.270096  -179.148016
-178.309447  -179.152983
-178.439139  -179.161887
-178.501359  -179.173977
-178.622749  -179.196256
-178.685450  -179.220878
-178.719963  -179.226240
-178.756936  -179.228883
-178.773997  -179.232008
-178.804744  -179.234254
-178.821561  -179.233837
-178.839780  -179.230359
-178.851757  -179.227919
-97.278934  -97.393736
-97.289125  -97.394354
-97.326591  -97.387580
-97.334064  -97.387899
-97.353976  -97.384654
-97.360563  -97.386665
-97.367432  -97.387060
-97.370679  -97.387301
-97.374366  -97.386138
-97.377146  -97.385822
-97.382264  -97.382309
-97.385979  -97.382992
-97.390703  -97.383686
-97.383918  -97.373994
-97.395244  -97.381575
-287.293757  -286.154918
-287.302824  -286.155648
-287.342314  -286.157162
-287.352421  -286.156681
-287.363304  -286.155657
-287.374812  -286.153722
-287.380760  -286.152669
-287.386538  -286.151810
-287.389509  -286.150600
-287.394809  -286.148547
-287.396862  -286.147281
-287.401570  -286.142687
-287.403263  -286.143115
-287.405347  -286.143567
-287.407497  -286.143188
-252.964447  -253.053168
-252.972997  -253.052695
-253.010535  -253.042238
-253.021882  -253.039022
-253.049087  -253.032834
-253.063977  -253.026262
-253.071847  -253.024592
-253.084725  -253.028374
-253.099293  -253.027491
-253.107490  -253.026438
-253.125278  -253.022609
-253.134278  -253.019446
-253.144662  -253.015456
-253.152956  -253.016983
-253.161717  -253.020982
-191.483315  -191.101143
-191.530572  -191.108369
-191.651583  -191.117019
-191.674635  -191.119101
-191.731451  -191.119394
-191.751278  -191.125613
-191.776340  -191.132348
-191.794785  -191.134686
-191.814831  -191.135116
-191.826118  -191.134634
-191.839341  -191.132325
-191.848044  -191.133043
-191.862788  -191.135583
-191.870579  -191.136622
-191.880227  -191.138903
-154.133828  -155.468310
-154.152924  -155.467400
-154.213762  -155.450307
-154.228275  -155.442128
-154.243479  -155.438528
-154.258649  -155.436283
-154.264557  -155.441655
-154.275890  -155.450582
-154.282382  -155.453855
-154.288118  -155.453729
-154.298577  -155.450790
-154.304781  -155.449969
-154.313546  -155.450008
-154.318619  -155.451394
-154.323718  -155.454856
-204.756179  -206.647271
-204.807276  -206.648208
-204.942489  -206.627278
-204.976033  -206.625970
-205.059783  -206.602940
-205.088267  -206.616260
-205.128269  -206.629930
-205.160167  -206.626852
-205.193493  -206.608532
-205.209640  -206.608490
-205.248381  -206.600903
-205.264545  -206.600148
-205.288821  -206.599034
-205.304624  -206.597054
-205.319792  -206.592661
-322.092219  -324.118512
-322.113096  -324.124304
-322.207602  -324.160989
-322.226447  -324.178454
-322.236501  -324.190021
-322.255974  -324.211245
-322.273935  -324.267870
-322.282486  -324.266123
-322.310666  -324.288718
-322.322360  -324.313830
-322.340352  -324.370132
-322.363389  -324.436447
-322.415449  -324.596303
-322.433849  -324.742510
-322.516693  -324.739219
-92.996274  -92.296513
-92.998909  -92.296647
-93.007900  -92.295981
-93.013496  -92.293224
-93.016015  -92.293099
-93.018325  -92.293392
-93.020312  -92.292375
-93.022769  -92.291119
-93.024136  -92.289973
-92.981058  -92.261231
-93.024973  -92.288097
-93.025528  -92.288236
-93.026343  -92.290110
-280.926926  -283.701033
-280.981969  -283.711292
-281.135512  -283.741914
-281.184055  -283.752101
-281.387179  -283.798074
-281.492063  -283.821776
-281.651079  -283.858628
-281.727419  -283.877347
-281.822219  -283.909997
-281.862501  -283.922453
-281.902651  -283.930319
-281.956433  -283.947253
-281.976865  -283.955744
-282.005760  -283.969632
-282.030245  -284.027829
-254.202616  -252.981320
-254.215810  -252.982548
-254.271068  -252.983203
-254.293857  -252.980082
-254.311519  -252.982485
-254.333417  -252.989785
-254.342105  -252.994557
-254.346856  -252.997686
-254.352741  -252.999790
-254.358150  -253.001207
-254.363827  -253.000993
-254.365886  -253.000134
-254.369306  -253.000561
-254.374531  -253.002011
-254.377754  -253.003074
-72.833858  -73.448536
-72.841706  -73.447942
-72.858039  -73.442036
-72.861234  -73.438896
-72.863301  -73.438943
-72.827120  -73.408304
-72.874693  -73.439392
-72.876772  -73.440717
-72.879948  -73.445877
-72.882880  -73.445755
-72.887619  -73.443585
-72.889797  -73.442857
-72.892407  -73.442181
-72.892646  -73.443114
-72.894267  -73.445017
-214.693241  -213.640796
-214.739448  -213.644322
-214.867272  -213.642772
-214.899033  -213.644311
-214.965839  -213.648939
-214.987019  -213.653001
-215.036049  -213.659754
-215.053310  -213.661946
-215.083901  -213.662947
-215.097995  -213.662891
-215.121518  -213.663820
-215.136861  -213.666069
-215.147139  -213.666885
-215.158198  -213.670517
-215.169907  -213.674059
-188.387092  -190.049600
-188.440259  -190.056814
-188.547079  -190.065877
-188.578221  -190.070032
-188.702525  -190.081776
-188.731599  -190.086891
-188.811359  -190.091265
-188.840306  -190.091335
-188.885827  -190.085291
-188.906493  -190.091531
-188.942102  -190.099868
-188.961379  -190.104936
-188.991668  -190.108731
-189.008629  -190.111797
-189.031545  -190.113049
-213.220650  -212.986694
-213.280845  -212.994971
-213.418013  -212.997229
-213.459328  -212.998998
-213.534253  -212.987088
-213.551155  -212.992871
-213.574118  -212.996908
-213.583578  -212.993219
-213.593204  -212.987126
-213.598897  -212.984896
-213.608147  -212.983386
-213.615071  -212.986121
-213.620415  -212.991539
-213.625013  -212.995655
-213.628065  -212.997509
-97.599719  -97.479284
-97.602680  -97.478619
-97.613689  -97.471936
-97.615627  -97.469560
-97.619052  -97.469344
-97.459272  -97.393233
-97.627031  -97.466916
-97.628527  -97.468630
-97.630894  -97.470281
-97.631725  -97.470803
-97.630569  -97.469088
-97.634850  -97.469425
-97.636043  -97.468238
-97.637032  -97.467564
-97.639903  -97.464553
-306.039851  -304.005586
-306.046527  -304.006845
-306.077563  -304.014962
-306.089628  -304.019705
-306.101667  -304.023463
-306.116818  -304.026229
-306.127191  -304.026352
-306.133238  -304.024995
-306.136948  -304.022433
-306.139474  -304.021596
-306.141923  -304.021343
-306.145719  -304.021859
-306.146647  -304.021770
-306.149202  -304.021187
-306.151044  -304.020658
-275.754485  -274.938313
-275.787747  -274.942105
-275.913837  -274.944508
-275.954685  -274.930340
-275.980071  -274.928821
-276.058200  -274.933286
-276.083240  -274.942082
-276.104964  -274.956500
-276.134592  -274.975217
-276.159306  -274.987243
-276.176869  -274.993108
-276.186569  -274.995098
-276.198814  -274.997755
-276.212689  -275.001847
-276.224087  -275.008536
-193.184443  -191.581740
-193.216730  -191.582091
-193.307466  -191.565468
-193.327348  -191.564639
-193.376970  -191.554004
-193.390642  -191.561853
-193.413120  -191.569482
-193.427888  -191.572899
-193.437124  -191.571721
-193.445636  -191.568999
-193.451265  -191.567098
-193.456683  -191.568616
-193.460424  -191.571401
-193.463845  -191.574562
-193.466385  -191.575765
-152.217524  -151.194378
-152.236755  -151.198433
-152.291579  -151.205965
-152.318237  -151.207090
-152.340939  -151.209261
-152.363418  -151.214145
-152.382472  -151.217694
-152.393529  -151.220650
-152.414076  -151.225541
-152.429002  -151.226880
-152.440141  -151.227743
-152.451281  -151.229456
-152.464028  -151.228562
-152.471422  -151.229183
-152.480989  -151.232639
-96.014699  -96.803623
-96.017397  -96.804082
-96.022712  -96.805124
-96.024281  -96.805725
-96.025251  -96.806323
-96.026890  -96.806728
-96.028503  -96.806879
-96.029320  -96.806756
-96.002475  -96.795670
-96.030309  -96.806199
-96.031026  -96.806198
-155.951922  -155.870557
-155.973907  -155.875902
-156.032526  -155.887222
-156.045214  -155.889780
-156.068023  -155.896195
-156.092317  -155.902572
-156.105677  -155.906459
-156.139794  -155.915868
-156.155914  -155.918995
-156.168816  -155.921222
-156.190568  -155.924373
-156.209277  -155.926719
-156.227814  -155.930003
-156.247687  -155.935141
-156.271460  -155.942848
-97.677537  -97.513079
-97.681896  -97.514282
-97.694323  -97.518494
-97.696617  -97.518971
-97.702143  -97.519150
-97.703641  -97.518454
-97.705251  -97.518024
-97.706354  -97.516603
-97.707272  -97.517268
-97.708349  -97.519439
-97.709171  -97.518986
-97.710762  -97.517654
-97.711294  -97.518007
-97.712817  -97.519257
-97.714473  -97.519703
-292.083344  -291.809923
-292.115872  -291.811373
-292.210345  -291.810449
-292.251801  -291.804942
-292.309260  -291.795853
-292.379269  -291.782149
-292.429566  -291.777416
-292.485453  -291.777706
-292.521880  -291.779025
-292.562728  -291.780068
-292.605250  -291.778271
-292.646236  -291.780575
-292.694609  -291.780850
-292.721875  -291.781365
-292.742890  -291.780430
-251.392382  -252.547607
-251.409459  -252.549026
-251.463672  -252.543556
-251.474672  -252.543517
-251.496355  -252.548656
-251.520450  -252.546055
-251.529418  -252.544675
-251.552767  -252.544157
-251.567222  -252.535140
-251.575462  -252.537694
-251.588148  -252.548323
-251.597553  -252.548302
-251.620436  -252.546122
-251.633833  -252.534917
-251.643366  -252.536442
-185.155744  -186.399559
-185.219222  -186.398396
-185.318022  -186.374907
-185.331276  -186.375642
-185.378184  -186.389044
-185.385116  -186.394792
-185.386684  -186.396204
-185.391556  -186.403076
-185.393169  -186.401486
-185.395004  -186.397990
-185.395907  -186.398006
-185.396672  -186.398854
-185.397742  -186.400969
-185.401183  -186.407358
-185.402143  -186.410500
-181.398977  -180.388498
-181.430586  -180.394039
-181.525992  -180.406921
-181.557178  -180.411734
-181.606440  -180.421916
-181.640679  -180.429833
-181.676960  -180.436497
-181.704208  -180.438986
-181.726648  -180.438416
-181.737617  -180.437187
-181.745604  -180.436143
-181.753553  -180.434626
-181.761471  -180.436577
-181.772294  -180.440844
-181.776903  -180.444443
-262.614297  -264.892561
-262.640693  -264.898653
-262.749638  -264.922267
-262.796436  -264.929993
-262.820913  -264.933600
-262.912736  -264.942992
-262.942201  -264.945600
-262.982340  -264.950188
-263.010810  -264.955603
-263.056636  -264.965377
-263.085214  -264.971108
-263.114802  -264.978998
-263.151742  -264.990963
-263.192164  -265.006559
-263.241843  -265.028410
-317.926617  -319.324101
-317.962319  -319.332025
-318.064572  -319.348836
-318.097005  -319.351700
-318.148990  -319.356045
-318.186603  -319.359535
-318.220522  -319.363236
-318.252979  -319.365183
-318.279420  -319.364804
-318.304779  -319.363498
-318.329072  -319.361018
-318.347276  -319.359615
-318.362809  -319.359220
-318.375471  -319.358587
-318.389121  -319.358818
-291.960596  -291.727922
-291.982334  -291.729214
-292.053201  -291.730882
-292.075383  -291.730011
-292.109250  -291.728447
-292.139785  -291.723656
-292.152095  -291.723276
-292.173568  -291.724257
-292.185255  -291.722582
-292.196211  -291.721322
-292.205143  -291.721872
-292.214101  -291.723910
-292.222130  -291.725676
-292.225124  -291.726882
-292.229630  -291.727291
-279.158480  -279.460104
-279.166472  -279.460602
-279.188643  -279.461255
-279.193561  -279.461437
-279.197978  -279.462420
-279.202776  -279.464237
-279.208917  -279.468966
-279.210894  -279.468869
-279.214867  -279.470456
-279.216704  -279.471575
-279.219497  -279.473628
-279.221290  -279.474917
-279.223900  -279.477169
-279.224213  -279.480918
-279.226219  -279.479215
-163.510450  -162.897480
-163.536277  -162.905159
-163.593000  -162.921315
-163.613861  -162.926549
-163.636286  -162.931179
-163.656938  -162.933761
-163.681804  -162.934961
-163.705144  -162.935199
-163.726825  -162.934411
-163.744246  -162.935900
-163.773950  -162.937623
-163.793433  -162.941318
-163.828538  -162.944629
-163.845999  -162.950253
-163.886403  -162.956287
-252.642733  -252.644824
-252.687717  -252.652524
-252.796707  -252.670874
-252.825991  -252.675369
-252.880188  -252.685069
-252.921734  -252.694337
-252.953742  -252.703124
-252.993106  -252.716394
-253.017455  -252.726464
-253.038990  -252.735820
-253.059987  -252.746614
-253.081013  -252.758879
-253.101971  -252.772919
-253.114192  -252.781099
-253.124544  -252.787987
-272.285415  -272.370403
-272.313738  -272.373895
-272.381466  -272.379409
-272.396501  -272.380411
-272.427541  -272.383549
-272.450231  -272.387317
-272.475947  -272.393225
-272.500095  -272.400683
-272.520270  -272.409034
-272.544577  -272.420843
-272.569279  -272.431610
-272.616074  -272.450488
-272.661163  -272.465195
-272.717828  -272.485380
-272.750387  -272.499168
-290.377461  -291.116235
-290.432801  -291.121766
-290.596388  -291.133596
-290.640580  -291.137585
-290.709155  -291.144596
-290.755426  -291.149296
-290.805504  -291.154733
-290.850824  -291.159508
-290.879371  -291.162522
-290.902359  -291.165273
-290.923275  -291.168100
-290.948201  -291.170916
-290.968840  -291.172424
-290.988620  -291.172262
-291.003815  -291.171976
-311.367965  -311.388406
-311.416046  -311.394948
-311.551791  -311.400062
-311.585192  -311.394554
-311.658285  -311.376293
-311.708930  -311.364021
-311.746832  -311.361028
-311.776207  -311.361993
-311.809346  -311.361398
-311.845120  -311.356517
-311.876440  -311.350360
-311.903181  -311.345950
-311.931684  -311.337655
-311.956005  -311.340801
-311.988291  -311.343975
-288.186805  -287.708595
-288.237785  -287.723203
-288.424774  -287.759831
-288.456648  -287.760673
-288.531170  -287.762311
-288.583965  -287.762390
-288.619665  -287.770615
-288.661098  -287.786037
-288.700226  -287.803041
-288.739308  -287.819458
-288.767500  -287.833112
-288.798425  -287.846551
-288.818575  -287.856315
-288.839132  -287.864250
-288.850846  -287.871457
-166.111343  -167.225624
-166.143458  -167.232696
-166.239584  -167.248837
-166.265134  -167.252836
-166.327931  -167.255712
-166.345367  -167.254062
-166.380495  -167.228572
-166.407755  -167.240018
-166.432503  -167.242246
-166.456356  -167.236492
-166.475308  -167.232018
-166.498354  -167.224107
-166.510533  -167.227292
-166.541494  -167.230034
-166.557350  -167.239519
-81.297475  -80.517441
-81.303850  -80.519460
-81.319464  -80.524299
-81.323037  -80.525571
-81.327362  -80.527364
-81.330118  -80.528476
-81.332183  -80.529281
-81.334629  -80.530500
-81.336867  -80.531063
-81.340986  -80.532286
-81.343740  -80.533094
-81.347098  -80.534391
-81.351187  -80.536232
-81.355940  -80.539148
-81.358246  -80.540471
-102.305215  -102.733149
-102.308227  -102.732345
-102.316526  -102.726748
-102.318897  -102.724307
-102.320772  -102.721083
-102.322470  -102.720350
-102.324046  -102.715419
-102.325396  -102.717483
-102.326284  -102.718015
-102.327967  -102.717713
-102.328103  -102.712546
-102.329787  -102.714469
-102.330780  -102.714218
-102.331044  -102.715087
-102.331846  -102.714849
-332.493133  -332.368839
-332.523546  -332.375289
-332.627801  -332.392598
-332.651280  -332.395109
-332.694010  -332.399685
-332.721913  -332.402469
-332.749096  -332.404500
-332.773646  -332.406513
-332.794093  -332.410750
-332.824084  -332.415730
-332.842471  -332.420418
-332.865720  -332.427029
-332.887720  -332.432688
-332.909314  -332.438641
-332.926695  -332.443675
-327.426628  -326.800577
-327.443232  -326.801070
-327.500938  -326.794306
-327.513277  -326.790892
-327.529510  -326.789373
-327.549060  -326.783241
-327.557877  -326.786504
-327.572754  -326.795104
-327.582294  -326.796130
-327.589565  -326.795200
-327.597758  -326.793957
-327.604726  -326.794838
-327.611259  -326.798256
-327.616470  -326.800241
-327.621875  -326.801911
-92.630256  -92.239732
-92.665142  -92.245966
-92.740537  -92.250327
-92.756098  -92.251730
-92.786434  -92.249963
-92.796850  -92.251627
-92.822348  -92.255604
-92.831538  -92.255956
-92.836799  -92.256646
-92.840782  -92.258642
-92.847390  -92.260314
-92.852441  -92.263210
-92.858768  -92.264949
-92.864414  -92.266874
-92.869403  -92.268730
-151.682916  -150.312183
-151.703030  -150.317208
-151.769827  -150.329089
-151.787364  -150.331980
-151.825944  -150.338958
-151.839178  -150.342308
-151.855245  -150.348424
-151.877883  -150.359288
-151.904750  -150.379135
-151.918737  -150.385178
-151.945477  -150.393028
-151.971783  -150.407116
-152.031910  -150.445037
-152.050700  -150.469272
-152.080866  -150.474185
-271.876464  -272.657309
-271.966990  -272.672962
-272.231156  -272.709992
-272.317142  -272.720685
-272.484413  -272.737493
-272.596210  -272.747957
-272.759579  -272.758052
-272.834613  -272.776494
-272.937766  -272.797439
-272.985665  -272.809118
-273.025839  -272.812636
-273.071499  -272.819664
-273.126586  -272.826866
-273.195235  -272.839342
-273.248582  -272.848986
-251.405084  -253.076698
-251.418973  -253.076196
-251.462810  -253.067334
-251.485882  -253.047271
-251.497046  -253.041776
-251.515149  -253.041530
-251.528913  -253.026935
-251.538552  -253.022505
-251.552882  -253.022258
-251.569007  -253.008843
-251.583782  -252.995284
-251.604062  -252.970388
-251.619437  -252.952516
-251.650197  -252.929430
-251.683685  -252.897123
-202.333967  -202.034299
-202.367564  -202.037430
-202.444266  -202.039238
-202.464950  -202.041521
-202.515869  -202.045543
-202.529551  -202.051044
-202.550514  -202.060006
-202.561952  -202.063695
-202.573100  -202.065967
-202.580901  -202.068003
-202.590455  -202.072515
-202.597704  -202.077543
-202.606887  -202.084306
-202.614890  -202.091153
-202.622323  -202.095924
-305.975576  -304.068541
-306.003513  -304.070568
-306.106840  -304.077217
-306.129528  -304.078115
-306.153984  -304.078697
-306.171963  -304.078906
-306.186239  -304.079223
-306.200492  -304.080075
-306.212047  -304.080425
-306.217612  -304.080874
-306.224512  -304.081597
-306.231993  -304.082420
-306.238762  -304.083444
-306.244023  -304.084487
-306.249470  -304.085598
-279.187228  -279.452732
-279.195998  -279.453744
-279.226120  -279.456319
-279.237304  -279.456407
-279.246468  -279.456611
-279.260100  -279.456767
-279.266141  -279.456203
-279.271990  -279.454765
-279.276429  -279.453639
-279.280452  -279.451120
-279.283719  -279.449650
-279.287962  -279.449023
-279.292617  -279.448785
-279.294843  -279.447665
-279.296823  -279.448885
-96.798935  -97.227888
-96.809191  -97.230895
-96.836553  -97.238927
-96.845007  -97.240568
-96.856210  -97.240944
-96.865583  -97.239547
-96.874062  -97.237345
-96.881948  -97.235600
-96.888538  -97.235279
-96.896561  -97.235527
-96.902300  -97.236666
-96.908887  -97.237535
-96.912560  -97.235693
-96.915751  -97.237238
-96.918956  -97.238206
-265.574033  -266.111306
-265.586872  -266.110929
-265.644046  -266.095783
-265.654743  -266.089499
-265.674191  -266.082754
-265.694298  -266.067710
-265.704093  -266.065748
-265.719171  -266.071577
-265.733523  -266.066812
-265.749952  -266.050811
-265.760528  -266.042986
-265.777984  -266.028852
-265.790779  -266.023728
-265.802201  -266.028754
-265.814758  -266.021938
-266.103870  -266.473346
-266.126258  -266.477310
-266.209542  -266.490248
-266.224767  -266.491095
-266.255160  -266.492597
-266.269172  -266.493090
-266.287503  -266.493334
-266.307579  -266.494239
-266.330267  -266.493781
-266.346925  -266.495132
-266.373266  -266.499290
-266.401068  -266.499117
-266.420134  -266.499265
-266.445986  -266.499162
-266.461550  -266.503385
-83.469159  -84.275942
-83.492335  -84.276345
-83.552397  -84.259970
-83.563314  -84.265398
-83.582081  -84.269744
-83.591615  -84.270331
-83.598391  -84.271246
-83.608683  -84.272171
-83.613012  -84.274042
-83.619639  -84.276609
-83.622900  -84.277446
-83.628350  -84.277107
-83.632184  -84.278079
-83.635754  -84.278331
-83.638513  -84.278677
-91.501415  -91.865291
-91.510564  -91.866098
-91.534367  -91.865441
-91.543747  -91.865091
-91.556824  -91.864941
-91.564212  -91.866852
-91.570666  -91.867973
-91.572960  -91.868539
-91.577402  -91.867211
-91.580421  -91.864967
-91.583343  -91.864284
-91.587414  -91.863541
-91.591167  -91.862882
-91.594945  -91.864502
-91.601029  -91.866888
-86.883069  -86.418377
-86.894192  -86.418849
-86.932136  -86.414622
-86.941016  -86.411369
-86.950104  -86.410305
-86.960723  -86.408518
-86.964402  -86.409654
-86.967801  -86.412674
-86.970123  -86.411967
-86.972993  -86.411320
-86.978455  -86.409003
-86.980058  -86.409015
-86.984337  -86.410608
-86.986704  -86.410391
-86.990403  -86.410372
-92.962066  -92.292644
-92.969119  -92.292664
-92.994157  -92.290859
-93.006291  -92.284453
-93.009456  -92.285715
-93.017186  -92.288423
-93.021541  -92.287393
-93.023569  -92.286771
-93.026228  -92.287289
-93.028942  -92.286544
-93.031422  -92.286673
-92.817816  -92.212105
-93.035242  -92.285594
-93.035995  -92.285332
-93.037217  -92.285918
-97.737883  -97.430751
-97.740303  -97.430657
-97.747433  -97.429439
-97.749321  -97.428535
-97.750991  -97.428082
-97.752465  -97.429014
-97.754750  -97.430831
-97.755525  -97.431356
-97.749986  -97.431726
-97.756253  -97.432321
-97.756618  -97.432220
-162.956611  -163.922065
-163.010176  -163.926194
-163.157792  -163.943187
-163.245720  -163.957961
-163.340343  -163.983985
-163.403745  -164.009940
-163.474481  -164.040021
-163.523267  -164.056330
-163.587336  -164.087361
-163.634916  -164.109299
-163.696665  -164.150126
-163.733102  -164.178145
-163.770198  -164.205058
-163.800249  -164.225226
-163.825362  -164.242276
-289.401002  -290.998834
-289.470614  -291.012710
-289.794884  -291.102470
-289.905514  -291.144255
-290.140043  -291.248174
-290.265482  -291.280409
-290.443621  -291.303989
-290.519265  -291.319036
-290.694796  -291.354512
-290.799698  -291.383422
-290.950516  -291.429936
-291.063484  -291.466334
-291.193690  -291.483864
-291.276096  -291.490576
-291.349804  -291.491825
-183.257797  -180.730882
-183.270770  -180.733138
-183.298537  -180.736302
-183.308003  -180.737220
-183.328256  -180.739151
-183.339109  -180.739699
-183.349514  -180.740237
-183.360974  -180.741659
-183.371737  -180.742848
-183.375775  -180.743958
-183.382817  -180.746864
-183.387276  -180.748686
-183.391650  -180.750901
-183.393433  -180.751726
-183.395718  -180.752457
-289.833576  -291.317991
-289.863545  -291.318802
-289.966310  -291.313339
-289.999607  -291.306391
-290.031534  -291.301149
-290.061531  -291.298919
-290.079453  -291.300288
-290.092584  -291.302720
-290.108604  -291.305309
-290.121651  -291.306661
-290.134501  -291.305954
-290.144357  -291.304542
-290.158848  -291.301792
-290.169926  -291.299381
-290.178168  -291.296305
-305.456484  -304.045081
-305.490996  -304.047137
-305.609986  -304.053556
-305.634190  -304.054660
-305.661507  -304.055568
-305.686293  -304.055921
-305.704023  -304.056235
-305.719454  -304.057047
-305.733395  -304.057599
-305.740835  -304.058758
-305.750521  -304.061017
-305.756439  -304.063043
-305.764457  -304.065805
-305.770905  -304.069509
-305.774302  -304.069699
-267.285346  -266.783798
-267.288235  -266.784845
-267.300227  -266.789774
-267.310005  -266.797560
-267.315256  -266.799676
-267.323602  -266.802029
-267.329218  -266.807454
-267.332653  -266.810663
-267.339416  -266.814185
-267.346723  -266.820080
-267.350501  -266.829870
-267.355374  -266.826645
-267.358580  -266.825108
-267.363051  -266.827393
-267.364821  -266.827408
-149.587523  -149.880033
-149.644343  -149.903893
-149.784268  -149.965087
-149.824726  -149.983264
-149.884070  -150.013117
-149.905122  -150.022150
-149.941892  -150.037575
-149.971309  -150.050017
-149.996375  -150.058981
-150.027997  -150.069469
-150.054160  -150.078097
-150.080909  -150.086738
-150.103131  -150.093469
-150.128489  -150.100475
-150.160777  -150.110161
-108.495452  -108.146658
-108.496699  -108.147353
-108.499431  -108.150053
-97.744280  -97.430334
-97.745887  -97.430389
-97.751418  -97.429606
-97.752420  -97.429458
-97.754044  -97.429831
-97.755434  -97.430326
-97.756426  -97.430909
-97.757394  -97.432140
-97.757954  -97.433198
-97.758104  -97.433494
-212.098021  -212.568708
-212.152161  -212.571539
-212.309591  -212.557264
-212.344111  -212.563911
-212.417334  -212.569686
-212.433210  -212.572255
-212.465901  -212.570283
-212.489464  -212.578740
-212.500264  -212.582578
-212.530673  -212.591027
-212.548913  -212.594729
-212.565676  -212.596000
-212.578045  -212.596130
-212.570311  -212.582131
-212.606728  -212.596109
-193.680607  -191.742440
-193.721474  -191.748467
-193.853216  -191.762468
-193.878413  -191.765569
-193.942895  -191.771324
-193.965205  -191.772251
-194.008382  -191.765348
-194.027628  -191.768275
-194.057516  -191.766824
-194.069875  -191.766971
-194.094615  -191.760356
-194.103871  -191.762848
-194.115567  -191.760048
-194.123166  -191.760645
-194.138201  -191.761096
-72.508280  -73.353203
-72.516436  -73.354626
-72.549345  -73.357842
-72.559400  -73.356677
-72.569375  -73.357554
-72.598053  -73.362531
-72.625302  -73.369452
-72.647040  -73.377369
-72.669395  -73.387631
-72.690712  -73.399047
-72.707271  -73.407722
-72.719373  -73.412997
-72.732732  -73.418872
-72.742317  -73.422823
-72.751084  -73.426178
-97.751417  -97.430561
-97.752253  -97.430553
-97.754300  -97.430395
-97.755481  -97.429106
-97.756311  -97.429654
-97.756849  -97.430718
-97.757289  -97.430609
-335.289793  -333.749529
-335.300225  -333.750202
-335.330598  -333.749949
-335.339595  -333.749333
-335.349712  -333.749834
-335.358841  -333.751799
-335.366308  -333.754195
-335.370164  -333.756167
-335.377094  -333.759296
-335.381341  -333.760949
-335.385867  -333.761756
-335.391344  -333.762502
-335.395469  -333.762721
-335.397180  -333.762751
-335.399614  -333.763093
-338.635879  -338.790455
-338.670210  -338.794796
-338.763444  -338.806049
-338.790888  -338.808533
-338.846586  -338.812875
-338.910760  -338.812430
-338.933669  -338.813317
-338.986931  -338.812762
-339.001631  -338.811898
-339.025473  -338.812763
-339.042719  -338.814635
-339.056954  -338.817845
-339.070233  -338.822343
-339.083062  -338.826067
-339.092634  -338.828378
-323.516274  -324.783130
-323.555925  -324.787725
-323.655825  -324.788425
-323.678814  -324.786353
-323.754211  -324.777219
-323.809127  -324.770108
-323.854340  -324.768382
-323.890657  -324.771241
-323.929207  -324.774336
-323.966677  -324.776771
-324.000330  -324.775176
-324.026029  -324.777085
-324.062783  -324.781392
-324.096400  -324.788575
-324.133878  -324.795894
-266.478885  -267.037214
-266.502101  -267.040293
-266.582490  -267.047546
-266.610396  -267.046859
-266.631728  -267.048686
-266.670070  -267.055015
-266.692844  -267.055525
-266.704990  -267.058229
-266.732852  -267.061434
-266.756048  -267.058536
-266.775510  -267.055259
-266.828769  -267.040067
-266.853808  -267.038237
-266.893558  -267.020074
-266.918068  -267.028567
-266.733599  -266.666457
-266.744136  -266.668384
-266.780146  -266.673390
-266.793515  -266.673654
-266.800002  -266.674295
-266.810614  -266.671235
-266.819986  -266.675880
-266.824152  -266.677142
-266.830970  -266.679627
-266.838991  -266.681696
-266.843625  -266.682302
-266.846918  -266.682671
-266.853666  -266.682265
-266.857545  -266.682579
-266.863907  -266.682825
-181.506686  -180.467648
-181.538939  -180.470606
-181.662127  -180.463873
-181.708041  -180.459590
-181.795891  -180.446919
-181.833042  -180.453773
-181.889412  -180.458297
-181.910231  -180.462844
-181.944635  -180.456970
-181.960130  -180.458553
-181.996657  -180.453322
-182.018756  -180.458144
-182.052375  -180.455941
-182.065741  -180.458466
-182.090257  -180.462866
-181.958935  -180.517083
-181.985599  -180.520126
-182.087621  -180.518086
-182.107551  -180.522514
-182.157619  -180.526273
-182.180229  -180.522495
-182.201572  -180.518939
-182.230092  -180.513736
-182.247824  -180.514001
-182.266142  -180.514580
-182.278322  -180.517788
-182.294899  -180.519296
-182.303548  -180.521556
-182.315624  -180.522201
-182.323602  -180.523691
-97.617403  -97.516721
-97.620949  -97.516981
-97.633940  -97.516422
-97.638707  -97.515397
-97.644031  -97.514265
-97.650436  -97.512410
-97.654143  -97.513285
-97.657818  -97.514612
-97.659058  -97.514124
-97.660014  -97.513993
-97.661114  -97.514784
-97.662151  -97.514250
-97.663598  -97.514258
-97.665313  -97.513958
-97.664205  -97.511218
-211.413875  -212.292339
-211.465747  -212.292852
-211.599852  -212.277453
-211.635577  -212.277606
-211.761169  -212.267055
-211.797604  -212.269061
-211.906591  -212.251017
-211.947548  -212.258259
-212.016190  -212.253801
-212.049685  -212.250391
-212.107916  -212.240216
-212.138883  -212.240745
-212.189461  -212.224801
-212.216906  -212.231977
-212.283192  -212.240649
-316.674796  -318.341959
-316.724375  -318.345438
-316.822082  -318.334830
-316.858431  -318.333551
-316.998471  -318.311676
-317.032169  -318.310606
-317.097638  -318.300869
-317.139219  -318.301209
-317.205353  -318.289201
-317.246257  -318.286623
-317.303692  -318.270383
-317.357951  -318.272008
-317.415107  -318.267084
-317.443867  -318.281094
-317.471883  -318.290139
-191.533407  -191.112826
-191.616172  -191.122200
-191.797379  -191.115110
-191.838377  -191.111468
-191.965237  -191.077180
-192.006060  -191.076876
-192.099254  -191.036885
-192.135821  -191.053165
-192.174791  -191.053261
-192.200809  -191.036785
-192.235044  -191.007710
-192.261888  -190.990401
-192.286061  -190.969080
-192.298057  -190.974029
-192.316743  -190.976852
-97.577184  -97.500697
-97.583257  -97.502003
-97.603251  -97.505034
-97.608576  -97.505697
-97.615304  -97.505973
-97.620768  -97.504849
-97.622722  -97.503949
-97.626025  -97.503171
-97.628579  -97.501630
-97.630808  -97.502203
-97.634118  -97.504769
-97.636302  -97.505313
-97.639854  -97.504875
-97.639989  -97.500111
-97.644759  -97.503153
-305.200636  -304.007614
-305.230942  -304.008921
-305.360169  -304.013553
-305.396614  -304.015486
-305.429185  -304.018744
-305.457358  -304.022474
-305.476456  -304.025329
-305.492764  -304.028184
-305.506880  -304.030298
-305.515364  -304.031174
-305.520230  -304.031501
-305.527058  -304.032019
-305.530809  -304.032534
-305.539090  -304.033776
-305.543475  -304.034604
-201.658052  -204.954176
-201.747540  -204.965954
-201.912146  -204.968787
-201.961836  -204.967682
-202.043476  -204.961371
-202.073911  -204.962513
-202.107583  -204.964733
-202.126132  -204.969107
-202.151571  -204.974919
-202.164712  -204.978477
-202.184457  -204.982301
-202.193793  -204.980521
-202.203156  -204.980888
-202.219644  -204.978250
-202.228695  -204.975695
-86.978588  -87.851195
-86.995271  -87.854173
-87.032790  -87.856488
-87.055205  -87.856376
-87.075867  -87.855393
-87.085412  -87.854223
-87.092362  -87.850849
-87.096162  -87.850310
-87.100713  -87.849217
-87.102902  -87.846149
-87.105165  -87.845130
-87.096837  -87.825275
-87.110290  -87.840568
-87.111423  -87.843687
-87.112952  -87.844245
-258.329624  -259.145001
-258.367159  -259.155972
-258.463412  -259.181855
-258.511878  -259.193598
-258.540171  -259.199956
-258.605623  -259.210524
-258.632447  -259.212461
-258.672383  -259.215725
-258.707689  -259.218989
-258.737962  -259.223937
-258.765473  -259.229060
-258.784189  -259.233805
-258.814098  -259.243485
-258.841483  -259.255018
-258.863466  -259.265073
-146.513239  -148.782375
-146.636030  -148.750551
-146.671329  -148.737675
-146.722870  -148.727437
-146.765844  -148.738575
-146.814885  -148.765481
-146.841008  -148.782898
-146.880318  -148.800369
-146.923778  -148.806115
-146.983785  -148.800085
-147.027234  -148.794320
-147.079765  -148.787072
-147.118377  -148.789409
-147.180565  -148.799590
-79.457575  -79.568673
-79.470830  -79.571949
-79.517544  -79.581535
-79.535811  -79.582184
-79.544505  -79.582393
-79.560428  -79.581212
-79.565991  -79.579212
-79.571305  -79.578524
-79.482690  -79.513088
-79.582871  -79.573574
-79.585600  -79.571652
-79.590519  -79.570414
-79.597769  -79.562796
-79.599832  -79.562898
-79.603340  -79.566266
-87.468589  -86.847114
-87.472547  -86.847504
-87.486309  -86.847864
-87.493339  -86.846948
-87.496686  -86.847485
-87.506331  -86.849304
-87.511848  -86.849446
-87.514580  -86.850165
-87.519590  -86.848325
-87.522626  -86.850654
-87.524945  -86.851407
-87.527464  -86.852594
-87.533029  -86.854383
-87.535440  -86.854726
-87.540719  -86.855024
-213.865565  -217.675140
-213.929276  -217.681023
-214.098015  -217.677461
-214.132948  -217.681712
-214.219739  -217.683641
-214.240558  -217.684777
-214.280668  -217.673871
-214.306319  -217.684781
-214.325170  -217.687721
-214.360253  -217.684743
-214.385635  -217.683502
-214.459038  -217.658966
-214.490577  -217.673232
-214.532692  -217.683945
-214.585679  -217.691228
-178.691742  -179.245160
-178.716881  -179.249761
-178.793034  -179.260500
-178.815724  -179.263334
-178.879605  -179.271237
-178.909850  -179.278504
-178.954258  -179.289089
-178.974772  -179.293540
-179.013928  -179.302947
-179.036567  -179.307653
-179.070748  -179.315260
-179.085195  -179.318641
-179.107000  -179.324900
-179.119575  -179.328513
-179.142525  -179.339153
-299.023071  -300.268879
-299.047343  -300.272567
-299.137654  -300.273423
-299.160816  -300.271981
-299.204907  -300.271887
-299.230960  -300.275044
-299.254445  -300.281730
-299.272405  -300.291232
-299.291442  -300.301805
-299.301955  -300.306371
-299.312635  -300.309266
-299.322419  -300.311924
-299.335500  -300.314597
-299.345918  -300.320511
-299.356704  -300.327941
-173.495806  -173.729740
-173.515829  -173.732470
-173.556525  -173.732754
-173.571296  -173.733704
-173.610666  -173.732540
-173.621974  -173.733678
-173.640539  -173.733265
-173.649021  -173.732725
-173.664063  -173.731501
-173.678914  -173.725377
-173.694303  -173.720556
-173.715494  -173.713624
-173.729510  -173.707695
-173.742767  -173.707574
-173.757962  -173.701517
-326.587212  -326.648576
-326.609056  -326.650906
-326.681782  -326.654197
-326.699201  -326.654651
-326.725229  -326.658477
-326.750556  -326.656288
-326.769279  -326.663466
-326.779912  -326.667445
-326.793386  -326.672142
-326.802903  -326.674829
-326.812919  -326.677385
-326.824162  -326.680851
-326.830520  -326.682462
-326.835264  -326.683258
-326.839937  -326.684414
-199.384400  -201.095980
-199.443248  -201.100433
-199.594475  -201.089653
-199.619797  -201.087462
-199.680592  -201.075731
-199.701876  -201.077562
-199.741253  -201.072579
-199.756885  -201.077268
-199.781822  -201.076499
-199.794534  -201.074482
-199.808307  -201.072575
-199.819671  -201.070809
-199.826735  -201.070539
-199.834627  -201.070479
-199.842344  -201.072340
-246.885490  -246.399450
-246.904444  -246.401567
-246.972708  -246.401353
-247.001837  -246.388126
-247.018947  -246.382315
-247.060413  -246.368204
-247.082038  -246.365846
-247.111806  -246.364881
-247.135227  -246.355712
-247.150466  -246.356355
-247.173708  -246.350888
-247.185223  -246.354987
-247.207650  -246.360980
-247.220178  -246.356135
-247.234442  -246.342497
-286.719411  -285.828728
-286.732250  -285.830635
-286.774305  -285.836262
-286.784276  -285.836972
-286.797708  -285.837762
-286.808690  -285.837732
-286.814420  -285.838160
-286.823749  -285.838442
-286.826930  -285.837931
-286.830822  -285.837502
-286.832758  -285.836775
-286.835449  -285.834580
-286.837704  -285.834704
-286.841033  -285.835120
-286.842579  -285.835615
-264.873574  -266.118243
-264.889785  -266.121812
-264.938152  -266.133284
-264.953339  -266.136753
-264.970698  -266.140325
-264.993358  -266.144204
-265.005092  -266.145485
-265.018733  -266.145571
-265.033844  -266.141317
-265.042234  -266.141704
-265.055347  -266.141078
-265.062213  -266.139637
-265.069362  -266.139878
-265.077474  -266.141207
-265.082532  -266.140713
-276.550553  -277.590834
-276.586977  -277.596649
-276.706050  -277.611610
-276.745465  -277.611292
-276.782111  -277.609025
-276.834600  -277.606476
-276.873287  -277.607070
-276.904910  -277.611275
-276.942412  -277.617601
-276.976789  -277.623701
-277.007579  -277.630055
-277.037256  -277.635920
-277.064726  -277.640448
-277.090099  -277.643882
-277.109840  -277.646863
-333.803831  -333.309046
-333.822104  -333.309760
-333.888667  -333.306443
-333.906505  -333.301709
-333.921994  -333.299262
-333.934366  -333.299633
-333.945594  -333.302040
-333.954179  -333.304630
-333.963905  -333.308156
-333.972611  -333.309808
-333.982259  -333.309817
-333.987583  -333.309513
-333.998178  -333.308913
-334.003636  -333.308045
-334.009472  -333.307843
-97.398626  -97.382874
-97.401087  -97.383103
-97.407152  -97.383182
-97.409160  -97.383271
-97.410786  -97.383875
-97.401316  -97.382161
-97.414213  -97.385254
-97.414844  -97.385342
-97.416887  -97.385817
-97.417669  -97.385900
-97.417803  -97.386167
-97.415121  -97.384895
-97.419595  -97.386372
-97.420634  -97.386317
-97.420872  -97.386434
-253.157291  -253.122487
-253.165311  -253.123483
-253.196066  -253.124170
-253.204195  -253.119574
-253.208775  -253.119207
-253.220472  -253.123183
-253.230202  -253.123374
-253.236025  -253.123348
-253.244355  -253.123781
-253.251108  -253.122549
-253.258772  -253.122751
-253.266901  -253.123019
-253.269135  -253.124037
-253.268078  -253.129021
-253.277283  -253.128784
-259.637005  -259.105182
-259.655214  -259.109133
-259.705896  -259.118693
-259.721995  -259.120912
-259.748391  -259.124881
-259.764610  -259.128864
-259.789215  -259.137647
-259.808120  -259.145362
-259.828494  -259.155223
-259.846528  -259.162737
-259.868125  -259.171363
-259.886862  -259.181678
-259.904009  -259.187349
-259.925054  -259.199764
-259.939523  -259.212516
-97.590890  -97.606987
-97.608800  -97.609163
-97.665295  -97.610637
-97.677710  -97.612445
-97.703991  -97.616378
-97.719303  -97.616687
-97.737315  -97.617521
-97.763922  -97.618085
-97.778011  -97.617697
-97.790893  -97.614089
-97.801104  -97.611307
-97.818564  -97.609677
-97.834228  -97.602447
-97.843389  -97.602043
-97.857218  -97.597273
-92.843353  -92.325597
-92.846549  -92.325933
-92.860545  -92.326406
-92.863941  -92.326646
-92.869302  -92.327495
-92.878533  -92.327207
-92.880566  -92.327260
-92.887084  -92.326682
-92.893719  -92.323493
-92.897636  -92.321721
-92.905036  -92.317846
-92.907045  -92.319536
-92.909535  -92.321828
-92.911131  -92.321735
-92.913831  -92.321418
-97.659818  -97.513286
-97.661574  -97.513602
-97.666276  -97.514341
-97.669257  -97.514546
-97.670783  -97.514110
-97.671725  -97.514208
-97.673002  -97.513995
-329.470457  -331.441955
-329.500437  -331.448338
-329.596463  -331.469595
-329.623153  -331.475919
-329.658709  -331.485245
-329.696271  -331.496785
-329.729733  -331.507839
-329.765659  -331.518690
-329.806808  -331.530001
-329.845016  -331.538854
-329.885875  -331.547839
-329.924475  -331.554842
-329.973182  -331.562040
-330.012782  -331.565022
-330.067236  -331.568189
-97.659396  -97.514249
-97.662290  -97.514723
-97.671576  -97.515643
-97.675990  -97.515042
-97.678305  -97.515289
-97.681597  -97.515170
-97.683482  -97.515243
-97.684292  -97.515534
-97.684814  -97.514374
-97.686083  -97.515173
-97.687377  -97.515426
-97.688619  -97.515611
-97.690200  -97.515835
-97.690189  -97.514863
-97.692361  -97.515928
-160.384685  -161.728985
-160.408794  -161.736231
-160.479517  -161.757740
-160.492846  -161.760598
-160.506957  -161.761955
-160.518404  -161.761767
-160.531133  -161.762013
-160.542514  -161.762647
-160.550873  -161.766213
-160.561045  -161.774767
-160.568562  -161.783807
-160.572333  -161.786003
-160.580294  -161.787980
-160.586361  -161.790404
-160.592485  -161.792993
-219.069621  -218.793987
-219.118965  -218.798378
-219.236468  -218.796050
-219.270160  -218.796091
-219.334594  -218.790792
-219.349416  -218.792713
-219.381871  -218.788695
-219.398376  -218.792220
-219.421875  -218.794970
-219.435114  -218.789780
-219.444719  -218.784834
-219.454341  -218.784460
-219.469078  -218.778866
-219.479341  -218.785813
-219.490566  -218.792630
-335.261007  -337.441700
-335.303151  -337.447932
-335.433394  -337.463851
-335.471098  -337.465848
-335.530260  -337.466868
-335.564462  -337.466039
-335.592728  -337.464539
-335.621974  -337.463163
-335.658811  -337.463784
-335.709374  -337.468046
-335.764679  -337.476959
-335.825311  -337.492410
-335.884241  -337.512268
-335.918999  -337.525795
-335.952547  -337.539249
-184.582361  -185.165139
-184.634045  -185.172673
-184.782554  -185.179678
-184.837475  -185.184707
-184.957526  -185.197500
-184.996324  -185.205716
-185.040702  -185.213005
-185.073523  -185.217778
-185.113124  -185.221163
-185.137373  -185.225495
-185.167431  -185.231343
-185.192617  -185.238399
-185.228712  -185.246945
-185.258014  -185.254456
-185.291060  -185.249559
-105.867555  -106.644366
-105.884848  -106.647566
-105.926231  -106.659776
-105.934029  -106.664449
-105.950386  -106.678051
-105.955574  -106.692518
-105.957091  -106.692507
-105.959015  -106.692837
-105.959782  -106.693305
-97.420934  -97.381329
-97.421567  -97.381326
-97.424279  -97.381527
-97.423349  -97.380330
-97.426979  -97.382109
-97.427903  -97.382496
-97.428315  -97.382873
-77.899545  -79.204633
-77.913525  -79.204557
-77.962563  -79.193962
-77.969407  -79.193904
-77.984007  -79.195657
-77.990562  -79.193711
-77.996730  -79.184723
-77.999788  -79.187615
-78.004101  -79.185623
-78.006647  -79.184819
-78.008463  -79.182748
-78.010261  -79.182944
-78.010963  -79.177358
-78.015384  -79.182199
-78.016454  -79.182753
-92.983246  -92.294905
-92.986843  -92.295004
-92.999490  -92.293612
-93.007232  -92.290508
-93.010350  -92.290102
-93.016096  -92.290218
-93.018441  -92.288309
-93.019760  -92.287651
-93.021447  -92.288294
-93.022252  -92.288003
-93.023809  -92.288150
-93.024847  -92.287591
-93.025869  -92.287072
-93.026226  -92.287098
-92.447835  -92.138126
-339.238796  -339.038535
-339.257801  -339.041047
-339.354046  -339.052069
-339.380398  -339.053942
-339.396258  -339.056381
-339.418241  -339.061104
-339.433668  -339.064867
-339.454647  -339.069600
-339.472830  -339.072465
-339.491878  -339.074273
-339.504355  -339.075857
-339.521870  -339.079557
-339.540910  -339.085167
-339.558508  -339.091653
-339.572862  -339.097151
-334.688033  -333.202094
-334.705829  -333.203743
-334.760440  -333.205735
-334.779898  -333.204311
-334.795586  -333.204412
-334.809026  -333.205356
-334.816304  -333.207403
-334.824242  -333.211867
-334.834496  -333.215334
-334.841844  -333.216152
-334.850013  -333.215402
-334.854514  -333.215120
-334.863211  -333.214687
-334.866451  -333.215402
-334.870899  -333.215581
-86.097440  -86.175449
-86.105653  -86.176664
-86.132979  -86.180193
-86.150825  -86.180547
-86.156242  -86.182451
-86.168470  -86.188089
-86.172080  -86.188818
-86.174623  -86.188456
-86.176334  -86.188286
-86.176000  -86.183831
-86.178766  -86.187099
-86.179653  -86.186997
-86.181071  -86.187603
-86.182016  -86.187688
-86.183573  -86.187440
-180.643746  -184.451192
-180.748568  -184.468167
-180.981802  -184.486945
-181.063358  -184.491092
-181.212027  -184.486897
-181.271963  -184.488211
-181.375768  -184.481925
-181.401362  -184.483508
-181.439841  -184.477387
-181.463731  -184.474015
-181.504096  -184.463268
-181.530926  -184.464710
-181.563569  -184.450661
-181.581512  -184.462109
-181.604910  -184.474261
-198.931504  -201.052330
-198.977277  -201.056583
-199.072630  -201.058837
-199.095810  -201.062342
-199.157789  -201.076183
-199.173705  -201.079982
-199.213739  -201.087783
-199.226415  -201.088888
-199.252029  -201.090781
-199.262150  -201.092663
-199.285664  -201.096276
-199.297239  -201.096450
-199.312867  -201.094424
-199.332974  -201.087696
-199.354071  -201.079279
-218.522379  -218.503731
-218.577762  -218.507687
-218.727844  -218.502565
-218.765883  -218.503547
-218.863448  -218.495704
-218.890646  -218.503002
-218.946519  -218.510080
-218.967857  -218.511621
-219.002070  -218.508418
-219.017684  -218.513394
-219.054965  -218.525732
-219.069799  -218.530386
-219.102618  -218.541122
-219.113802  -218.541013
-219.147793  -218.535237
-201.762114  -202.163708
-201.801520  -202.164335
-201.926358  -202.152491
-201.953816  -202.148856
-201.995785  -202.143081
-202.011681  -202.142690
-202.027054  -202.141135
-202.036499  -202.144181
-202.052185  -202.147966
-202.060309  -202.146556
-202.074374  -202.142561
-202.084446  -202.140784
-202.093534  -202.135840
-202.098543  -202.138133
-202.106640  -202.140610
-277.243764  -278.624566
-277.268583  -278.627760
-277.371240  -278.640393
-277.395884  -278.642367
-277.417799  -278.643643
-277.439083  -278.644479
-277.457428  -278.644633
-277.470252  -278.644873
-277.482330  -278.644576
-277.496180  -278.642034
-277.506781  -278.641682
-277.527885  -278.640895
-277.549393  -278.632592
-277.560893  -278.632324
-277.578404  -278.631509
-205.994368  -207.206262
-206.114847  -207.223618
-206.395766  -207.244575
-206.452624  -207.252981
-206.571897  -207.264556
-206.601840  -207.269121
-206.668865  -207.281744
-206.692345  -207.286650
-206.723394  -207.291902
-206.737735  -207.294451
-206.767657  -207.299596
-206.781612  -207.301723
-206.759990  -207.292030
-206.811822  -207.305304
-206.822595  -207.307229
-178.940285  -179.478571
-178.976833  -179.482591
-179.032876  -179.480167
-179.051043  -179.478529
-179.092481  -179.476715
-179.122070  -179.472598
-179.138805  -179.475933
-179.172048  -179.482889
-179.187227  -179.485595
-179.216972  -179.484882
-179.231790  -179.486594
-179.261951  -179.481253
-179.275625  -179.487620
-179.298560  -179.494768
-179.312996  -179.499376
-189.501682  -190.644933
-189.539702  -190.648155
-189.638959  -190.649072
-189.666165  -190.652118
-189.724253  -190.658468
-189.746149  -190.663308
-189.795326  -190.673554
-189.815293  -190.677257
-189.839898  -190.680134
-189.857712  -190.681158
-189.878773  -190.682700
-189.896404  -190.685303
-189.912198  -190.689457
-189.927939  -190.694837
-189.939623  -190.699590
-158.405047  -156.726590
-158.420616  -156.728749
-158.490584  -156.729045
-158.518571  -156.723819
-158.543348  -156.719755
-158.560178  -156.718911
-158.574344  -156.718830
-158.585062  -156.721301
-158.598123  -156.718900
-158.606520  -156.721843
-158.623918  -156.723089
-158.634966  -156.723233
-158.659627  -156.722076
-158.669164  -156.723961
-158.681625  -156.725757
-289.567238  -290.877171
-289.589354  -290.879212
-289.642627  -290.881709
-289.657061  -290.882641
-289.682513  -290.887063
-289.700302  -290.892208
-289.713729  -290.896862
-289.719596  -290.898341
-289.728131  -290.898540
-289.748902  -290.898235
-289.778952  -290.898592
-289.824621  -290.901839
-289.849492  -290.904808
-289.881877  -290.908301
-289.898677  -290.911988
-95.335095  -96.380654
-95.345901  -96.383393
-95.371638  -96.390136
-95.375466  -96.391286
-95.383184  -96.394067
-95.388620  -96.396552
-95.391459  -96.398982
-95.396418  -96.399906
-95.399475  -96.400622
-95.401141  -96.401302
-95.403739  -96.402204
-95.406166  -96.403711
-95.407053  -96.404612
-95.408035  -96.404888
-95.410199  -96.406100
-189.186422  -189.796199
-189.232697  -189.801736
-189.379835  -189.807291
-189.404566  -189.809895
-189.461598  -189.812583
-189.480663  -189.809848
-189.501658  -189.807623
-189.523980  -189.806133
-189.538602  -189.809320
-189.555175  -189.813132
-189.566830  -189.816813
-189.590054  -189.821356
-189.601449  -189.821561
-189.607550  -189.822138
-189.618329  -189.822438
-299.470804  -298.267822
-299.491692  -298.269326
-299.551975  -298.269916
-299.572942  -298.267381
-299.604243  -298.262387
-299.635512  -298.252657
-299.649505  -298.252631
-299.675533  -298.254196
-299.684927  -298.251249
-299.697059  -298.250087
-299.710005  -298.249571
-299.719307  -298.250838
-299.728954  -298.252301
-299.735201  -298.252521
-299.741409  -298.253536
-214.085955  -217.301621
-214.160343  -217.309557
-214.325174  -217.317657
-214.370659  -217.320762
-214.475963  -217.327352
-214.510904  -217.333519
-214.584868  -217.349032
-214.616333  -217.355504
-214.668902  -217.363659
-214.690202  -217.363919
-214.727678  -217.358022
-214.747648  -217.364302
-214.771924  -217.371106
-214.802770  -217.379012
-214.829422  -217.384389
-331.761934  -331.513307
-331.778572  -331.514211
-331.824880  -331.512906
-331.840121  -331.512376
-331.858042  -331.515701
-331.880178  -331.520194
-331.887796  -331.522802
-331.899672  -331.526575
-331.906298  -331.527330
-331.917264  -331.527477
-331.926980  -331.527262
-331.931449  -331.528689
-331.939035  -331.532486
-331.943963  -331.536608
-331.951035  -331.546215
-182.793353  -181.197808
-182.815597  -181.199198
-182.890693  -181.193414
-182.905490  -181.193714
-182.936834  -181.196597
-182.951739  -181.193216
-182.959703  -181.194242
-182.982625  -181.195673
-182.989562  -181.195575
-183.001329  -181.186364
-183.014392  -181.194445
-183.025665  -181.196964
-183.037581  -181.196243
-183.047361  -181.194157
-183.057905  -181.185444
-266.148381  -266.712527
-266.159829  -266.713076
-266.205535  -266.711958
-266.225083  -266.706545
-266.238194  -266.704948
-266.268476  -266.704575
-266.285968  -266.705137
-266.300994  -266.706073
-266.320992  -266.706860
-266.337992  -266.705925
-266.353478  -266.702231
-266.369220  -266.700792
-266.388063  -266.699552
-266.410072  -266.691012
-266.427018  -266.689848
-97.628724  -97.501772
-97.635810  -97.504048
-97.662459  -97.514050
-97.670146  -97.517508
-97.680877  -97.523197
-97.686236  -97.524148
-97.693677  -97.524599
-97.695333  -97.524475
-97.697689  -97.524960
-97.701925  -97.526047
-97.703454  -97.526109
-97.706363  -97.525842
-97.708094  -97.524619
-97.703672  -97.517791
-97.709602  -97.522690
-105.779595  -106.721870
-105.790760  -106.724585
-105.815194  -106.734085
-105.819854  -106.737994
-105.827974  -106.745433
-105.828276  -106.760420
-105.833406  -106.755272
-105.835269  -106.751365
-105.835651  -106.750004
-105.837322  -106.751948
-105.838706  -106.753327
-105.838066  -106.757025
-105.839702  -106.754731
-105.839784  -106.753387
-97.378520  -97.384513
-97.381642  -97.385009
-97.391024  -97.385559
-97.393566  -97.385508
-97.396943  -97.385832
-97.399018  -97.384469
-97.402967  -97.386157
-97.404741  -97.386811
-97.405322  -97.387382
-97.406403  -97.387662
-97.407953  -97.387949
-97.287539  -97.355950
-97.409818  -97.388441
-97.410427  -97.388666
-97.411795  -97.389447
-200.836432  -205.091123
-200.969620  -205.121759
-201.084488  -205.142649
-201.164981  -205.158702
-201.232904  -205.171143
-271.737686  -273.806018
-271.768468  -273.808114
-271.975154  -273.767264
-272.002516  -273.748127
-272.084713  -273.677216
-272.140276  -273.644985
-272.200102  -273.634184
-272.229835  -273.639905
-272.272306  -273.644288
-272.330156  -273.650471
-272.393204  -273.637705
-272.435187  -273.652324
-272.470008  -273.673025
-272.497275  -273.684388
-272.531139  -273.698971
-286.653130  -289.189229
-286.680679  -289.190482
-286.799921  -289.189096
-286.834119  -289.186964
-286.900547  -289.183386
-286.949497  -289.182287
-286.993647  -289.181653
-287.023852  -289.180019
-287.048564  -289.174437
-287.074843  -289.163902
-287.097806  -289.152762
-287.117891  -289.143400
-287.143494  -289.129356
-287.163317  -289.122984
-287.186279  -289.113325
-92.047774  -91.946819
-92.058431  -91.948401
-92.077693  -91.948509
-92.091481  -91.944723
-92.100966  -91.943552
-92.117372  -91.937034
-92.121093  -91.935135
-92.127533  -91.928263
-92.131121  -91.923363
-92.133934  -91.921099
-92.137159  -91.920022
-92.139705  -91.920098
-92.141955  -91.919744
-92.143422  -91.918625
-92.144661  -91.918186
-305.060008  -303.753416
-305.120633  -303.755761
-305.326645  -303.754449
-305.360943  -303.754375
-305.419625  -303.757398
-305.454481  -303.762535
-305.506127  -303.771348
-305.533802  -303.776821
-305.559280  -303.781440
-305.574446  -303.783477
-305.596134  -303.786297
-305.615667  -303.788381
-305.632290  -303.789603
-305.638251  -303.790617
-305.645228  -303.791614
-181.343740  -180.253736
-181.423892  -180.267046
-181.681947  -180.289935
-181.764933  -180.296525
-181.860919  -180.307918
-181.902169  -180.316296
-181.945853  -180.324003
-181.972728  -180.328018
-181.998417  -180.329924
-182.013741  -180.329358
-182.031595  -180.328044
-182.052281  -180.327051
-182.071676  -180.327869
-182.085140  -180.329317
-182.095829  -180.331174
-72.658378  -73.559230
-72.666955  -73.559933
-72.694046  -73.558285
-72.700197  -73.555905
-72.704916  -73.556179
-72.723343  -73.550181
-72.729494  -73.552983
-72.740696  -73.554375
-72.746804  -73.555659
-72.748685  -73.555756
-72.752668  -73.546997
-72.757035  -73.551366
-72.761054  -73.552827
-72.765688  -73.553832
-72.768280  -73.553173
-97.162408  -97.469115
-97.166527  -97.469689
-97.175480  -97.470003
-97.180875  -97.469545
-97.186091  -97.468527
-97.190203  -97.466747
-97.194170  -97.465556
-97.198884  -97.462760
-97.201618  -97.457928
-97.204648  -97.456598
-97.208696  -97.454417
-97.210313  -97.447975
-97.213200  -97.445603
-97.178642  -97.384242
-97.219561  -97.432188
-296.736100  -297.030304
-296.765734  -297.033094
-296.861757  -297.040024
-296.894164  -297.041120
-296.932985  -297.043627
-296.975769  -297.047976
-297.007373  -297.051390
-297.030860  -297.053211
-297.060049  -297.054452
-297.089823  -297.056405
-297.121309  -297.056723
-297.137884  -297.056868
-297.157824  -297.058242
-297.175285  -297.058481
-297.192478  -297.060184
-266.871635  -266.749403
-266.883448  -266.748018
-266.932903  -266.729951
-266.944847  -266.721750
-266.962217  -266.711047
-266.976506  -266.707382
-266.990088  -266.705460
-266.998860  -266.708675
-267.007731  -266.710812
-267.011035  -266.712618
-267.012750  -266.705740
-267.021752  -266.709811
-267.025529  -266.710422
-267.032732  -266.711223
-267.037972  -266.710838
-265.827356  -265.906343
-265.857302  -265.915584
-265.978009  -265.952536
-265.999809  -265.958295
-266.059790  -265.976776
-266.084480  -265.984838
-266.126322  -265.997565
-266.159145  -266.007396
-266.191876  -266.018743
-266.225015  -266.031408
-266.259647  -266.044273
-266.293097  -266.057587
-266.331840  -266.080062
-266.359928  -266.099038
-266.393093  -266.127271
-207.480399  -207.110032
-207.536759  -207.119035
-207.676455  -207.134576
-207.708656  -207.139023
-207.762824  -207.145678
-207.779044  -207.147700
-207.815062  -207.150143
-207.835832  -207.149046
-207.853785  -207.147397
-207.868797  -207.144558
-207.880797  -207.141914
-207.894566  -207.141795
-207.903732  -207.138140
-207.910378  -207.141705
-207.917527  -207.146055
-214.862484  -213.110246
-214.913862  -213.115077
-215.033172  -213.119089
-215.060536  -213.123158
-215.121600  -213.131676
-215.133830  -213.135078
-215.161224  -213.143962
-215.173434  -213.147362
-215.184770  -213.150070
-215.191865  -213.151805
-215.202444  -213.154716
-215.211955  -213.157160
-215.220026  -213.159299
-215.226532  -213.160302
-215.235168  -213.161453
-96.851068  -97.231722
-96.860183  -97.232420
-96.892080  -97.230537
-96.899330  -97.229374
-96.908139  -97.228176
-96.913405  -97.226975
-96.917534  -97.226660
-96.921464  -97.226283
-96.924167  -97.225365
-96.925128  -97.224374
-96.928465  -97.225243
-96.930970  -97.228369
-96.932476  -97.228992
-96.933417  -97.228446
-96.935761  -97.228960
-97.354901  -97.378446
-97.357763  -97.378456
-97.364345  -97.377087
-97.367703  -97.375153
-97.370138  -97.374393
-97.373753  -97.368718
-97.375884  -97.370358
-97.378348  -97.370747
-97.380353  -97.369621
-97.382291  -97.367857
-97.382058  -97.358030
-97.385231  -97.364299
-97.386623  -97.365631
-97.389952  -97.366912
-97.390444  -97.368615
-194.522215  -195.426376
-194.596712  -195.432435
-194.751810  -195.429870
-194.785460  -195.431675
-194.849471  -195.436001
-194.866786  -195.438139
-194.898357  -195.444930
-194.930468  -195.453736
-194.948445  -195.459374
-194.978720  -195.472549
-194.994138  -195.481182
-195.011813  -195.489374
-195.029142  -195.503891
-195.038313  -195.507306
-195.055315  -195.519501
-334.667541  -336.836766
-334.710863  -336.839198
-334.889189  -336.833379
-334.956453  -336.814457
-335.017307  -336.799746
-335.104461  -336.786268
-335.154994  -336.791236
-335.197272  -336.804043
-335.237649  -336.813859
-335.272415  -336.819286
-335.302269  -336.819865
-335.327928  -336.818446
-335.356073  -336.814543
-335.377713  -336.810862
-335.394717  -336.809928
-210.491826  -208.318626
-210.498974  -208.319384
-210.527955  -208.319801
-210.536828  -208.319294
-210.550285  -208.317173
-210.555500  -208.317903
-210.563187  -208.318020
-210.567209  -208.317847
-210.573026  -208.317132
-210.576033  -208.316714
-210.580197  -208.315684
-210.582921  -208.313868
-210.584538  -208.312638
-210.586535  -208.312403
-210.586925  -208.310859
-96.808202  -97.246770
-96.815554  -97.248099
-96.833538  -97.250266
-96.842563  -97.250571
-96.848293  -97.251222
-96.860646  -97.252282
-96.865437  -97.253684
-96.873501  -97.256230
-96.878128  -97.257466
-96.883071  -97.258378
-96.888815  -97.259109
-96.894883  -97.259761
-96.899333  -97.259716
-96.902704  -97.259059
-96.905593  -97.259161
-93.316939  -93.612979
-93.334394  -93.615885
-93.387106  -93.621784
-93.396904  -93.623981
-93.421075  -93.627950
-93.428097  -93.628608
-93.436644  -93.626831
-93.441166  -93.628344
-93.443808  -93.628678
-93.446864  -93.628166
-93.450746  -93.626721
-93.453398  -93.625941
-93.456379  -93.627503
-93.460753  -93.631178
-93.460999  -93.633489
-72.684922  -73.412128
-72.693177  -73.413935
-72.718070  -73.417676
-72.724706  -73.417598
-72.730152  -73.418207
-72.738574  -73.420184
-72.748560  -73.422760
-72.756554  -73.425475
-72.761928  -73.428173
-72.768988  -73.432568
-72.771425  -73.433463
-72.775555  -73.435662
-72.778776  -73.437025
-72.782345  -73.438644
-72.785468  -73.440462
-305.451701  -304.064493
-305.509260  -304.066999
-305.689992  -304.069578
-305.726575  -304.070441
-305.784252  -304.073178
-305.810442  -304.075709
-305.835013  -304.079060
-305.860170  -304.082817
-305.878680  -304.084507
-305.891789  -304.085442
-305.902809  -304.086268
-305.912708  -304.087291
-305.922744  -304.088581
-305.930933  -304.090145
-305.938575  -304.092052
-92.781965  -92.274648
-92.792052  -92.275565
-92.833549  -92.272539
-92.845523  -92.271025
-92.870348  -92.266106
-92.879897  -92.266237
-92.890654  -92.264030
-92.895041  -92.265177
-92.901200  -92.264433
-92.905527  -92.262551
-92.910301  -92.261513
-92.919519  -92.260150
-92.923949  -92.260641
-92.929182  -92.258124
-92.931249  -92.259439
-108.538467  -108.163407
-108.539356  -108.163597
-108.541523  -108.163983
-108.542047  -108.163884
-108.542686  -108.163842
-108.543898  -108.163699
-280.426102  -279.275907
-280.433723  -279.277176
-280.460779  -279.281196
-280.476156  -279.282864
-280.479310  -279.283444
-280.486999  -279.284450
-280.491496  -279.284208
-280.494572  -279.283939
-280.499715  -279.282786
-280.499682  -279.282884
-280.502236  -279.281524
-280.503602  -279.282118
-280.505658  -279.282738
-280.507505  -279.283119
-280.509309  -279.283233
-253.139120  -253.320496
-253.151988  -253.320441
-253.200476  -253.304374
-253.210047  -253.300631
-253.238679  -253.294187
-253.251790  -253.288003
-253.262117  -253.284885
-253.277363  -253.279381
-253.287748  -253.274767
-253.295586  -253.272075
-253.304881  -253.262823
-253.307480  -253.259946
-253.311691  -253.266204
-253.315088  -253.265234
-253.317403  -253.264508
-73.729597  -74.999732
-73.756691  -75.001162
-73.826858  -74.994024
-73.844290  -74.994653
-73.889067  -74.989935
-73.898023  -74.991597
-73.910461  -74.988398
-73.916389  -74.988167
-73.925443  -74.983520
-73.928283  -74.982159
-73.931632  -74.980980
-73.932702  -74.981250
-73.934892  -74.983642
-73.936968  -74.985588
-73.938929  -74.987656
-257.543589  -259.390509
-257.555841  -259.389709
-257.597932  -259.383926
-257.614013  -259.379801
-257.625755  -259.383030
-257.636899  -259.392344
-257.640879  -259.397058
-257.642658  -259.400914
-257.650523  -259.404209
-257.650416  -259.408737
-257.654963  -259.405976
-257.656313  -259.405083
-257.658829  -259.404643
-257.661610  -259.404730
-257.666186  -259.406441
-332.005571  -332.025971
-332.035493  -332.027789
-332.143094  -332.025133
-332.165924  -332.023325
-332.210309  -332.021282
-332.240484  -332.020973
-332.271416  -332.022340
-332.310932  -332.024810
-332.352233  -332.023727
-332.381703  -332.023750
-332.418004  -332.024978
-332.447340  -332.027166
-332.480876  -332.031810
-332.511943  -332.037140
-332.539641  -332.045424
-97.740620  -97.439631
-97.742429  -97.439701
-97.747488  -97.439478
-97.747994  -97.438902
-97.748954  -97.439222
-97.750291  -97.439328
-97.751447  -97.439651
-97.751977  -97.439746
-322.311065  -321.003676
-322.325263  -321.004205
-322.368949  -321.001897
-322.391720  -320.994351
-322.403776  -320.992408
-322.426775  -320.990346
-322.436073  -320.990583
-322.445014  -320.994571
-322.458289  -320.996467
-322.464120  -320.996781
-322.472393  -320.998179
-322.478239  -320.998060
-322.487390  -320.997051
-322.494175  -320.996134
-322.503305  -320.995798
-217.973172  -218.471226
-218.016763  -218.477315
-218.101983  -218.485867
-218.130863  -218.492585
-218.206268  -218.524680
-218.232941  -218.531317
-218.258307  -218.542024
-218.288021  -218.558145
-218.312325  -218.575301
-218.332915  -218.584552
-218.336949  -218.631208
-218.385239  -218.616297
-218.402458  -218.620238
-218.445102  -218.641608
-218.461595  -218.652963
-188.349620  -186.802270
-188.390950  -186.806017
-188.532318  -186.796753
-188.568291  -186.796312
-188.626791  -186.791987
-188.643787  -186.794547
-188.675848  -186.800078
-188.697890  -186.799341
-188.711444  -186.798899
-188.724361  -186.798749
-188.737134  -186.792700
-188.746535  -186.797051
-188.760297  -186.800178
-188.765254  -186.800357
-188.780016  -186.794469
-105.854059  -106.635169
-105.871884  -106.638274
-105.915019  -106.651459
-105.923371  -106.654873
-105.939053  -106.667115
-105.945060  -106.677965
-105.947201  -106.681342
-105.949283  -106.683528
-105.951104  -106.687865
-105.951953  -106.689280
-105.953782  -106.689662
-289.636757  -290.212656
-289.664337  -290.212390
-289.748956  -290.209216
-289.768983  -290.210454
-289.796452  -290.214738
-289.816918  -290.216668
-289.832160  -290.218497
-289.864440  -290.221874
-289.881951  -290.224910
-289.906173  -290.231154
-289.916530  -290.234719
-289.934046  -290.241098
-289.949906  -290.249647
-289.964231  -290.257856
-289.977390  -290.264153
-103.030682  -102.838851
-103.041969  -102.837796
-103.073825  -102.826734
-103.081870  -102.820155
-103.090631  -102.811255
-103.098157  -102.809045
-103.106642  -102.806056
-103.111317  -102.806377
-103.120386  -102.807463
-103.124699  -102.804570
-103.128515  -102.801763
-103.135846  -102.799401
-103.140177  -102.798183
-103.143534  -102.798440
-103.146285  -102.797545
-204.364383  -202.777981
-204.400210  -202.779483
-204.488398  -202.773666
-204.508940  -202.773704
-204.548885  -202.773233
-204.558760  -202.776884
-204.578845  -202.783538
-204.586660  -202.784822
-204.596501  -202.784665
-204.601628  -202.784081
-204.610736  -202.782955
-204.616394  -202.783461
-204.620073  -202.784222
-204.623175  -202.786155
-204.628394  -202.789786
-293.362391  -293.970919
-293.402575  -293.980747
-293.568576  -293.998848
-293.594198  -294.000467
-293.682102  -294.005609
-293.709654  -294.015024
-293.756608  -294.034478
-293.787336  -294.048001
-293.805919  -294.056040
-293.827510  -294.067910
-293.852599  -294.078115
-293.886286  -294.090270
-293.908676  -294.102158
-293.933236  -294.121885
-293.959381  -294.152640
-202.591267  -202.383862
-202.630045  -202.385463
-202.740866  -202.376085
-202.767618  -202.372958
-202.813262  -202.368541
-202.842094  -202.368955
-202.885943  -202.367833
-202.914994  -202.365782
-202.959710  -202.346034
-202.982471  -202.346495
-203.029047  -202.318809
-203.050051  -202.331513
-203.074654  -202.336762
-203.095013  -202.332039
-203.108941  -202.321159
-97.749342  -97.429441
-97.750255  -97.429543
-97.753242  -97.429605
-97.754815  -97.428645
-97.755674  -97.429069
-97.754887  -97.429801
-97.756916  -97.429733
-272.741805  -273.367683
-272.754232  -273.367440
-272.806447  -273.360663
-272.826490  -273.350776
-272.840583  -273.346539
-272.866771  -273.340475
-272.881645  -273.336609
-272.890646  -273.336462
-272.900417  -273.336557
-272.907395  -273.332952
-272.915246  -273.329486
-272.924508  -273.323540
-272.932550  -273.320362
-272.939379  -273.321396
-272.946324  -273.320362
-192.919217  -195.891577
-192.956704  -195.899022
-193.096259  -195.923303
-193.127263  -195.929187
-193.225931  -195.943561
-193.246100  -195.945128
-193.295259  -195.942124
-193.313297  -195.942437
-193.354296  -195.939759
-193.382056  -195.934957
-193.412017  -195.931277
-193.441462  -195.924549
-193.462796  -195.929818
-193.498594  -195.934361
-193.517217  -195.937359
-267.131528  -266.782399
-267.144091  -266.783825
-267.180835  -266.784751
-267.192990  -266.781012
-267.199380  -266.780516
-267.216619  -266.773434
-267.222062  -266.773726
-267.232241  -266.771988
-267.235952  -266.768498
-267.240502  -266.767201
-267.245188  -266.759639
-267.249293  -266.756788
-267.256791  -266.753727
-267.258149  -266.751099
-267.261131  -266.750223
-91.755440  -91.920416
-91.763969  -91.921033
-91.792844  -91.918629
-91.802938  -91.917870
-91.816029  -91.911970
-91.824573  -91.917450
-91.832385  -91.921824
-91.838135  -91.923089
-91.845930  -91.921728
-91.850026  -91.921817
-91.855141  -91.922274
-91.860883  -91.920950
-91.869336  -91.919830
-91.876201  -91.918965
-91.884491  -91.916685
-286.735461  -285.911187
-286.743157  -285.912334
-286.761045  -285.915711
-286.774134  -285.917836
-286.779560  -285.917855
-286.793621  -285.916983
-286.798665  -285.916696
-286.801287  -285.917560
-286.806894  -285.919184
-286.810045  -285.920715
-286.816451  -285.923800
-286.825127  -285.929023
-286.829742  -285.928976
-286.839764  -285.928878
-286.843368  -285.928683
-155.279903  -156.841035
-155.287832  -156.843930
-155.311247  -156.852578
-155.332942  -156.860944
-155.343015  -156.863485
-155.357864  -156.866558
-155.360922  -156.866903
-155.362917  -156.868091
-155.366341  -156.873232
-155.367531  -156.873601
-213.439098  -216.209424
-213.555531  -216.225474
-213.802543  -216.258371
-213.899993  -216.279619
-214.087501  -216.335009
-214.177580  -216.368096
-214.360798  -216.446661
-214.513208  -216.507737
-214.791489  -216.586849
-215.004421  -216.632922
-215.243081  -216.698339
-215.369634  -216.732423
-215.502305  -216.777919
-215.589656  -216.803367
-215.689061  -216.841530
-259.780394  -259.974489
-259.826805  -259.984786
-259.963753  -260.016798
-260.004149  -260.025425
-260.087858  -260.041324
-260.136991  -260.051384
-260.195666  -260.064026
-260.262998  -260.074536
-260.343687  -260.079120
-260.460455  -260.077665
-260.586038  -260.083444
-260.714397  -260.106253
-260.813322  -260.113423
-260.884381  -260.129644
-260.945464  -260.130372
-338.292895  -338.236108
-338.315101  -338.235772
-338.389415  -338.220893
-338.414562  -338.209420
-338.455391  -338.187280
-338.479401  -338.171887
-338.497294  -338.164595
-338.517438  -338.159182
-338.539183  -338.149060
-338.553175  -338.148040
-338.567633  -338.144299
-338.575553  -338.144362
-338.585488  -338.139864
-338.593240  -338.139145
-338.599196  -338.133342
-97.743874  -97.435977
-97.744875  -97.436117
-97.749496  -97.435986
-97.750840  -97.435800
-97.751739  -97.436138
-97.753716  -97.436915
-97.755028  -97.437375
-97.755080  -97.437520
-285.877230  -285.808468
-285.891213  -285.810016
-285.925554  -285.813521
-285.933473  -285.814462
-285.942470  -285.816011
-285.955825  -285.818272
-285.962315  -285.818671
-285.966725  -285.818368
-285.974004  -285.815778
-285.977975  -285.815152
-285.983095  -285.814068
-285.986988  -285.811579
-285.988598  -285.811159
-285.996998  -285.810125
-286.000155  -285.809228
-183.504044  -184.701783
-183.550478  -184.710440
-183.693668  -184.734361
-183.724263  -184.743217
-183.787254  -184.770369
-183.804974  -184.776899
-183.827965  -184.786323
-183.842936  -184.791780
-183.866649  -184.800525
-183.886826  -184.810738
-183.908524  -184.820913
-183.950040  -184.842461
-183.981676  -184.856912
-184.032219  -184.875993
-184.092684  -184.897129
-204.164325  -202.430975
-204.197843  -202.434249
-204.320121  -202.439610
-204.348744  -202.440249
-204.401882  -202.440726
-204.427279  -202.442956
-204.458481  -202.443539
-204.478132  -202.445973
-204.503647  -202.445123
-204.515785  -202.444394
-204.533382  -202.437619
-204.539680  -202.438681
-204.550373  -202.438944
-204.554760  -202.436879
-204.558483  -202.435147
-206.515757  -211.294328
-206.572157  -211.309094
-206.649362  -211.331063
-206.675699  -211.339705
-206.705258  -211.350390
-206.720472  -211.353332
-206.737750  -211.353242
-206.756222  -211.351125
-206.791567  -211.344277
-206.824840  -211.329437
-206.845005  -211.328202
-206.866776  -211.298422
-206.890924  -211.308860
-104.110774  -103.073559
-104.128177  -103.077241
-104.192887  -103.093590
-104.216105  -103.103217
-104.230242  -103.111243
-104.249049  -103.124823
-104.262096  -103.134732
-104.276914  -103.146976
-104.289097  -103.154421
-104.307297  -103.172488
-104.312157  -103.171448
-104.318091  -103.174840
-104.318995  -103.174900
-104.320295  -103.176423
-104.320743  -103.180962
-185.545739  -185.325349
-185.575303  -185.326292
-185.684032  -185.305663
-185.705356  -185.307591
-185.755695  -185.292845
-185.766996  -185.298893
-185.781224  -185.299113
-185.789158  -185.293882
-185.798727  -185.280660
-185.804572  -185.280853
-185.817591  -185.282684
-185.823470  -185.278830
-185.830610  -185.275781
-185.842614  -185.269623
-185.848631  -185.269684
-159.833929  -157.767001
-159.857564  -157.766640
-159.911799  -157.749650
-159.924323  -157.744708
-159.946994  -157.736544
-159.956412  -157.732423
-159.967373  -157.728123
-159.979183  -157.729400
-159.969830  -157.687495
-160.004754  -157.717411
-160.010641  -157.717468
-160.030148  -157.701045
-160.044578  -157.675314
-160.053521  -157.664557
-160.068345  -157.654876
-97.750349  -97.426821
-97.751585  -97.427243
-97.755029  -97.428143
-97.756041  -97.428432
-97.756629  -97.428598
-97.755840  -97.428563
-97.758554  -97.429523
-97.758765  -97.429794
-244.334259  -245.805848
-244.354947  -245.808814
-244.413538  -245.817309
-244.442893  -245.820981
-244.468746  -245.823614
-244.499062  -245.827405
-244.530178  -245.830816
-244.548481  -245.834965
-244.615141  -245.851896
-244.651181  -245.859033
-244.697170  -245.868144
-244.753686  -245.880763
-244.805799  -245.891350
-244.858115  -245.899999
-244.893350  -245.904976
-151.341023  -153.819759
-151.370898  -153.821096
-151.497040  -153.804448
-151.511032  -153.804110
-151.557684  -153.803357
-151.575895  -153.800006
-151.607058  -153.793838
-151.632799  -153.791148
-151.654378  -153.789776
-151.664794  -153.787158
-151.674661  -153.782138
-151.683455  -153.776975
-151.689863  -153.771239
-151.693905  -153.767169
-151.695733  -153.769507
-70.261199  -71.524614
-70.313644  -71.526963
-70.540499  -71.471705
-70.593113  -71.482727
-70.682936  -71.447911
-70.719988  -71.477910
-70.746642  -71.486953
-70.808525  -71.496421
-70.831228  -71.486627
-70.849982  -71.480356
-70.866054  -71.477167
-70.879305  -71.479810
-70.886196  -71.483941
-70.889653  -71.485215
-70.895069  -71.481771
-283.955733  -284.815706
-283.978740  -284.814552
-284.037389  -284.802748
-284.046936  -284.801263
-284.062594  -284.802299
-284.074622  -284.801643
-284.080176  -284.801244
-284.087889  -284.802136
-284.092433  -284.800513
-284.097820  -284.800066
-284.101823  -284.793763
-284.106743  -284.797424
-284.108226  -284.797645
-284.109720  -284.799261
-284.110818  -284.798494
-311.712788  -312.044216
-311.727336  -312.045131
-311.778925  -312.043849
-311.795823  -312.041442
-311.812376  -312.045138
-311.839763  -312.058511
-311.858746  -312.072161
-311.868174  -312.078015
-311.888582  -312.089405
-311.900596  -312.093387
-311.916778  -312.095210
-311.931157  -312.094408
-311.949621  -312.092228
-311.959722  -312.093865
-311.973209  -312.100714
-162.255195  -162.390778
-162.272569  -162.394681
-162.319978  -162.401108
-162.333300  -162.401892
-162.363299  -162.404557
-162.389041  -162.398157
-162.398643  -162.402437
-162.416920  -162.406487
-162.434437  -162.408789
-162.453369  -162.409616
-162.486226  -162.409868
-162.509273  -162.409171
-162.526311  -162.410540
-162.552426  -162.416238
-162.575251  -162.422971
-293.712274  -296.025208
-293.754924  -296.030887
-293.879346  -296.047247
-293.914662  -296.053434
-293.949938  -296.061191
-293.973876  -296.067552
-294.000487  -296.075312
-294.032212  -296.084491
-294.052961  -296.088613
-294.081231  -296.092015
-294.097601  -296.092208
-294.120157  -296.089920
-294.139767  -296.084792
-294.157305  -296.079086
-294.179031  -296.071254
-259.406887  -260.067339
-259.420858  -260.069704
-259.467973  -260.077609
-259.495318  -260.081817
-259.508885  -260.084748
-259.524418  -260.090252
-259.537446  -260.097072
-259.544321  -260.100807
-259.553509  -260.104044
-259.562024  -260.108419
-259.564800  -260.109119
-259.569763  -260.108054
-259.574881  -260.107388
-259.574953  -260.108229
-259.577553  -260.111679
-304.624493  -305.337622
-304.646998  -305.341142
-304.724445  -305.345880
-304.754348  -305.329447
-304.764761  -305.332362
-304.809114  -305.346268
-304.825332  -305.344016
-304.835990  -305.346214
-304.862243  -305.358777
-304.871973  -305.367020
-304.879425  -305.373286
-304.885438  -305.376989
-304.895033  -305.385263
-304.901864  -305.385591
-304.910394  -305.385194
-319.254953  -320.352088
-319.260741  -320.351816
-319.277083  -320.348789
-319.282532  -320.345272
-319.284250  -320.345123
-319.288114  -320.342266
-319.289180  -320.342289
-319.291252  -320.343761
-319.294297  -320.342472
-319.295370  -320.341205
-319.297257  -320.327383
-319.302234  -320.336034
-319.304165  -320.336671
-319.310171  -320.343174
-319.315728  -320.344666
-292.189376  -291.807196
-292.211128  -291.808334
-292.293899  -291.809045
-292.314122  -291.808211
-292.347731  -291.807197
-292.372112  -291.808304
-292.400702  -291.810603
-292.423646  -291.813289
-292.445355  -291.815872
-292.461961  -291.817140
-292.472557  -291.818570
-292.486209  -291.819088
-292.495446  -291.819943
-292.502992  -291.820766
-292.511112  -291.821762
-210.992572  -211.090137
-211.038217  -211.096002
-211.142862  -211.106399
-211.173496  -211.109490
-211.248253  -211.118266
-211.275116  -211.125971
-211.318294  -211.141461
-211.348380  -211.154104
-211.370829  -211.164628
-211.392887  -211.175191
-211.418569  -211.190476
-211.444654  -211.203190
-211.476423  -211.221689
-211.497584  -211.234666
-211.522366  -211.255328
-177.339136  -175.627134
-177.363074  -175.629219
-177.423908  -175.623761
-177.434737  -175.624394
-177.462241  -175.626125
-177.471480  -175.626063
-177.480310  -175.626024
-177.487366  -175.625204
-177.494036  -175.625496
-177.498269  -175.619717
-177.503133  -175.620239
-177.511566  -175.620404
-177.516784  -175.617780
-177.521349  -175.616483
-177.526027  -175.616013
-195.416219  -196.454874
-195.469725  -196.458791
-195.584298  -196.459243
-195.610014  -196.457482
-195.675934  -196.442939
-195.690025  -196.442467
-195.710423  -196.439522
-195.723966  -196.437122
-195.741897  -196.423264
-195.751737  -196.422155
-195.766318  -196.415344
-195.778541  -196.400828
-195.787466  -196.395094
-195.801848  -196.367462
-195.806049  -196.377497
-277.754014  -278.609185
-277.771975  -278.610616
-277.835891  -278.609221
-277.848207  -278.605927
-277.861538  -278.603458
-277.881063  -278.585317
-277.894325  -278.592672
-277.905866  -278.595381
-277.914223  -278.592511
-277.925127  -278.586111
-277.936624  -278.575525
-277.947851  -278.567436
-277.965016  -278.553729
-277.978605  -278.544292
-278.000237  -278.522670
-151.534430  -150.451829
-151.547317  -150.453154
-151.588108  -150.450404
-151.601163  -150.446556
-151.619885  -150.440127
-151.635793  -150.435238
-151.647054  -150.436158
-151.660145  -150.436832
-151.672511  -150.432480
-151.680557  -150.434045
-151.695629  -150.435253
-151.701817  -150.435615
-151.709884  -150.434915
-151.714548  -150.438766
-151.722051  -150.442969
-301.527529  -302.706931
-301.568506  -302.706376
-301.696621  -302.693783
-301.719819  -302.692245
-301.760294  -302.688344
-301.773398  -302.689268
-301.789957  -302.693800
-301.808950  -302.701924
-301.823568  -302.710751
-301.834995  -302.718925
-301.844020  -302.723675
-301.857690  -302.735660
-301.867818  -302.735913
-301.894415  -302.736909
-301.918590  -302.745261
-164.964025  -166.199662
-164.992691  -166.206266
-165.060136  -166.214701
-165.082077  -166.216318
-165.136917  -166.215398
-165.150752  -166.216317
-165.186253  -166.209973
-165.201601  -166.210644
-165.233987  -166.207248
-165.247586  -166.209225
-165.274933  -166.204902
-165.287677  -166.206844
-165.307712  -166.208886
-165.325859  -166.203062
-165.337046  -166.206930
-259.644865  -259.857076
-259.655071  -259.858845
-259.714497  -259.865667
-259.742233  -259.861526
-259.754974  -259.861021
-259.798722  -259.859935
-259.811149  -259.856786
-259.818688  -259.855692
-259.827324  -259.857122
-259.837930  -259.852121
-259.843254  -259.849983
-259.853087  -259.848458
-259.862191  -259.844750
-259.869883  -259.843585
-259.878057  -259.843796
-85.608269  -86.008100
-85.618052  -86.009086
-85.648656  -86.009160
-85.659885  -86.007476
-85.670163  -86.006910
-85.680319  -86.007653
-85.687966  -86.008430
-85.691338  -86.010013
-85.694340  -86.011409
-85.694814  -86.010469
-85.700124  -86.012101
-85.701620  -86.012075
-85.705126  -86.011585
-85.707797  -86.010213
-85.709749  -86.009836
-265.659876  -265.890456
-265.688406  -265.896683
-265.824671  -265.926560
-265.863582  -265.935777
-265.974707  -265.969788
-266.007848  -265.979931
-266.078843  -266.005083
-266.125051  -266.023354
-266.183995  -266.045246
-266.247633  -266.066322
-266.336595  -266.101628
-266.395543  -266.119140
-266.455941  -266.145452
-266.496165  -266.160436
-266.543504  -266.186613
-252.496941  -252.637059
-252.507196  -252.637672
-252.547003  -252.635572
-252.562910  -252.628644
-252.572344  -252.628376
-252.588194  -252.633770
-252.592629  -252.629471
-252.600579  -252.634375
-252.604887  -252.636630
-252.613539  -252.640148
-252.617753  -252.642261
-252.620580  -252.642480
-252.623172  -252.640880
-252.625480  -252.641341
-252.627139  -252.641020
-220.336221  -219.702289
-220.367471  -219.706604
-220.487426  -219.720558
-220.511199  -219.727882
-220.599845  -219.765792
-220.625910  -219.779628
-220.646867  -219.794361
-220.650918  -219.795729
-220.655372  -219.797914
-220.659240  -219.798186
-220.667193  -219.798758
-220.670789  -219.799527
-220.673600  -219.800122
-220.673441  -219.799780
-220.673860  -219.800006
-201.127449  -201.599686
-201.172176  -201.601048
-201.263269  -201.593000
-201.301272  -201.587339
-201.349540  -201.580529
-201.378685  -201.579417
-201.402918  -201.581184
-201.420819  -201.585300
-201.440003  -201.590289
-201.455165  -201.593274
-201.468342  -201.596397
-201.482388  -201.600333
-201.502621  -201.604694
-201.521104  -201.608422
-201.537199  -201.611485
-192.868027  -191.248046
-192.885660  -191.249077
-192.932977  -191.249379
-192.952776  -191.248079
-192.970131  -191.247822
-192.986861  -191.248588
-192.998346  -191.249817
-193.007701  -191.251256
-193.019677  -191.252742
-193.033323  -191.252415
-193.045543  -191.251132
-193.062983  -191.244963
-193.071303  -191.245444
-193.089519  -191.242982
-193.098683  -191.243488
-216.479713  -217.734959
-216.556032  -217.742387
-216.774959  -217.750107
-216.821540  -217.757760
-216.919023  -217.772023
-216.942216  -217.776813
-216.994629  -217.785703
-217.023700  -217.787715
-217.056424  -217.787559
-217.097313  -217.785093
-217.122644  -217.783327
-217.153038  -217.763735
-217.170253  -217.771084
-217.183461  -217.771622
-217.196333  -217.767116
-153.105940  -151.646732
-153.118122  -151.649053
-153.160737  -151.654322
-153.174615  -151.654786
-153.185832  -151.656505
-153.202141  -151.659916
-153.212698  -151.662668
-153.223624  -151.665835
-153.236518  -151.668843
-153.247383  -151.670461
-153.258377  -151.670350
-153.265396  -151.669581
-153.272086  -151.668871
-153.275561  -151.651029
-153.287112  -151.663215
-207.457163  -207.627070
-207.561750  -207.647012
-207.857898  -207.705351
-207.956513  -207.731444
-208.087726  -207.764903
-208.148653  -207.777217
-208.232430  -207.792047
-208.263640  -207.795383
-208.338132  -207.793882
-208.386603  -207.792619
-208.481221  -207.776133
-208.518163  -207.785522
-208.574095  -207.789351
-208.596237  -207.791184
-208.621388  -207.787302
-335.648600  -337.640957
-335.685343  -337.641991
-335.812359  -337.627246
-335.845712  -337.616466
-335.908486  -337.593075
-335.941472  -337.582077
-335.966777  -337.577559
-335.988343  -337.578351
-336.009986  -337.579655
-336.035120  -337.578128
-336.056316  -337.577706
-336.083539  -337.577051
-336.102393  -337.575305
-336.120192  -337.573702
-336.139005  -337.571192
-286.020058  -285.757923
-286.039151  -285.759585
-286.090117  -285.763598
-286.101491  -285.764222
-286.119102  -285.764612
-286.130057  -285.764391
-286.139513  -285.764665
-286.148388  -285.764610
-286.152658  -285.765400
-286.162589  -285.768034
-286.172565  -285.770662
-286.183907  -285.775329
-286.192085  -285.776746
-286.217371  -285.782711
-286.230696  -285.785633
-96.763148  -97.198515
-96.782142  -97.201739
-96.827135  -97.203026
-96.836959  -97.203474
-96.855571  -97.200425
-96.861180  -97.198788
-96.868377  -97.195802
-96.872546  -97.193354
-96.877088  -97.193069
-96.880700  -97.193997
-96.885349  -97.196023
-96.890412  -97.196690
-96.893043  -97.196743
-96.895764  -97.197493
-96.898197  -97.197681
-304.999503  -304.030518
-305.036930  -304.031903
-305.211570  -304.029888
-305.243328  -304.026984
-305.285220  -304.023100
-305.311143  -304.023094
-305.334107  -304.025780
-305.357354  -304.025242
-305.376881  -304.024432
-305.399828  -304.022213
-305.415087  -304.019214
-305.430711  -304.018061
-305.450788  -304.017707
-305.460690  -304.019184
-305.470625  -304.020873
-105.867188  -106.643156
-105.883892  -106.646408
-105.927913  -106.662014
-105.936143  -106.665215
-105.950372  -106.676514
-105.956100  -106.688930
-105.957806  -106.690928
-105.959653  -106.691081
-105.960594  -106.693447
-206.053486  -206.986221
-206.056520  -206.986242
-206.064345  -206.986355
-206.068426  -206.986320
-206.069763  -206.987173
-206.072640  -206.989268
-206.073502  -206.990335
-206.074501  -206.990872
-197.641915  -197.298330
-197.686123  -197.300609
-197.784207  -197.286264
-197.810321  -197.286734
-197.891556  -197.277072
-197.911922  -197.280444
-197.966246  -197.266957
-197.992170  -197.281401
-198.012899  -197.287425
-198.049578  -197.288272
-198.071216  -197.287516
-198.124581  -197.278806
-198.141859  -197.280034
-198.046001  -197.228604
-198.183884  -197.279552
-281.967899  -280.171906
-281.975651  -280.172631
-281.994439  -280.174063
-282.003224  -280.174254
-282.008881  -280.174874
-282.025206  -280.177208
-282.032941  -280.178415
-282.038470  -280.179554
-282.046116  -280.181451
-282.049902  -280.182517
-282.052610  -280.183229
-282.054491  -280.184389
-282.059739  -280.184791
-282.063215  -280.185138
-282.067276  -280.185778
-282.896683  -281.559637
-282.925779  -281.569993
-283.056792  -281.607943
-283.102938  -281.603880
-283.121526  -281.608717
-283.225658  -281.639904
-283.248689  -281.656869
-283.275366  -281.666993
-283.324968  -281.675083
-283.366492  -281.672925
-283.408593  -281.663660
-283.436727  -281.661292
-283.476211  -281.655051
-283.513845  -281.668289
-283.556344  -281.681789
-258.837371  -259.518422
-258.853265  -259.516508
-258.898647  -259.502216
-258.917228  -259.491127
-258.936712  -259.484280
-258.947147  -259.422645
-258.977621  -259.460991
-258.985765  -259.467896
-259.003921  -259.467448
-259.018106  -259.458982
-259.036491  -259.435108
-259.050832  -259.424397
-259.073648  -259.407952
-259.085530  -259.398358
-259.102566  -259.401646
-210.233074  -212.014172
-210.297576  -212.017537
-210.445838  -212.012311
-210.486123  -212.013043
-210.567037  -212.013538
-210.590114  -212.015977
-210.617846  -212.015520
-210.630052  -212.017507
-210.659045  -212.017063
-210.672940  -212.015788
-210.689041  -212.015162
-210.704115  -212.015343
-210.714637  -212.019083
-210.732352  -212.025736
-210.740253  -212.029296
-215.703019  -217.962681
-215.736759  -217.967038
-215.845107  -217.973459
-215.867530  -217.976341
-215.912983  -217.974096
-215.925987  -217.976407
-215.946286  -217.977342
-215.959687  -217.973846
-215.977577  -217.962164
-215.990610  -217.963075
-216.019170  -217.943184
-216.034073  -217.953034
-216.045219  -217.956295
-216.065543  -217.952077
-216.078917  -217.943344
-257.001103  -258.179479
-257.011965  -258.182380
-257.059561  -258.197755
-257.073428  -258.204548
-257.079468  -258.207030
-257.095757  -258.213434
-257.111138  -258.221770
-257.119414  -258.229961
-257.126457  -258.230411
-257.134754  -258.227453
-257.139504  -258.229738
-257.141863  -258.230373
-257.145822  -258.231002
-257.152185  -258.231854
-257.153700  -258.231850
-212.419228  -213.226245
-212.457244  -213.226986
-212.572802  -213.225280
-212.600713  -213.224835
-212.632940  -213.227365
-212.646983  -213.231420
-212.664160  -213.237052
-212.677241  -213.242845
-212.685786  -213.245368
-212.696311  -213.250963
-212.701620  -213.254305
-212.711506  -213.267062
-212.715635  -213.271850
-212.721270  -213.277901
-212.725982  -213.292448
-298.735764  -297.974266
-298.767029  -297.975235
-298.854641  -297.971783
-298.882742  -297.968506
-298.929769  -297.961667
-298.954578  -297.959850
-298.978524  -297.960714
-298.997390  -297.962278
-299.019756  -297.964640
-299.044392  -297.966616
-299.066050  -297.968516
-299.090428  -297.970577
-299.114058  -297.973502
-299.140025  -297.976579
-299.154844  -297.979247
-260.437413  -260.535263
-260.448894  -260.535620
-260.491441  -260.532928
-260.505812  -260.529182
-260.516497  -260.528775
-260.530841  -260.533136
-260.542637  -260.538604
-260.549676  -260.542919
-260.554851  -260.545620
-260.567195  -260.551293
-260.571834  -260.553893
-260.575223  -260.554993
-260.581269  -260.558520
-260.583725  -260.558910
-260.585880  -260.558039
-192.017415  -191.043851
-192.050025  -191.047041
-192.127401  -191.049166
-192.148199  -191.050585
-192.196565  -191.054710
-192.213605  -191.057705
-192.241294  -191.058281
-192.257030  -191.061437
-192.272466  -191.061349
-192.287084  -191.058357
-192.303337  -191.052711
-192.316511  -191.050287
-192.339368  -191.042227
-192.350561  -191.044478
-192.372208  -191.045187
-265.028253  -265.638249
-265.057622  -265.642111
-265.151952  -265.643706
-265.177779  -265.640965
-265.255861  -265.623686
-265.301114  -265.621479
-265.371270  -265.617667
-265.402820  -265.617547
-265.450249  -265.619401
-265.479037  -265.625220
-265.520826  -265.628687
-265.548092  -265.630563
-265.574437  -265.626691
-265.592501  -265.628684
-265.615950  -265.639658
-287.280307  -286.067373
-287.291087  -286.067446
-287.328968  -286.065149
-287.342948  -286.062401
-287.355056  -286.060844
-287.367545  -286.060909
-287.381191  -286.055191
-287.387532  -286.058229
-287.393119  -286.058564
-287.399348  -286.058846
-287.403482  -286.057296
-287.414498  -286.049298
-287.418170  -286.050518
-287.422367  -286.049121
-287.425142  -286.050607
-333.549795  -333.080439
-333.559830  -333.080638
-333.596205  -333.077264
-333.609249  -333.073532
-333.623028  -333.070660
-333.634390  -333.070537
-333.644186  -333.069236
-333.648796  -333.070730
-333.658645  -333.073606
-333.662238  -333.073795
-333.665526  -333.072129
-333.668290  -333.072737
-333.674522  -333.072052
-333.676924  -333.073065
-333.678795  -333.073612
-190.048886  -190.662227
-190.081104  -190.663477
-190.197918  -190.653007
-190.228688  -190.652820
-190.312182  -190.647122
-190.338040  -190.653970
-190.403781  -190.665001
-190.437165  -190.666208
-190.487854  -190.657523
-190.520692  -190.660438
-190.583687  -190.655546
-190.611653  -190.662283
-190.656043  -190.660307
-190.682512  -190.660941
-190.720042  -190.652448
-208.406004  -210.083102
-208.454720  -210.086448
-208.630809  -210.080119
-208.676311  -210.087042
-208.785762  -210.094544
-208.816089  -210.098451
-208.864783  -210.091357
-208.883572  -210.085548
-208.911377  -210.070062
-208.927823  -210.072056
-208.955813  -210.066965
-208.968665  -210.073501
-208.990225  -210.074488
-209.005434  -210.073822
-209.018723  -210.072501
-265.930769  -265.505425
-265.949275  -265.509216
-266.012396  -265.515974
-266.027568  -265.514158
-266.055027  -265.509240
-266.079531  -265.501641
-266.094206  -265.498272
-266.109121  -265.496796
-266.119477  -265.499516
-266.131034  -265.503386
-266.141254  -265.504976
-266.150476  -265.506856
-266.164669  -265.509093
-266.174243  -265.511350
-266.186527  -265.514980
-160.827068  -160.654888
-160.855620  -160.659048
-160.954207  -160.664996
-160.974605  -160.667604
-161.037464  -160.673822
-161.060561  -160.675452
-161.101187  -160.678661
-161.135314  -160.684498
-161.167170  -160.691981
-161.184148  -160.696761
-161.209220  -160.702120
-161.225116  -160.705600
-161.240214  -160.707681
-161.248073  -160.709290
-161.258773  -160.709742
-220.307746  -219.383042
-220.362310  -219.385895
-220.467946  -219.380460
-220.509170  -219.380407
-220.581989  -219.377978
-220.605122  -219.386865
-220.645242  -219.401437
-220.667798  -219.404625
-220.740249  -219.408010
-220.762019  -219.407140
-220.803549  -219.401316
-220.828154  -219.404684
-220.869843  -219.401257
-220.889387  -219.409429
-220.908208  -219.412430
-101.136899  -102.042813
-101.150505  -102.041822
-101.176852  -102.029738
-101.181865  -102.029137
-101.190526  -102.031226
-101.196561  -102.029451
-101.201177  -102.027270
-101.205235  -102.025848
-101.208915  -102.026895
-101.212344  -102.030503
-101.214600  -102.031474
-101.213515  -102.034285
-101.220231  -102.032558
-101.221584  -102.031379
-101.224283  -102.029757
-92.093019  -91.932853
-92.098488  -91.933190
-92.115082  -91.932108
-92.119057  -91.931670
-92.125747  -91.930538
-92.129394  -91.929724
-92.134223  -91.927442
-92.137928  -91.921034
-92.140328  -91.923368
-92.142964  -91.923265
-92.144693  -91.923709
-92.147616  -91.922576
-92.149494  -91.916786
-92.151542  -91.918890
-92.152357  -91.920944
-305.799200  -303.929408
-305.827588  -303.930586
-305.907915  -303.932133
-305.938269  -303.930538
-305.975503  -303.926514
-306.010093  -303.921125
-306.033893  -303.917481
-306.057388  -303.915160
-306.079883  -303.913364
-306.098995  -303.913545
-306.114597  -303.914465
-306.127537  -303.914476
-306.139983  -303.914941
-306.152773  -303.914535
-306.160985  -303.912342
-85.571255  -86.010056
-85.583415  -86.011723
-85.623821  -86.015312
-85.637769  -86.015442
-85.647908  -86.016368
-85.659863  -86.018398
-85.670275  -86.020542
-85.676607  -86.022351
-85.680589  -86.023909
-85.684200  -86.024595
-85.686234  -86.025209
-85.684953  -86.023103
-85.690592  -86.025630
-85.692310  -86.025959
-85.694131  -86.026398
-97.699803  -97.434499
-97.703848  -97.434784
-97.718038  -97.434850
-97.721314  -97.434404
-97.724296  -97.434096
-97.726728  -97.434604
-97.729146  -97.435463
-97.730154  -97.435982
-97.731423  -97.436936
-97.733514  -97.437523
-97.734390  -97.437731
-97.737312  -97.437535
-97.738177  -97.437423
-97.740423  -97.436220
-97.741284  -97.436836
-202.972434  -202.240121
-203.009341  -202.243860
-203.108587  -202.246395
-203.126875  -202.248374
-203.166222  -202.251201
-203.181056  -202.256605
-203.200898  -202.265318
-203.216272  -202.271240
-203.233193  -202.277496
-203.243221  -202.279909
-203.246077  -202.285448
-203.265126  -202.284603
-203.273487  -202.284573
-203.286046  -202.285143
-203.297489  -202.286067
-280.966672  -279.559278
-280.973989  -279.560140
-281.002798  -279.562103
-281.015016  -279.560854
-281.023619  -279.559886
-281.034723  -279.558358
-281.039632  -279.557962
-281.046094  -279.555497
-281.050236  -279.554160
-281.056598  -279.553444
-281.060832  -279.551683
-281.065195  -279.549374
-281.067856  -279.547495
-281.072504  -279.540013
-281.074697  -279.539836
-97.566764  -97.508172
-97.570219  -97.508992
-97.581090  -97.510781
-97.583101  -97.510797
-97.586542  -97.510947
-97.588972  -97.507955
-97.593939  -97.510771
-97.595760  -97.511435
-97.598717  -97.512183
-97.599889  -97.512289
-97.601683  -97.512593
-97.600078  -97.510140
-97.610469  -97.514308
-97.612393  -97.514807
-97.617065  -97.515894
-91.765944  -91.889098
-91.774397  -91.890926
-91.805005  -91.896138
-91.814955  -91.897567
-91.826138  -91.899253
-91.837897  -91.900417
-91.851170  -91.899626
-91.862299  -91.898192
-91.875579  -91.891751
-91.881556  -91.891285
-91.899618  -91.883510
-91.907234  -91.878246
-91.915918  -91.867376
-91.918978  -91.870886
-91.923932  -91.868267
-97.653138  -97.514598
-97.660219  -97.515014
-97.680130  -97.512884
-97.687105  -97.511563
-97.693170  -97.509973
-97.695348  -97.510343
-97.697703  -97.511319
-97.699039  -97.511285
-97.700149  -97.511468
-97.701973  -97.509747
-97.703189  -97.509731
-97.704798  -97.509714
-97.706166  -97.509239
-204.328974  -206.370010
-204.365648  -206.373127
-204.454274  -206.375743
-204.475983  -206.376006
-204.503917  -206.377153
-204.528723  -206.378081
-204.552792  -206.376696
-204.567283  -206.372820
-204.575012  -206.369694
-204.581555  -206.369311
-204.592658  -206.368135
-204.598847  -206.369975
-204.607710  -206.375349
-204.612534  -206.379314
-204.621597  -206.389429
-190.160886  -190.285983
-190.344575  -190.327949
-190.691871  -190.401810
-190.857878  -190.436600
-191.135371  -190.484081
-191.294672  -190.523486
-191.452388  -190.553647
-191.524798  -190.566496
-191.609866  -190.583095
-191.660151  -190.593073
-191.720348  -190.603670
-191.771164  -190.612869
-191.828873  -190.623383
-191.863955  -190.629239
-191.899098  -190.634902
-212.456802  -213.174880
-212.528418  -213.183504
-212.706607  -213.197551
-212.746916  -213.206706
-212.855188  -213.234460
-212.900363  -213.243352
-212.946388  -213.252448
-212.996656  -213.260589
-213.032410  -213.264869
-213.067916  -213.268858
-213.095584  -213.273376
-213.139978  -213.280193
-213.161332  -213.283751
-213.192438  -213.287387
-213.216545  -213.291843
-293.510802  -293.720205
-293.570716  -293.730075
-293.755979  -293.745071
-293.797915  -293.741134
-293.858514  -293.734918
-293.917607  -293.722226
-293.964234  -293.721158
-294.022804  -293.728163
-294.046620  -293.735165
-294.071135  -293.745807
-294.097982  -293.752287
-294.122330  -293.758589
-294.150642  -293.762836
-294.164850  -293.767708
-294.186144  -293.783042
-333.673208  -333.151905
-333.688114  -333.153436
-333.734422  -333.155267
-333.746894  -333.154803
-333.776120  -333.152743
-333.792098  -333.149706
-333.805018  -333.148397
-333.824537  -333.146298
-333.836493  -333.145814
-333.847690  -333.145195
-333.856977  -333.145966
-333.867619  -333.141922
-333.874998  -333.139323
-333.885302  -333.132104
-333.892189  -333.130669
-87.052369  -86.431931
-87.056005  -86.431587
-87.069308  -86.428623
-87.076382  -86.423831
-87.079371  -86.421546
-87.082847  -86.421665
-87.088280  -86.420414
-87.089478  -86.420870
-87.091907  -86.420171
-87.093206  -86.421689
-87.097099  -86.423202
-87.098553  -86.423006
-87.101655  -86.422450
-87.104488  -86.421257
-87.106493  -86.420186
-151.713244  -154.761546
-97.677842  -97.555059
-97.688603  -97.556361
-97.721232  -97.557784
-97.728909  -97.558120
-97.744585  -97.557607
-97.751850  -97.558736
-97.761375  -97.559216
-97.767212  -97.551680
-97.774039  -97.554090
-97.780507  -97.554716
-97.784091  -97.553955
-97.787813  -97.546348
-97.792105  -97.551301
-97.793384  -97.554342
-97.796423  -97.555833
-97.387166  -97.383765
-97.388144  -97.384082
-97.391030  -97.385892
-97.391630  -97.386683
-97.392455  -97.387632
-97.391915  -97.390711
-97.392851  -97.391194
-97.393737  -97.389539
-97.393890  -97.390196
-202.337901  -202.274703
-202.383960  -202.278350
-202.509465  -202.276736
-202.537160  -202.276320
-202.591533  -202.276920
-202.615626  -202.280779
-202.645162  -202.285251
-202.659732  -202.289064
-202.682663  -202.293959
-202.693306  -202.295497
-202.705602  -202.295420
-202.715763  -202.298833
-202.726226  -202.302364
-202.735909  -202.304658
-202.745126  -202.305295
-209.438037  -211.732000
-209.530795  -211.748427
-209.660814  -211.774766
-209.705716  -211.782251
-209.818703  -211.800280
-209.849566  -211.804492
-209.927640  -211.812401
-209.975795  -211.814816
-210.057983  -211.814459
-210.107741  -211.813685
-210.200449  -211.809956
-210.274858  -211.812865
-210.392093  -211.819259
-210.466231  -211.833311
-210.573783  -211.851104
-295.371862  -294.991925
-295.389762  -294.993084
-295.460948  -294.984248
-295.478872  -294.970772
-295.491560  -294.966541
-295.517700  -294.966551
-295.530074  -294.967533
-295.537413  -294.963489
-295.543405  -294.967088
-295.556211  -294.974813
-295.560140  -294.972172
-295.563523  -294.970159
-295.566641  -294.968324
-295.570318  -294.968224
-295.572607  -294.970482
-292.106615  -291.457884
-292.135397  -291.458531
-292.239951  -291.455007
-292.265670  -291.454236
-292.312172  -291.453454
-292.330410  -291.456111
-292.349909  -291.461876
-292.363165  -291.464421
-292.373429  -291.465599
-292.388201  -291.466417
-292.402351  -291.465967
-292.420558  -291.465260
-292.439347  -291.464607
-292.454881  -291.465786
-292.471330  -291.468481
-197.180095  -197.370769
-197.249149  -197.403730
-197.294541  -197.410086
-197.427816  -197.449263
-197.592855  -197.484017
-197.642995  -197.509624
-197.801563  -197.607559
-197.875671  -197.660750
-197.974537  -197.733384
-198.061058  -197.790628
-198.132820  -197.837340
-198.225446  -197.898316
-198.334373  -197.964466
-198.414749  -197.992679
-198.475377  -198.015271
-276.578374  -278.241203
-276.592997  -278.242306
-276.660736  -278.242552
-276.678005  -278.240625
-276.698385  -278.240121
-276.721715  -278.239550
-276.736330  -278.239425
-276.751902  -278.239907
-276.767675  -278.241475
-276.786404  -278.238862
-276.799953  -278.236794
-276.825842  -278.227356
-276.844373  -278.224989
-276.905033  -278.204950
-276.949216  -278.175704
-97.387242  -97.387637
-97.389252  -97.387510
-97.394851  -97.385693
-97.396742  -97.384596
-97.398227  -97.383624
-97.400505  -97.382976
-97.403130  -97.380796
-97.404089  -97.381551
-97.404802  -97.384844
-97.405614  -97.384037
-97.406337  -97.383632
-97.407708  -97.382241
-97.408292  -97.383584
-97.409140  -97.385184
-97.409751  -97.387240
-285.894116  -285.750308
-285.903126  -285.750713
-285.937435  -285.751216
-285.953650  -285.751138
-285.973043  -285.752183
-286.005616  -285.754020
-286.023393  -285.756419
-286.053859  -285.762392
-286.073981  -285.762900
-286.094110  -285.759989
-286.107580  -285.757892
-286.131857  -285.754655
-286.150753  -285.751180
-286.176951  -285.741741
-286.193498  -285.744331
-72.661614  -73.355388
-72.670249  -73.357564
-72.699465  -73.364697
-72.707469  -73.367385
-72.720089  -73.373077
-72.730988  -73.379105
-72.746484  -73.388805
-72.757245  -73.396737
-72.765717  -73.402880
-72.772008  -73.407455
-72.775334  -73.408515
-72.779257  -73.414552
-72.782169  -73.414684
-72.786030  -73.417794
-72.787196  -73.418676
-282.245025  -284.644512
-282.283398  -284.647202
-282.407938  -284.650437
-282.443644  -284.650970
-282.514496  -284.656823
-282.590099  -284.666552
-282.643830  -284.677914
-282.710138  -284.695902
-282.780687  -284.715571
-282.886946  -284.743156
-283.026203  -284.772403
-283.185315  -284.803780
-283.313499  -284.828671
-283.459846  -284.860455
-283.554150  -284.894657
-101.308288  -102.000026
-101.310289  -101.999739
-101.315538  -101.998025
-101.316789  -101.995447
-101.317361  -101.995968
-101.312792  -102.000037
-101.319394  -101.998031
-101.319801  -101.996763
-101.320352  -101.997356
-328.789318  -327.354236
-328.802756  -327.356524
-328.854540  -327.362364
-328.870281  -327.361520
-328.880705  -327.362584
-328.897805  -327.367505
-328.908190  -327.371756
-328.916383  -327.375639
-328.924916  -327.379583
-328.936676  -327.385937
-328.940893  -327.386166
-328.951285  -327.387118
-328.954991  -327.386643
-328.959529  -327.387241
-328.964765  -327.388855
-296.702220  -295.358901
-296.716656  -295.360588
-296.773190  -295.361014
-296.802834  -295.347876
-296.815612  -295.347549
-296.853446  -295.353352
-296.868208  -295.358388
-296.883602  -295.364795
-296.897204  -295.372782
-296.920952  -295.383286
-296.932392  -295.385757
-296.952097  -295.386884
-296.963551  -295.388778
-296.978451  -295.395026
-296.998349  -295.407541
-219.990798  -218.176767
-220.052206  -218.182431
-220.179564  -218.184244
-220.203732  -218.188328
-220.265854  -218.199939
-220.282851  -218.202301
-220.312349  -218.205401
-220.327004  -218.207822
-220.357032  -218.213319
-220.374838  -218.215929
-220.411957  -218.223584
-220.435394  -218.228873
-220.460642  -218.233921
-220.482297  -218.237819
-220.506144  -218.242339
-260.443679  -260.174208
-260.453482  -260.172392
-260.472099  -260.161883
-260.479223  -260.151989
-260.484254  -260.148479
-260.496704  -260.143374
-260.503764  -260.138479
-260.509685  -260.142021
-260.516675  -260.152541
-260.525443  -260.157667
-260.528949  -260.155970
-260.538304  -260.146302
-260.545697  -260.147825
-260.554776  -260.148877
-260.562103  -260.148770
-203.749371  -202.759702
-203.795648  -202.759638
-203.944274  -202.731468
-203.969487  -202.730932
-204.020820  -202.722671
-204.036724  -202.726128
-204.077624  -202.733036
-204.094241  -202.730826
-204.118025  -202.726671
-204.128482  -202.728400
-204.146665  -202.727047
-204.156446  -202.731150
-204.172395  -202.734889
-204.182218  -202.733334
-204.196206  -202.728533
-93.028740  -92.300113
-93.031103  -92.300050
-93.039508  -92.298473
-93.043276  -92.295321
-93.045309  -92.295172
-93.047473  -92.296869
-93.048630  -92.296514
-93.050051  -92.296057
-93.050869  -92.292942
-93.051760  -92.293964
-93.052379  -92.293504
-93.052956  -92.293678
-252.692457  -252.910112
-252.726962  -252.919463
-252.873492  -252.956038
-252.901032  -252.964884
-253.073021  -253.031431
-253.104005  -253.045786
-253.176990  -253.078130
-253.244105  -253.108711
-253.295193  -253.127730
-253.341649  -253.143575
-253.379862  -253.158196
-253.443843  -253.185429
-253.502627  -253.208979
-253.588918  -253.248943
-253.711072  -253.293345
-156.751215  -158.731323
-156.795064  -158.740858
-156.914277  -158.755043
-156.951025  -158.760008
-157.026951  -158.774213
-157.048809  -158.781821
-157.089003  -158.795891
-157.111148  -158.802606
-157.153950  -158.813701
-157.177190  -158.817617
-157.228926  -158.823285
-157.254325  -158.828658
-157.297770  -158.834444
-157.321866  -158.842097
-157.359244  -158.852948
-266.401133  -266.212786
-266.413474  -266.214427
-266.459616  -266.211823
-266.472875  -266.208768
-266.517608  -266.201368
-266.558863  -266.169891
-266.573454  -266.179970
-266.599098  -266.187059
-266.608994  -266.188299
-266.623250  -266.183706
-266.631139  -266.181207
-266.639724  -266.182804
-266.646456  -266.181811
-266.649891  -266.184330
-266.643515  -266.187893
-203.393155  -206.355090
-203.429966  -206.359689
-203.540565  -206.366704
-203.581114  -206.368498
-203.689556  -206.364365
-203.745283  -206.368049
-203.875656  -206.371628
-203.913276  -206.378615
-203.976726  -206.377150
-204.005361  -206.385840
-204.046254  -206.392147
-204.079403  -206.393230
-204.106528  -206.387679
-204.126306  -206.386261
-204.132542  -206.359340
-288.104837  -289.708166
-288.127208  -289.710508
-288.192531  -289.717313
-288.212650  -289.718212
-288.240787  -289.717435
-288.263862  -289.715710
-288.281458  -289.714777
-288.297580  -289.715723
-288.313233  -289.719709
-288.333799  -289.727026
-288.349149  -289.733641
-288.371465  -289.744143
-288.383828  -289.748690
-288.399935  -289.752963
-288.413016  -289.755444
-281.712834  -280.105953
-281.717331  -280.106319
-281.736947  -280.107703
-281.744117  -280.107880
-281.747698  -280.108511
-281.740501  -280.108014
-281.763949  -280.111673
-281.766802  -280.112310
-281.774070  -280.113985
-281.778191  -280.114811
-281.783166  -280.115830
-281.786912  -280.116190
-281.793878  -280.116841
-281.796607  -280.117290
-281.799731  -280.118186
-101.165721  -101.979871
-101.182667  -101.979228
-101.223780  -101.972659
-101.232724  -101.967819
-101.237432  -101.965851
-101.242914  -101.966441
-101.249251  -101.965697
-101.251425  -101.966476
-101.254230  -101.968244
-101.255473  -101.968207
-101.257825  -101.967697
-101.260995  -101.966810
-101.262874  -101.966214
-101.264144  -101.965716
-101.265981  -101.966476
-97.387236  -97.380262
-97.389901  -97.381397
-97.399617  -97.388040
-97.401102  -97.391140
-97.403395  -97.391901
-97.405001  -97.392808
-97.405158  -97.394056
-97.406296  -97.394243
-97.406357  -97.393173
-97.406765  -97.393006
-97.407577  -97.392936
-96.693282  -97.180180
-96.709171  -97.182824
-96.746780  -97.187441
-96.757230  -97.188734
-96.772319  -97.189821
-96.780813  -97.192694
-96.792252  -97.196502
-96.799826  -97.199241
-96.811218  -97.203343
-96.819843  -97.206151
-96.828147  -97.211455
-96.837832  -97.213001
-96.845155  -97.215179
-96.849143  -97.216802
-96.854409  -97.218732
-326.670548  -326.442688
-326.712791  -326.448979
-326.875359  -326.457575
-326.921563  -326.452259
-326.991163  -326.446640
-327.052503  -326.442870
-327.092871  -326.444575
-327.137583  -326.449257
-327.176017  -326.449874
-327.225818  -326.441977
-327.258738  -326.442382
-327.306146  -326.440153
-327.330183  -326.441472
-327.367264  -326.446679
-327.393741  -326.442747
-92.983679  -92.309047
-92.991150  -92.309407
-93.011704  -92.307205
-93.019307  -92.302473
-93.025656  -92.299388
-93.035574  -92.295563
-93.043975  -92.294049
-93.048465  -92.294541
-93.051599  -92.293252
-93.053947  -92.293703
-93.057129  -92.296371
-93.059794  -92.296446
-93.062137  -92.296239
-93.069379  -92.290660
-93.072958  -92.293423
-296.523115  -296.649573
-296.543834  -296.650572
-296.616421  -296.651810
-296.632548  -296.654093
-296.675933  -296.662805
-296.702180  -296.669007
-296.722726  -296.672853
-296.762306  -296.679062
-296.784259  -296.680170
-296.806798  -296.678834
-296.824009  -296.678548
-296.853886  -296.679613
-296.872874  -296.682789
-296.897455  -296.687562
-296.916572  -296.690900
-150.004422  -150.366461
-150.026747  -150.370256
-150.080700  -150.374057
-150.096091  -150.374423
-150.116506  -150.375367
-150.128301  -150.377246
-150.143027  -150.380239
-150.157224  -150.383639
-150.180102  -150.387608
-150.195273  -150.389640
-150.208682  -150.393033
-150.230106  -150.396088
-150.243428  -150.401105
-150.267742  -150.412392
-150.277162  -150.416996
-86.870267  -86.418994
-86.876940  -86.419442
-86.901239  -86.416617
-86.908585  -86.415015
-86.923106  -86.408182
-86.929511  -86.409435
-86.939908  -86.410752
-86.944391  -86.403986
-86.947523  -86.406391
-86.951226  -86.405193
-86.953870  -86.404873
-86.958031  -86.401758
-86.953474  -86.381719
-86.964646  -86.395783
-86.966291  -86.396988
-332.813489  -335.406777
-332.844852  -335.409777
-332.950929  -335.416597
-332.980645  -335.416266
-333.023976  -335.415721
-333.063562  -335.412707
-333.082748  -335.413747
-333.113229  -335.416292
-333.134209  -335.416017
-333.166968  -335.411260
-333.192107  -335.405986
-333.218282  -335.401433
-333.237096  -335.397453
-333.250213  -335.394202
-333.263642  -335.392429
-280.158383  -279.171423
-280.164150  -279.171911
-280.188970  -279.172783
-280.196883  -279.172230
-280.202342  -279.171982
-280.209751  -279.169262
-280.212814  -279.170028
-280.216815  -279.169384
-280.218747  -279.169304
-280.222108  -279.168460
-280.223520  -279.168816
-279.936559  -279.115109
-280.229111  -279.169893
-280.229864  -279.170286
-280.234077  -279.171842
-290.427921  -290.877456
-290.448484  -290.876893
-290.535931  -290.867463
-290.562352  -290.863733
-290.614712  -290.857631
-290.663386  -290.854756
-290.707536  -290.858751
-290.738757  -290.866577
-290.768124  -290.872493
-290.802946  -290.875818
-290.835825  -290.875568
-290.872076  -290.875577
-290.909200  -290.879421
-290.952624  -290.885693
-290.979606  -290.892534
-97.310614  -97.391458
-97.316423  -97.393501
-97.337799  -97.401611
-97.346649  -97.406023
-97.353352  -97.409825
-97.358942  -97.415120
-97.362909  -97.416444
-97.366827  -97.417107
-97.369117  -97.417811
-97.370557  -97.417718
-97.372895  -97.417680
-97.381743  -97.415910
-97.386909  -97.412205
-97.392535  -97.408581
-97.400263  -97.403204
-209.290693  -211.724605
-209.366094  -211.725084
-209.515400  -211.697109
-209.557547  -211.691616
-209.644926  -211.676254
-209.667415  -211.680334
-209.717758  -211.676272
-209.746797  -211.687241
-209.797551  -211.696599
-209.840085  -211.691059
-209.885766  -211.679421
-209.914333  -211.679686
-209.966191  -211.686248
-209.996649  -211.699659
-210.035835  -211.718183
-179.394461  -178.650026
-179.424444  -178.653463
-179.494539  -178.649139
-179.517775  -178.651714
-179.565183  -178.651413
-179.576212  -178.655259
-179.597884  -178.659798
-179.610762  -178.660318
-179.627430  -178.656426
-179.638150  -178.659666
-179.663522  -178.665809
-179.675753  -178.670614
-179.698242  -178.680706
-179.705864  -178.685252
-179.718039  -178.694263
-147.782763  -149.125325
-147.825080  -149.135155
-147.898508  -149.146320
-147.925278  -149.147296
-147.954824  -149.149425
-147.989772  -149.153791
-148.021920  -149.156915
-148.046307  -149.160467
-148.074546  -149.166745
-148.095939  -149.171471
-148.113123  -149.174154
-148.129267  -149.176589
-148.147259  -149.179696
-148.161828  -149.184232
-148.176521  -149.188534
-259.124373  -259.731527
-259.132874  -259.732985
-259.165611  -259.737738
-259.183978  -259.737946
-259.193679  -259.737808
-259.209857  -259.736805
-259.215835  -259.734452
-259.222053  -259.731865
-259.230842  -259.727523
-259.238819  -259.720840
-259.244465  -259.715485
-259.252294  -259.704922
-259.255743  -259.703933
-259.261100  -259.702834
-259.267788  -259.697634
-265.556171  -266.625119
-265.614383  -266.635564
-265.854431  -266.663006
-265.885916  -266.666541
-266.017049  -266.674924
-266.049436  -266.682910
-266.093231  -266.692310
-266.126105  -266.694311
-266.158147  -266.696839
-266.183524  -266.695824
-266.202036  -266.699111
-266.226881  -266.706419
-266.248753  -266.712788
-266.271028  -266.720406
-266.298084  -266.728043
-278.970981  -278.987861
-278.996689  -278.990889
-279.107385  -279.000676
-279.134333  -279.001195
-279.177153  -279.001563
-279.212237  -279.002458
-279.239243  -279.004822
-279.263847  -279.009061
-279.292392  -279.016549
-279.319886  -279.026403
-279.343566  -279.036433
-279.361542  -279.044503
-279.379083  -279.051889
-279.397775  -279.061834
-279.413476  -279.069107
-189.873467  -190.181641
-189.948539  -190.200768
-190.090591  -190.241020
-190.136690  -190.258396
-190.228073  -190.302860
-190.277375  -190.326446
-190.356218  -190.365497
-190.413494  -190.389701
-190.484314  -190.411919
-190.541150  -190.423399
-190.588571  -190.430053
-190.630257  -190.436577
-190.665078  -190.443648
-190.689733  -190.451231
-190.713980  -190.461718
-254.152199  -253.568657
-254.169903  -253.567665
-254.242112  -253.546370
-254.261630  -253.521855
-254.268987  -253.519810
-254.298607  -253.497601
-254.307164  -253.498278
-254.321492  -253.508014
-254.336172  -253.503018
-254.346340  -253.494197
-254.355814  -253.491556
-254.364562  -253.491686
-254.369483  -253.494703
-254.376344  -253.504379
-254.381330  -253.509130
-91.782514  -91.916737
-91.790479  -91.917873
-91.814745  -91.917927
-91.819651  -91.918348
-91.829063  -91.919025
-91.832749  -91.919130
-91.837106  -91.918032
-91.839363  -91.918570
-91.844052  -91.918518
-91.847734  -91.916548
-91.853115  -91.912854
-91.859505  -91.898528
-91.864587  -91.903293
-91.871855  -91.902664
-91.875068  -91.900277
-281.872491  -280.138872
-281.877678  -280.139247
-281.888105  -280.139744
-281.892912  -280.139707
-281.895897  -280.140302
-281.903916  -280.142814
-281.906515  -280.143668
-281.910847  -280.146154
-281.912748  -280.146759
-281.914429  -280.147332
-281.915366  -280.147548
-281.917965  -280.148909
-281.918576  -280.149503
-281.919155  -280.149940
-281.921423  -280.150766
-290.722731  -290.978329
-290.746380  -290.979947
-290.845275  -290.981392
-290.871793  -290.977782
-290.901543  -290.972367
-290.926543  -290.969060
-290.946130  -290.967631
-290.958545  -290.968734
-290.977422  -290.966660
-290.993132  -290.967111
-291.026625  -290.969254
-291.068234  -290.966817
-291.101038  -290.969615
-291.188108  -290.980977
-291.251295  -290.995928
-187.235730  -186.224795
-187.268349  -186.226706
-187.349802  -186.222411
-187.377555  -186.217074
-187.405848  -186.213227
-187.433600  -186.210793
-187.455822  -186.210822
-187.480370  -186.207033
-187.497000  -186.211574
-187.526673  -186.216700
-187.538874  -186.216089
-187.568558  -186.205790
-187.583867  -186.213836
-187.606022  -186.224865
-187.625890  -186.228186
-283.552619  -284.019848
-283.560079  -284.019558
-283.590015  -284.014692
-283.599083  -284.010656
-283.605811  -284.007994
-283.613128  -284.005726
-283.616845  -284.004333
-283.621445  -284.001628
-283.624056  -284.000207
-283.626601  -284.000380
-283.629190  -283.997093
-283.629691  -283.997536
-283.631633  -283.995968
-267.043740  -266.560788
-267.061864  -266.563348
-267.117167  -266.569615
-267.138193  -266.572979
-267.163097  -266.581088
-267.185816  -266.593264
-267.197004  -266.600642
-267.205874  -266.606170
-267.213745  -266.611623
-267.221400  -266.615135
-267.229530  -266.617019
-267.233546  -266.617183
-267.238646  -266.619086
-267.242323  -266.620804
-267.247219  -266.623165
-271.347846  -272.447313
-271.359018  -272.448729
-271.395348  -272.453840
-271.408002  -272.457065
-271.426195  -272.463193
-271.450767  -272.477948
-271.486452  -272.508098
-271.502807  -272.521431
-271.535901  -272.599426
-271.580097  -272.582943
-271.603441  -272.586850
-271.642724  -272.608524
-271.668347  -272.637817
-271.691215  -272.655179
-271.750428  -272.707008
-205.182705  -206.815916
-205.240428  -206.819433
-205.394656  -206.816006
-205.434676  -206.822038
-205.536411  -206.835853
-205.566254  -206.844147
-205.657977  -206.870167
-205.695366  -206.878176
-205.745361  -206.888684
-205.783277  -206.897700
-205.858583  -206.922571
-205.908523  -206.937507
-205.987772  -206.965178
-206.033679  -206.976695
-206.101969  -206.994944
-278.503261  -279.501763
-278.565187  -279.512171
-278.669185  -279.529807
-278.693483  -279.534198
-278.770555  -279.548572
-278.807194  -279.554181
-278.839366  -279.557938
-278.873618  -279.561188
-278.906074  -279.563457
-278.936765  -279.564443
-278.968827  -279.565059
-279.003256  -279.564599
-279.029619  -279.564729
-279.061720  -279.561605
-279.083177  -279.561757
-97.645283  -97.406286
-97.647048  -97.406766
-97.656256  -97.408974
-97.661117  -97.410411
-97.663604  -97.411353
-97.665943  -97.412321
-97.667933  -97.412486
-97.669910  -97.412293
-97.670749  -97.411913
-97.672383  -97.412113
-97.673175  -97.411057
-97.676240  -97.412597
-97.676777  -97.412999
-97.679235  -97.413480
-97.680906  -97.413788
-258.345887  -260.024443
-258.359434  -260.025465
-258.418933  -260.024653
-258.442275  -260.018117
-258.457017  -260.016035
-258.476402  -260.017167
-258.488101  -260.019971
-258.501685  -260.021800
-258.510616  -260.024050
-258.521931  -260.027718
-258.530701  -260.027751
-258.534896  -260.027950
-258.542225  -260.023489
-258.546681  -260.024820
-258.551311  -260.024082
-97.635988  -97.514853
-97.638329  -97.515308
-97.647465  -97.516604
-97.651818  -97.516253
-97.653825  -97.516577
-97.659130  -97.517959
-97.661346  -97.518377
-97.662385  -97.518492
-97.662723  -97.518670
-92.856586  -92.334597
-92.859746  -92.334969
-92.869097  -92.334962
-92.872281  -92.334293
-92.875012  -92.334490
-92.880082  -92.335263
-92.881077  -92.335351
-92.883582  -92.334981
-92.884492  -92.334268
-92.885314  -92.333692
-92.886617  -92.333352
-92.886946  -92.333723
-92.888056  -92.333638
-92.889751  -92.333504
-92.891368  -92.332635
-334.376318  -333.524139
-334.398580  -333.524990
-334.454881  -333.518748
-334.471015  -333.514729
-334.491424  -333.510697
-334.505994  -333.508401
-334.519301  -333.511131
-334.534721  -333.514850
-334.542794  -333.518565
-334.553814  -333.523875
-334.558810  -333.526941
-334.566797  -333.530945
-334.571657  -333.531359
-334.575754  -333.530770
-334.578228  -333.530800
-301.531511  -301.787302
-301.545565  -301.786552
-301.607177  -301.762710
-301.618763  -301.761486
-301.639415  -301.765484
-301.649558  -301.760734
-301.659222  -301.760391
-301.667855  -301.766516
-301.673271  -301.768110
-301.681837  -301.770145
-301.688338  -301.770801
-301.699255  -301.769305
-301.709885  -301.758441
-301.715049  -301.758841
-301.726691  -301.757600
-323.682864  -325.567725
-323.743838  -325.577024
-323.939410  -325.588482
-323.988885  -325.589593
-324.107909  -325.591299
-324.162071  -325.596844
-324.228470  -325.605052
-324.290355  -325.613290
-324.352657  -325.621101
-324.407292  -325.627825
-324.457536  -325.635407
-324.507773  -325.643685
-324.557527  -325.651570
-324.598933  -325.660587
-324.639559  -325.669818
-266.053534  -266.961227
-266.068876  -266.962608
-266.191757  -266.949159
-266.209231  -266.948477
-266.284121  -266.948342
-266.295920  -266.943243
-266.308995  -266.940326
-266.330205  -266.936999
-266.338313  -266.941003
-266.344558  -266.952835
-266.348989  -266.951698
-266.359238  -266.945383
-266.365981  -266.938833
-266.369757  -266.941438
-266.379195  -266.939193
-178.146285  -178.801313
-178.171133  -178.803633
-178.243221  -178.803633
-178.268559  -178.801283
-178.294434  -178.799750
-178.312342  -178.799620
-178.328376  -178.800376
-178.341506  -178.800061
-178.351814  -178.799574
-178.359840  -178.797819
-178.369247  -178.791710
-178.376400  -178.790675
-178.394562  -178.787553
-178.402740  -178.787464
-178.410451  -178.780027
-174.334877  -174.189712
-174.350923  -174.193353
-174.396686  -174.204222
-174.414124  -174.208860
-174.433153  -174.214847
-174.447226  -174.218932
-174.466490  -174.223709
-174.475446  -174.225237
-174.492929  -174.225818
-174.499549  -174.225976
-174.510616  -174.225377
-174.516781  -174.225769
-174.521932  -174.224309
-174.526811  -174.227826
-174.530783  -174.230380
-216.069172  -217.963357
-216.127251  -217.968073
-216.256592  -217.969368
-216.308776  -217.970462
-216.399651  -217.971393
-216.452592  -217.975955
-216.516090  -217.980078
-216.559721  -217.979198
-216.611046  -217.973213
-216.640626  -217.970888
-216.673239  -217.966868
-216.705364  -217.961563
-216.744158  -217.956635
-216.778499  -217.958408
-216.811755  -217.961861
-246.479968  -246.401178
-246.489386  -246.400128
-246.516589  -246.392264
-246.528544  -246.382019
-246.535199  -246.380807
-246.551628  -246.378168
-246.556860  -246.376541
-246.560364  -246.377347
-246.564331  -246.378163
-246.566991  -246.379356
-246.569585  -246.377571
-246.570891  -246.376968
-246.572242  -246.376970
-246.573807  -246.376291
-246.575147  -246.375775
-108.480506  -108.145526
-108.481728  -108.145440
-108.485874  -108.144806
-108.487029  -108.144513
-108.488300  -108.144471
-108.489588  -108.144626
-108.490623  -108.144954
-108.491864  -108.145256
-108.492494  -108.145391
-108.492841  -108.145425
-108.493679  -108.145374
-93.030191  -92.300663
-93.031938  -92.300612
-93.036077  -92.299891
-93.039925  -92.297230
-93.040523  -92.297197
-93.040813  -92.298139
-93.041583  -92.297703
-93.042234  -92.297557
-304.851246  -304.028268
-304.901273  -304.030742
-305.055979  -304.035830
-305.126562  -304.036734
-305.217430  -304.037489
-305.275278  -304.040487
-305.342526  -304.046550
-305.389260  -304.050704
-305.451859  -304.053465
-305.511431  -304.054008
-305.549477  -304.056400
-305.603184  -304.061029
-305.660698  -304.066093
-305.706502  -304.070269
-305.739422  -304.073251
-186.926303  -185.928525
-186.954871  -185.937007
-187.041872  -185.967051
-187.076356  -185.982613
-187.129966  -186.014729
-187.168421  -186.034213
-187.242511  -186.072994
-187.298861  -186.100688
-187.380122  -186.141070
-187.448058  -186.160843
-187.530839  -186.169596
-187.593718  -186.177293
-187.644480  -186.176962
-187.682188  -186.185055
-187.717991  -186.188904
-104.172353  -103.094830
-104.185469  -103.097447
-104.241121  -103.110837
-104.253722  -103.116936
-104.267718  -103.127497
-104.276579  -103.135554
-104.286554  -103.146046
-104.293874  -103.152582
-104.305123  -103.161631
-104.312693  -103.168861
-104.317881  -103.175910
-104.321101  -103.179860
-104.322232  -103.180589
-104.322859  -103.178820
-104.323834  -103.179592
-97.432023  -97.422092
-97.436669  -97.423280
-97.462257  -97.427433
-97.473585  -97.427901
-97.482036  -97.427674
-97.495513  -97.427083
-97.505911  -97.426909
-97.515033  -97.427840
-97.524111  -97.428612
-97.531181  -97.431877
-97.544601  -97.438812
-97.549545  -97.441143
-97.556344  -97.445422
-97.561254  -97.446922
-97.569398  -97.449627
-267.324604  -266.954177
-267.335838  -266.955589
-267.387294  -266.960316
-267.405321  -266.959923
-267.417154  -266.961006
-267.437267  -266.964426
-267.447841  -266.965286
-267.457205  -266.966559
-267.474073  -266.964332
-267.483137  -266.962478
-267.494442  -266.959169
-267.507029  -266.955844
-267.512766  -266.929855
-267.533112  -266.945335
-267.540724  -266.946272
-259.657484  -260.241844
-259.666517  -260.242566
-259.685489  -260.242973
-259.694567  -260.241851
-259.701941  -260.241808
-259.711667  -260.242982
-259.717173  -260.243721
-259.721216  -260.242427
-259.724458  -260.243126
-259.731519  -260.242475
-259.733054  -260.242273
-259.737728  -260.240672
-259.740633  -260.240121
-259.744578  -260.238479
-259.746865  -260.237151
-289.840123  -291.279945
-289.862839  -291.280840
-289.937031  -291.278679
-289.957637  -291.274523
-289.974539  -291.269095
-289.999324  -291.257543
-290.011272  -291.255358
-290.031992  -291.254096
-290.043123  -291.249033
-290.052483  -291.245166
-290.059364  -291.243575
-290.065464  -291.243915
-290.070514  -291.241561
-290.074743  -291.240777
-290.078723  -291.235858
-264.817149  -266.269642
-264.834473  -266.271964
-264.875032  -266.275098
-264.903590  -266.273749
-264.926255  -266.272278
-264.968640  -266.263069
-264.987490  -266.260277
-265.016960  -266.256495
-265.043281  -266.243710
-265.069739  -266.228940
-265.097031  -266.209330
-265.113931  -266.205280
-265.125515  -266.214680
-265.141857  -266.208316
-265.156381  -266.200311
-250.678539  -252.988278
-250.707441  -252.992658
-250.851308  -253.006500
-250.936688  -252.992368
-250.984426  -252.983757
-251.078212  -252.956655
-251.132411  -252.980931
-251.227976  -253.013753
-251.286844  -253.015885
-251.342988  -253.002191
-251.375523  -253.001460
-251.404945  -252.983252
-251.434977  -252.982849
-251.467384  -252.975169
-251.493740  -252.975188
-219.058325  -218.983269
-219.138081  -218.990911
-219.309293  -218.986465
-219.350056  -218.994221
-219.443064  -219.002261
-219.474453  -219.013168
-219.511411  -219.021567
-219.563001  -219.026512
-219.598376  -219.026014
-219.630115  -219.024067
-219.647779  -219.025962
-219.681299  -219.029889
-219.692766  -219.033034
-219.714045  -219.039556
-219.728288  -219.043746
-265.364667  -265.912875
-265.380819  -265.915712
-265.425798  -265.921005
-265.443117  -265.919023
-265.461380  -265.915668
-265.487662  -265.909678
-265.500702  -265.904266
-265.509576  -265.905397
-265.526483  -265.909214
-265.533532  -265.909427
-265.539349  -265.907885
-265.544293  -265.907114
-265.550614  -265.906105
-265.552956  -265.901556
-265.556734  -265.892977
-251.529396  -252.740877
-251.552312  -252.742761
-251.656997  -252.737938
-251.674953  -252.734371
-251.715061  -252.727348
-251.741370  -252.718667
-251.760951  -252.718519
-251.801361  -252.730098
-251.835485  -252.734421
-251.859526  -252.738793
-252.011315  -252.760573
-252.054353  -252.767799
-252.133957  -252.784944
-252.178243  -252.794545
-252.273367  -252.818051
-285.730091  -285.920794
-285.746823  -285.921988
-285.808510  -285.922265
-285.823679  -285.920950
-285.845140  -285.920501
-285.868140  -285.920404
-285.879115  -285.922230
-285.886021  -285.926490
-285.893786  -285.928846
-285.897847  -285.930563
-285.900799  -285.933525
-285.903542  -285.933191
-285.906495  -285.934191
-285.908672  -285.935893
-285.912163  -285.938155
-93.018625  -92.298949
-93.020561  -92.298845
-93.027019  -92.297688
-93.030341  -92.296163
-93.031585  -92.292722
-93.033176  -92.294106
-93.034802  -92.296385
-93.036223  -92.295652
-93.037963  -92.294264
-97.554177  -97.470255
-97.558557  -97.470679
-97.586259  -97.470899
-97.591706  -97.471185
-97.592052  -97.468491
-97.600355  -97.472785
-97.603621  -97.474822
-97.608858  -97.477988
-97.612347  -97.479180
-97.615373  -97.478780
-97.618320  -97.477808
-97.624038  -97.473946
-97.626539  -97.474026
-97.631731  -97.475316
-97.634522  -97.475661
-180.318872  -179.943666
-180.371883  -179.952487
-180.483432  -179.963303
-180.507614  -179.965621
-180.554579  -179.969645
-180.579851  -179.973322
-180.624900  -179.979312
-180.656677  -179.984603
-180.692827  -179.991355
-180.713335  -179.996009
-180.742328  -180.002596
-180.764279  -180.009540
-180.793073  -180.019799
-180.809740  -180.024535
-180.831117  -180.027576
-108.376058  -108.159139
-108.397870  -108.157648
-108.481302  -108.128936
-108.492974  -108.130826
-108.519937  -108.124882
-108.529176  -108.119453
-108.538813  -108.115920
-108.546071  -108.101896
-108.552180  -108.108242
-108.556397  -108.112982
-108.559123  -108.112272
-108.563226  -108.106775
-108.565631  -108.101945
-108.567322  -108.101356
-108.569785  -108.103705
-183.952695  -184.937116
-183.992331  -184.939761
-184.103731  -184.926687
-184.149296  -184.924644
-184.211589  -184.919117
-184.225909  -184.924083
-184.241491  -184.929374
-184.251783  -184.930910
-184.264154  -184.929272
-184.273810  -184.926431
-184.282977  -184.919951
-184.291774  -184.919546
-184.307608  -184.919551
-184.314233  -184.916806
-184.317913  -184.896085
-334.235182  -333.087527
-334.251913  -333.090061
-334.319693  -333.099600
-334.343888  -333.101837
-334.360084  -333.104155
-334.401304  -333.110065
-334.427269  -333.113761
-334.449635  -333.115916
-334.462817  -333.115530
-334.475236  -333.116860
-334.489888  -333.119007
-334.503061  -333.120093
-334.509639  -333.121350
-334.520067  -333.124414
-334.524526  -333.125890
-200.348423  -201.737348
-200.415904  -201.744763
-200.545076  -201.749598
-200.579742  -201.752542
-200.653260  -201.754001
-200.672773  -201.758637
-200.710528  -201.764859
-200.725409  -201.765359
-200.745787  -201.766052
-200.761923  -201.767536
-200.777960  -201.769235
-200.790572  -201.772770
-200.804057  -201.778143
-200.811560  -201.779678
-200.830114  -201.783341
-217.086911  -217.769719
-217.149163  -217.771984
-217.302682  -217.760445
-217.352208  -217.756256
-217.440894  -217.744342
-217.480604  -217.744541
-217.555569  -217.735493
-217.596988  -217.731848
-217.650786  -217.715903
-217.679256  -217.711490
-217.724676  -217.689247
-217.746968  -217.688568
-217.771732  -217.681612
-217.787026  -217.679271
-217.803247  -217.671717
-290.686710  -290.952616
-290.712905  -290.953426
-290.802226  -290.948707
-290.819121  -290.948843
-290.862223  -290.949038
-290.872716  -290.950639
-290.890540  -290.953066
-290.901454  -290.952385
-290.912590  -290.950982
-290.923993  -290.949567
-290.935484  -290.942785
-290.941760  -290.944641
-290.954230  -290.948052
-290.963635  -290.948892
-290.968257  -290.949183
-336.511349  -338.410481
-336.541234  -338.417955
-336.652408  -338.455894
-336.678148  -338.470191
-336.710037  -338.490154
-336.738453  -338.508851
-336.762247  -338.522923
-336.790945  -338.541487
-336.817361  -338.555233
-336.853164  -338.579319
-336.875539  -338.587311
-336.906517  -338.596588
-336.935104  -338.620928
-336.963111  -338.639146
-337.019242  -338.673334
-276.860772  -278.363084
-276.926437  -278.374536
-277.228211  -278.421287
-277.328560  -278.441099
-277.646778  -278.493789
-277.836003  -278.534561
-278.054802  -278.579912
-278.131770  -278.596865
-278.251211  -278.616723
-278.297511  -278.625628
-278.347373  -278.639983
-278.385128  -278.655861
-278.416694  -278.671546
-278.451098  -278.689569
-278.486750  -278.707201
-213.168805  -212.805700
-213.211987  -212.809058
-213.323841  -212.812593
-213.358559  -212.815705
-213.410437  -212.823550
-213.435219  -212.829007
-213.464810  -212.834178
-213.485344  -212.835489
-213.513727  -212.833946
-213.531212  -212.830963
-213.548581  -212.829040
-213.565278  -212.829159
-213.578513  -212.831178
-213.589730  -212.834033
-213.598389  -212.837395
-188.646227  -189.810174
-188.701064  -189.821883
-188.878574  -189.845879
-188.928101  -189.854624
-189.055665  -189.852522
-189.113138  -189.875919
-189.165854  -189.890622
-189.226919  -189.900351
-189.247513  -189.901953
-189.278092  -189.904100
-189.311745  -189.905493
-189.342791  -189.906253
-189.371399  -189.907421
-189.401668  -189.909544
-189.427078  -189.913139
-104.066684  -103.051912
-104.087347  -103.056376
-104.169492  -103.078297
-104.186615  -103.086241
-104.210003  -103.100881
-104.226572  -103.111830
-104.242297  -103.122859
-104.254155  -103.130317
-104.273498  -103.147233
-104.283063  -103.152266
-104.297689  -103.170640
-104.301348  -103.168817
-104.303539  -103.168946
-104.305881  -103.172036
-104.307395  -103.181004
-305.482541  -304.078883
-305.511735  -304.079482
-305.619591  -304.078149
-305.644271  -304.076352
-305.672271  -304.074688
-305.693605  -304.074779
-305.710962  -304.076334
-305.724613  -304.078256
-305.735998  -304.080195
-305.747556  -304.080561
-305.756216  -304.079993
-305.765766  -304.079658
-305.777699  -304.079820
-305.788240  -304.078178
-305.793574  -304.078996
-93.039840  -92.293243
-93.046498  -92.292569
-93.067324  -92.286155
-93.077084  -92.277089
-93.081127  -92.275507
-93.090825  -92.273296
-93.095013  -92.270920
-93.097777  -92.270827
-93.100623  -92.272255
-93.103871  -92.273848
-93.108031  -92.274757
-93.111476  -92.274692
-93.112645  -92.270764
-93.116719  -92.273247
-93.120171  -92.273165
-177.181157  -175.680379
-177.192727  -175.680953
-177.233549  -175.677934
-177.249445  -175.673787
-177.265636  -175.670636
-177.282490  -175.669132
-177.293904  -175.669971
-177.303758  -175.671673
-177.310357  -175.672329
-177.321741  -175.673163
-177.332404  -175.668314
-177.337180  -175.669147
-177.348915  -175.671451
-177.360313  -175.668415
-177.368849  -175.666508
-333.960304  -333.198982
-333.968082  -333.199367
-333.992048  -333.198562
-334.004694  -333.195050
-334.010364  -333.194868
-334.017762  -333.195883
-334.021162  -333.195893
-334.025009  -333.196717
-334.016702  -333.192589
-334.034361  -333.198072
-334.035862  -333.198523
-334.039218  -333.200024
-334.042710  -333.200816
-334.043978  -333.200894
-333.950942  -333.174939
-286.348956  -285.838276
-286.354492  -285.838657
-286.371617  -285.840164
-286.376864  -285.840928
-286.386450  -285.842790
-286.395554  -285.844608
-286.407272  -285.848401
-286.413636  -285.849899
-286.419471  -285.851529
-286.423676  -285.853445
-286.426842  -285.854717
-286.433742  -285.857252
-286.438575  -285.860322
-286.445939  -285.862916
-286.447233  -285.863349
-287.166650  -285.962453
-287.176155  -285.963055
-287.209651  -285.964550
-287.222176  -285.964385
-287.233010  -285.964681
-287.248503  -285.966194
-287.260261  -285.967853
-287.265727  -285.969255
-287.271760  -285.971129
-287.274022  -285.971671
-287.277165  -285.971968
-287.281597  -285.972339
-287.286317  -285.972721
-287.290373  -285.973103
-287.294541  -285.973281
-193.457504  -191.411741
-193.481351  -191.413194
-193.543410  -191.411120
-193.560041  -191.411247
-193.591116  -191.414376
-193.611564  -191.416802
-193.624715  -191.420349
-193.652933  -191.429736
-193.668265  -191.434622
-193.688889  -191.440262
-193.700562  -191.442661
-193.725480  -191.448850
-193.737100  -191.452811
-193.753711  -191.458695
-193.763057  -191.461787
-265.094566  -266.046000
-265.110851  -266.047674
-265.176755  -266.049195
-265.211934  -266.039265
-265.226955  -266.037783
-265.263518  -266.041212
-265.293634  -266.038002
-265.308559  -266.040626
-265.348409  -266.049523
-265.366133  -266.046501
-265.376520  -266.045218
-265.403457  -266.045589
-265.424407  -266.041602
-265.436102  -266.043334
-265.466859  -266.050655
-108.077097  -108.189973
-108.103180  -108.192568
-108.166079  -108.191130
-108.176657  -108.191496
-108.200430  -108.190812
-108.208150  -108.189228
-108.219309  -108.187421
-108.229930  -108.187918
-108.241053  -108.188084
-108.248776  -108.187948
-108.261894  -108.184608
-108.270641  -108.187143
-108.278666  -108.190371
-108.282271  -108.190705
-108.232804  -108.171331
-266.340884  -266.375412
-266.346427  -266.374865
-266.363320  -266.371126
-266.369756  -266.367497
-266.373269  -266.368113
-266.385450  -266.368617
-266.389736  -266.370209
-266.396033  -266.373790
-266.399467  -266.374546
-266.405767  -266.374405
-266.408885  -266.373922
-266.411921  -266.373868
-266.414292  -266.375102
-266.416749  -266.377705
-266.418960  -266.381694
-286.571513  -285.788792
-286.582223  -285.789137
-286.614014  -285.788575
-286.626690  -285.787916
-286.641340  -285.788055
-286.654265  -285.790016
-286.665954  -285.792846
-286.672137  -285.794657
-286.677796  -285.795863
-286.685093  -285.795805
-286.690231  -285.794628
-286.695070  -285.793307
-286.699970  -285.790429
-286.703074  -285.790551
-286.708590  -285.792808
-185.878948  -185.388135
-185.903869  -185.392658
-185.971141  -185.399423
-185.989630  -185.401594
-186.027002  -185.404743
-186.041330  -185.408117
-186.060946  -185.413361
-186.071899  -185.414243
-186.080431  -185.415067
-186.092128  -185.416133
-186.099125  -185.417162
-186.106923  -185.416533
-186.112077  -185.417841
-186.122359  -185.416510
-186.127715  -185.415602
-196.263448  -196.779466
-196.310628  -196.782240
-196.445577  -196.776426
-196.488956  -196.783171
-196.578431  -196.795186
-196.614503  -196.806195
-196.697203  -196.830851
-196.746673  -196.840130
-196.792814  -196.842260
-196.815210  -196.848285
-196.840030  -196.858349
-196.855784  -196.869526
-196.871444  -196.882794
-196.890219  -196.909864
-196.905726  -196.912447
-92.101008  -91.941687
-92.105823  -91.941953
-92.120136  -91.940907
-92.124805  -91.939782
-92.129896  -91.938487
-92.134517  -91.935355
-92.136784  -91.934571
-92.140246  -91.934040
-92.142274  -91.929048
-92.143487  -91.928688
-92.145209  -91.929934
-92.148138  -91.928832
-92.150537  -91.923751
-92.151828  -91.923872
-92.152589  -91.926558
-178.131024  -179.135866
-178.164869  -179.141429
-178.270096  -179.148016
-178.309447  -179.152983
-178.439139  -179.161887
-178.501359  -179.173977
-178.622749  -179.196256
-178.685450  -179.220878
-178.719963  -179.226240
-178.756936  -179.228883
-178.773997  -179.232008
-178.804744  -179.234254
-178.821561  -179.233837
-178.839780  -179.230359
-178.851757  -179.227919
-97.278934  -97.393736
-97.289125  -97.394354
-97.326591  -97.387580
-97.334064  -97.387899
-97.353976  -97.384654
-97.360563  -97.386665
-97.367432  -97.387060
-97.370679  -97.387301
-97.374366  -97.386138
-97.377146  -97.385822
-97.382264  -97.382309
-97.385979  -97.382992
-97.390703  -97.383686
-97.383918  -97.373994
-97.395244  -97.381575
-287.293757  -286.154918
-287.302824  -286.155648
-287.342314  -286.157162
-287.352421  -286.156681
-287.363304  -286.155657
-287.374812  -286.153722
-287.380760  -286.152669
-287.386538  -286.151810
-287.389509  -286.150600
-287.394809  -286.148547
-287.396862  -286.147281
-287.401570  -286.142687
-287.403263  -286.143115
-287.405347  -286.143567
-287.407497  -286.143188
-252.964447  -253.053168
-252.972997  -253.052695
-253.010535  -253.042238
-253.021882  -253.039022
-253.049087  -253.032834
-253.063977  -253.026262
-253.071847  -253.024592
-253.084725  -253.028374
-253.099293  -253.027491
-253.107490  -253.026438
-253.125278  -253.022609
-253.134278  -253.019446
-253.144662  -253.015456
-253.152956  -253.016983
-253.161717  -253.020982
-191.483315  -191.101143
-191.530572  -191.108369
-191.651583  -191.117019
-191.674635  -191.119101
-191.731451  -191.119394
-191.751278  -191.125613
-191.776340  -191.132348
-191.794785  -191.134686
-191.814831  -191.135116
-191.826118  -191.134634
-191.839341  -191.132325
-191.848044  -191.133043
-191.862788  -191.135583
-191.870579  -191.136622
-191.880227  -191.138903
-154.133828  -155.468310
-154.152924  -155.467400
-154.213762  -155.450307
-154.228275  -155.442128
-154.243479  -155.438528
-154.258649  -155.436283
-154.264557  -155.441655
-154.275890  -155.450582
-154.282382  -155.453855
-154.288118  -155.453729
-154.298577  -155.450790
-154.304781  -155.449969
-154.313546  -155.450008
-154.318619  -155.451394
-154.323718  -155.454856
-204.756179  -206.647271
-204.807276  -206.648208
-204.942489  -206.627278
-204.976033  -206.625970
-205.059783  -206.602940
-205.088267  -206.616260
-205.128269  -206.629930
-205.160167  -206.626852
-205.193493  -206.608532
-205.209640  -206.608490
-205.248381  -206.600903
-205.264545  -206.600148
-205.288821  -206.599034
-205.304624  -206.597054
-205.319792  -206.592661
-322.092219  -324.118512
-322.113096  -324.124304
-322.207602  -324.160989
-322.226447  -324.178454
-322.236501  -324.190021
-322.255974  -324.211245
-322.273935  -324.267870
-322.282486  -324.266123
-322.310666  -324.288718
-322.322360  -324.313830
-322.340352  -324.370132
-322.363389  -324.436447
-322.415449  -324.596303
-322.433849  -324.742510
-322.516693  -324.739219
-92.996274  -92.296513
-92.998909  -92.296647
-93.007900  -92.295981
-93.013496  -92.293224
-93.016015  -92.293099
-93.018325  -92.293392
-93.020312  -92.292375
-93.022769  -92.291119
-93.024136  -92.289973
-92.981058  -92.261231
-93.024973  -92.288097
-93.025528  -92.288236
-93.026343  -92.290110
-280.926926  -283.701033
-280.981969  -283.711292
-281.135512  -283.741914
-281.184055  -283.752101
-281.387179  -283.798074
-281.492063  -283.821776
-281.651079  -283.858628
-281.727419  -283.877347
-281.822219  -283.909997
-281.862501  -283.922453
-281.902651  -283.930319
-281.956433  -283.947253
-281.976865  -283.955744
-282.005760  -283.969632
-282.030245  -284.027829
-254.202616  -252.981320
-254.215810  -252.982548
-254.271068  -252.983203
-254.293857  -252.980082
-254.311519  -252.982485
-254.333417  -252.989785
-254.342105  -252.994557
-254.346856  -252.997686
-254.352741  -252.999790
-254.358150  -253.001207
-254.363827  -253.000993
-254.365886  -253.000134
-254.369306  -253.000561
-254.374531  -253.002011
-254.377754  -253.003074
-72.833858  -73.448536
-72.841706  -73.447942
-72.858039  -73.442036
-72.861234  -73.438896
-72.863301  -73.438943
-72.827120  -73.408304
-72.874693  -73.439392
-72.876772  -73.440717
-72.879948  -73.445877
-72.882880  -73.445755
-72.887619  -73.443585
-72.889797  -73.442857
-72.892407  -73.442181
-72.892646  -73.443114
-72.894267  -73.445017
-214.693241  -213.640796
-214.739448  -213.644322
-214.867272  -213.642772
-214.899033  -213.644311
-214.965839  -213.648939
-214.987019  -213.653001
-215.036049  -213.659754
-215.053310  -213.661946
-215.083901  -213.662947
-215.097995  -213.662891
-215.121518  -213.663820
-215.136861  -213.666069
-215.147139  -213.666885
-215.158198  -213.670517
-215.169907  -213.674059
-188.387092  -190.049600
-188.440259  -190.056814
-188.547079  -190.065877
-188.578221  -190.070032
-188.702525  -190.081776
-188.731599  -190.086891
-188.811359  -190.091265
-188.840306  -190.091335
-188.885827  -190.085291
-188.906493  -190.091531
-188.942102  -190.099868
-188.961379  -190.104936
-188.991668  -190.108731
-189.008629  -190.111797
-189.031545  -190.113049
-213.220650  -212.986694
-213.280845  -212.994971
-213.418013  -212.997229
-213.459328  -212.998998
-213.534253  -212.987088
-213.551155  -212.992871
-213.574118  -212.996908
-213.583578  -212.993219
-213.593204  -212.987126
-213.598897  -212.984896
-213.608147  -212.983386
-213.615071  -212.986121
-213.620415  -212.991539
-213.625013  -212.995655
-213.628065  -212.997509
-97.599719  -97.479284
-97.602680  -97.478619
-97.613689  -97.471936
-97.615627  -97.469560
-97.619052  -97.469344
-97.459272  -97.393233
-97.627031  -97.466916
-97.628527  -97.468630
-97.630894  -97.470281
-97.631725  -97.470803
-97.630569  -97.469088
-97.634850  -97.469425
-97.636043  -97.468238
-97.637032  -97.467564
-97.639903  -97.464553
-306.039851  -304.005586
-306.046527  -304.006845
-306.077563  -304.014962
-306.089628  -304.019705
-306.101667  -304.023463
-306.116818  -304.026229
-306.127191  -304.026352
-306.133238  -304.024995
-306.136948  -304.022433
-306.139474  -304.021596
-306.141923  -304.021343
-306.145719  -304.021859
-306.146647  -304.021770
-306.149202  -304.021187
-306.151044  -304.020658
-275.754485  -274.938313
-275.787747  -274.942105
-275.913837  -274.944508
-275.954685  -274.930340
-275.980071  -274.928821
-276.058200  -274.933286
-276.083240  -274.942082
-276.104964  -274.956500
-276.134592  -274.975217
-276.159306  -274.987243
-276.176869  -274.993108
-276.186569  -274.995098
-276.198814  -274.997755
-276.212689  -275.001847
-276.224087  -275.008536
-193.184443  -191.581740
-193.216730  -191.582091
-193.307466  -191.565468
-193.327348  -191.564639
-193.376970  -191.554004
-193.390642  -191.561853
-193.413120  -191.569482
-193.427888  -191.572899
-193.437124  -191.571721
-193.445636  -191.568999
-193.451265  -191.567098
-193.456683  -191.568616
-193.460424  -191.571401
-193.463845  -191.574562
-193.466385  -191.575765
-152.217524  -151.194378
-152.236755  -151.198433
-152.291579  -151.205965
-152.318237  -151.207090
-152.340939  -151.209261
-152.363418  -151.214145
-152.382472  -151.217694
-152.393529  -151.220650
-152.414076  -151.225541
-152.429002  -151.226880
-152.440141  -151.227743
-152.451281  -151.229456
-152.464028  -151.228562
-152.471422  -151.229183
-152.480989  -151.232639
-96.014699  -96.803623
-96.017397  -96.804082
-96.022712  -96.805124
-96.024281  -96.805725
-96.025251  -96.806323
-96.026890  -96.806728
-96.028503  -96.806879
-96.029320  -96.806756
-96.002475  -96.795670
-96.030309  -96.806199
-96.031026  -96.806198
-155.951922  -155.870557
-155.973907  -155.875902
-156.032526  -155.887222
-156.045214  -155.889780
-156.068023  -155.896195
-156.092317  -155.902572
-156.105677  -155.906459
-156.139794  -155.915868
-156.155914  -155.918995
-156.168816  -155.921222
-156.190568  -155.924373
-156.209277  -155.926719
-156.227814  -155.930003
-156.247687  -155.935141
-156.271460  -155.942848
-97.677537  -97.513079
-97.681896  -97.514282
-97.694323  -97.518494
-97.696617  -97.518971
-97.702143  -97.519150
-97.703641  -97.518454
-97.705251  -97.518024
-97.706354  -97.516603
-97.707272  -97.517268
-97.708349  -97.519439
-97.709171  -97.518986
-97.710762  -97.517654
-97.711294  -97.518007
-97.712817  -97.519257
-97.714473  -97.519703
-292.083344  -291.809923
-292.115872  -291.811373
-292.210345  -291.810449
-292.251801  -291.804942
-292.309260  -291.795853
-292.379269  -291.782149
-292.429566  -291.777416
-292.485453  -291.777706
-292.521880  -291.779025
-292.562728  -291.780068
-292.605250  -291.778271
-292.646236  -291.780575
-292.694609  -291.780850
-292.721875  -291.781365
-292.742890  -291.780430
-251.392382  -252.547607
-251.409459  -252.549026
-251.463672  -252.543556
-251.474672  -252.543517
-251.496355  -252.548656
-251.520450  -252.546055
-251.529418  -252.544675
-251.552767  -252.544157
-251.567222  -252.535140
-251.575462  -252.537694
-251.588148  -252.548323
-251.597553  -252.548302
-251.620436  -252.546122
-251.633833  -252.534917
-251.643366  -252.536442
-185.155744  -186.399559
-185.219222  -186.398396
-185.318022  -186.374907
-185.331276  -186.375642
-185.378184  -186.389044
-185.385116  -186.394792
-185.386684  -186.396204
-185.391556  -186.403076
-185.393169  -186.401486
-185.395004  -186.397990
-185.395907  -186.398006
-185.396672  -186.398854
-185.397742  -186.400969
-185.401183  -186.407358
-185.402143  -186.410500
-181.398977  -180.388498
-181.430586  -180.394039
-181.525992  -180.406921
-181.557178  -180.411734
-181.606440  -180.421916
-181.640679  -180.429833
-181.676960  -180.436497
-181.704208  -180.438986
-181.726648  -180.438416
-181.737617  -180.437187
-181.745604  -180.436143
-181.753553  -180.434626
-181.761471  -180.436577
-181.772294  -180.440844
-181.776903  -180.444443
-262.614297  -264.892561
-262.640693  -264.898653
-262.749638  -264.922267
-262.796436  -264.929993
-262.820913  -264.933600
-262.912736  -264.942992
-262.942201  -264.945600
-262.982340  -264.950188
-263.010810  -264.955603
-263.056636  -264.965377
-263.085214  -264.971108
-263.114802  -264.978998
-263.151742  -264.990963
-263.192164  -265.006559
-263.241843  -265.028410
-317.926617  -319.324101
-317.962319  -319.332025
-318.064572  -319.348836
-318.097005  -319.351700
-318.148990  -319.356045
-318.186603  -319.359535
-318.220522  -319.363236
-318.252979  -319.365183
-318.279420  -319.364804
-318.304779  -319.363498
-318.329072  -319.361018
-318.347276  -319.359615
-318.362809  -319.359220
-318.375471  -319.358587
-318.389121  -319.358818
-291.960596  -291.727922
-291.982334  -291.729214
-292.053201  -291.730882
-292.075383  -291.730011
-292.109250  -291.728447
-292.139785  -291.723656
-292.152095  -291.723276
-292.173568  -291.724257
-292.185255  -291.722582
-292.196211  -291.721322
-292.205143  -291.721872
-292.214101  -291.723910
-292.222130  -291.725676
-292.225124  -291.726882
-292.229630  -291.727291
-279.158480  -279.460104
-279.166472  -279.460602
-279.188643  -279.461255
-279.193561  -279.461437
-279.197978  -279.462420
-279.202776  -279.464237
-279.208917  -279.468966
-279.210894  -279.468869
-279.214867  -279.470456
-279.216704  -279.471575
-279.219497  -279.473628
-279.221290  -279.474917
-279.223900  -279.477169
-279.224213  -279.480918
-279.226219  -279.479215
-163.510450  -162.897480
-163.536277  -162.905159
-163.593000  -162.921315
-163.613861  -162.926549
-163.636286  -162.931179
-163.656938  -162.933761
-163.681804  -162.934961
-163.705144  -162.935199
-163.726825  -162.934411
-163.744246  -162.935900
-163.773950  -162.937623
-163.793433  -162.941318
-163.828538  -162.944629
-163.845999  -162.950253
-163.886403  -162.956287
-252.642733  -252.644824
-252.687717  -252.652524
-252.796707  -252.670874
-252.825991  -252.675369
-252.880188  -252.685069
-252.921734  -252.694337
-252.953742  -252.703124
-252.993106  -252.716394
-253.017455  -252.726464
-253.038990  -252.735820
-253.059987  -252.746614
-253.081013  -252.758879
-253.101971  -252.772919
-253.114192  -252.781099
-253.124544  -252.787987
-272.285415  -272.370403
-272.313738  -272.373895
-272.381466  -272.379409
-272.396501  -272.380411
-272.427541  -272.383549
-272.450231  -272.387317
-272.475947  -272.393225
-272.500095  -272.400683
-272.520270  -272.409034
-272.544577  -272.420843
-272.569279  -272.431610
-272.616074  -272.450488
-272.661163  -272.465195
-272.717828  -272.485380
-272.750387  -272.499168
-290.377461  -291.116235
-290.432801  -291.121766
-290.596388  -291.133596
-290.640580  -291.137585
-290.709155  -291.144596
-290.755426  -291.149296
-290.805504  -291.154733
-290.850824  -291.159508
-290.879371  -291.162522
-290.902359  -291.165273
-290.923275  -291.168100
-290.948201  -291.170916
-290.968840  -291.172424
-290.988620  -291.172262
-291.003815  -291.171976
-311.367965  -311.388406
-311.416046  -311.394948
-311.551791  -311.400062
-311.585192  -311.394554
-311.658285  -311.376293
-311.708930  -311.364021
-311.746832  -311.361028
-311.776207  -311.361993
-311.809346  -311.361398
-311.845120  -311.356517
-311.876440  -311.350360
-311.903181  -311.345950
-311.931684  -311.337655
-311.956005  -311.340801
-311.988291  -311.343975
-288.186805  -287.708595
-288.237785  -287.723203
-288.424774  -287.759831
-288.456648  -287.760673
-288.531170  -287.762311
-288.583965  -287.762390
-288.619665  -287.770615
-288.661098  -287.786037
-288.700226  -287.803041
-288.739308  -287.819458
-288.767500  -287.833112
-288.798425  -287.846551
-288.818575  -287.856315
-288.839132  -287.864250
-288.850846  -287.871457
-166.111343  -167.225624
-166.143458  -167.232696
-166.239584  -167.248837
-166.265134  -167.252836
-166.327931  -167.255712
-166.345367  -167.254062
-166.380495  -167.228572
-166.407755  -167.240018
-166.432503  -167.242246
-166.456356  -167.236492
-166.475308  -167.232018
-166.498354  -167.224107
-166.510533  -167.227292
-166.541494  -167.230034
-166.557350  -167.239519
-81.297475  -80.517441
-81.303850  -80.519460
-81.319464  -80.524299
-81.323037  -80.525571
-81.327362  -80.527364
-81.330118  -80.528476
-81.332183  -80.529281
-81.334629  -80.530500
-81.336867  -80.531063
-81.340986  -80.532286
-81.343740  -80.533094
-81.347098  -80.534391
-81.351187  -80.536232
-81.355940  -80.539148
-81.358246  -80.540471
-102.305215  -102.733149
-102.308227  -102.732345
-102.316526  -102.726748
-102.318897  -102.724307
-102.320772  -102.721083
-102.322470  -102.720350
-102.324046  -102.715419
-102.325396  -102.717483
-102.326284  -102.718015
-102.327967  -102.717713
-102.328103  -102.712546
-102.329787  -102.714469
-102.330780  -102.714218
-102.331044  -102.715087
-102.331846  -102.714849
-332.493133  -332.368839
-332.523546  -332.375289
-332.627801  -332.392598
-332.651280  -332.395109
-332.694010  -332.399685
-332.721913  -332.402469
-332.749096  -332.404500
-332.773646  -332.406513
-332.794093  -332.410750
-332.824084  -332.415730
-332.842471  -332.420418
-332.865720  -332.427029
-332.887720  -332.432688
-332.909314  -332.438641
-332.926695  -332.443675
-327.426628  -326.800577
-327.443232  -326.801070
-327.500938  -326.794306
-327.513277  -326.790892
-327.529510  -326.789373
-327.549060  -326.783241
-327.557877  -326.786504
-327.572754  -326.795104
-327.582294  -326.796130
-327.589565  -326.795200
-327.597758  -326.793957
-327.604726  -326.794838
-327.611259  -326.798256
-327.616470  -326.800241
-327.621875  -326.801911
-92.630256  -92.239732
-92.665142  -92.245966
-92.740537  -92.250327
-92.756098  -92.251730
-92.786434  -92.249963
-92.796850  -92.251627
-92.822348  -92.255604
-92.831538  -92.255956
-92.836799  -92.256646
-92.840782  -92.258642
-92.847390  -92.260314
-92.852441  -92.263210
-92.858768  -92.264949
-92.864414  -92.266874
-92.869403  -92.268730
-151.682916  -150.312183
-151.703030  -150.317208
-151.769827  -150.329089
-151.787364  -150.331980
-151.825944  -150.338958
-151.839178  -150.342308
-151.855245  -150.348424
-151.877883  -150.359288
-151.904750  -150.379135
-151.918737  -150.385178
-151.945477  -150.393028
-151.971783  -150.407116
-152.031910  -150.445037
-152.050700  -150.469272
-152.080866  -150.474185
-271.876464  -272.657309
-271.966990  -272.672962
-272.231156  -272.709992
-272.317142  -272.720685
-272.484413  -272.737493
-272.596210  -272.747957
-272.759579  -272.758052
-272.834613  -272.776494
-272.937766  -272.797439
-272.985665  -272.809118
-273.025839  -272.812636
-273.071499  -272.819664
-273.126586  -272.826866
-273.195235  -272.839342
-273.248582  -272.848986
-251.405084  -253.076698
-251.418973  -253.076196
-251.462810  -253.067334
-251.485882  -253.047271
-251.497046  -253.041776
-251.515149  -253.041530
-251.528913  -253.026935
-251.538552  -253.022505
-251.552882  -253.022258
-251.569007  -253.008843
-251.583782  -252.995284
-251.604062  -252.970388
-251.619437  -252.952516
-251.650197  -252.929430
-251.683685  -252.897123
-238.971619  -239.685011
-239.030954  -238.417079
-239.012156  -238.402932
-239.086648  -238.558365
-239.110760  -238.592132
-239.131832  -238.621287
-239.155184  -238.645584
-239.179712  -238.670607
-239.194600  -238.691997
-239.212834  -238.719985
-239.243009  -238.762953
-239.274154  -238.807038
-239.276911  -238.806524
-239.279924  -238.805055
-244.107974  -242.760812
-245.997961  -245.717545
-246.037192  -245.765418
-246.094951  -245.844762
-246.119830  -245.874759
-246.139311  -245.897577
-246.159490  -245.922456
-246.172875  -245.938291
-246.178672  -245.945141
-246.188488  -245.955995
-246.191269  -245.960207
-246.196796  -245.969924
-246.204287  -245.983510
-246.256331  -246.047770
-246.285391  -246.079102
-246.303453  -246.097483
-246.321068  -246.116416
-246.341658  -246.138582
-246.347482  -246.145384
-246.351225  -246.151214
-246.351767  -246.153996
-246.352811  -246.157755
-246.348964  -246.156527
-246.352573  -246.165112
-246.355841  -246.173902
-246.356433  -246.177629
-246.361554  -246.184254
-246.368038  -246.192360
-246.373285  -246.202925
-246.376008  -246.212810
-246.377050  -246.224311
-246.377252  -246.232344
-246.170936  -245.912910
-246.224200  -245.966168
-246.242068  -245.987314
-246.259427  -246.003433
-246.266425  -246.005202
-246.268703  -246.006265
-246.270590  -246.004487
-246.267148  -245.999582
-246.269398  -246.003118
-246.267813  -246.001513
-246.281724  -246.017313
-246.291772  -246.027360
-246.301371  -246.039052
-246.309144  -246.049166
-246.314889  -246.059852
-246.309094  -246.063818
-246.300164  -246.067285
-246.292123  -246.074162
-246.286335  -246.070739
-246.283007  -246.073220
-246.269611  -246.070897
-246.243971  -246.067835
-246.234435  -246.063287
-246.238471  -246.071322
-246.237440  -246.071453
-246.242279  -246.079880
-246.255710  -246.099743
-246.275446  -246.125486
-246.300949  -246.152549
-246.321802  -246.174890
-246.342544  -246.203023
-246.350587  -246.221188
-246.346142  -246.222299
-246.345053  -246.229030
-246.341089  -246.240240
-246.337910  -246.246294
-246.333464  -246.246928
-246.323756  -246.240880
-246.310587  -246.228920
-246.298507  -246.217634
-246.288110  -246.208453
-246.277524  -246.199659
-246.276872  -246.200262
-246.277281  -246.200847
-246.285052  -246.208422
-246.295492  -246.217436
-246.304926  -246.227711
-246.309205  -246.235054
-246.315957  -246.247026
-246.320089  -246.252577
-246.323004  -246.252710
-246.327007  -246.253731
-246.331627  -246.256253
-246.329899  -246.259178
-246.330322  -246.262107
-246.327225  -246.257163
-246.322168  -246.254291
-246.322658  -246.251006
-246.321721  -246.248382
-244.579921  -244.830309
-244.594179  -244.843120
-244.612250  -244.867286
-244.635164  -244.898639
-244.639435  -244.906064
-244.641362  -244.910038
-244.635487  -244.907324
-244.624675  -244.899691
-244.622549  -244.899591
-244.611125  -244.895186
-244.596039  -244.894606
-244.601305  -244.904998
-244.604924  -244.915721
-258.125900  -257.933838
-258.103457  -257.920542
-258.084853  -257.911086
-258.072971  -257.906163
-258.062845  -257.901187
-258.065358  -257.902069
-258.066607  -257.903347
-258.064110  -257.897828
-258.064023  -257.899385
-258.058896  -257.895507
-258.059887  -257.893182
-258.262812  -258.083455
-258.306476  -258.127334
-258.342980  -258.180106
-258.355380  -258.198690
-258.369557  -258.217620
-258.378806  -258.228733
-258.398267  -258.239202
-258.405133  -258.250493
-258.408622  -258.251800
-257.335802  -257.624807
-257.526613  -257.836980
-257.556808  -257.875048
-257.573407  -257.903262
-257.592937  -257.942485
-257.606607  -257.970885
-257.623530  -257.992969
-257.634541  -258.006109
-257.645222  -258.021342
-257.654902  -258.041288
-257.658552  -258.053520
-257.661466  -258.063496
-257.665037  -258.069542
-257.666393  -258.076218
-257.662158  -258.084840
-257.657470  -258.087507
-257.651920  -258.089316
-257.659230  -258.100649
-257.667844  -258.115545
-257.670433  -258.125676
-257.669210  -258.131520
-257.663145  -258.136713
-257.661871  -258.141757
-257.654408  -258.154968
-257.654111  -258.162847
-257.653750  -258.166473
-257.660068  -258.171903
-257.678138  -258.185829
-257.692506  -258.197242
-257.713647  -258.214007
-257.723998  -258.223318
-257.748408  -258.243379
-257.765108  -258.255400
-257.777844  -258.263371
-257.786376  -258.268523
-257.789982  -258.271538
-257.803838  -258.285468
-257.822434  -258.301451
-257.840828  -258.316550
-257.867546  -258.339267
-259.609225  -259.696938
-259.640603  -259.735468
-259.641176  -259.739514
-259.640037  -259.738711
-259.644961  -259.740755
-259.656699  -259.748481
-259.663106  -259.753079
-259.661503  -259.749856
-259.663177  -259.748958
-251.702996  -251.647518
-253.229979  -253.234836
-253.265401  -253.269756
-253.321526  -253.319825
-253.337076  -253.335527
-253.349662  -253.349867
-253.360466  -253.359593
-253.377939  -253.374416
-253.389594  -253.383883
-253.392553  -253.384031
-253.397538  -253.384078
-253.407222  -253.394879
-253.410241  -253.400481
-253.405660  -253.394639
-253.406161  -253.398736
-253.407559  -253.404754
-253.409190  -253.408455
-173.493988  -173.080293
-173.651866  -173.251502
-173.657564  -173.258224
-173.650598  -173.249725
-173.625298  -173.222174
-173.621905  -173.220584
-173.603707  -173.209412
-173.614150  -173.222899
-173.629763  -173.240030
-173.646733  -173.254978
-173.668363  -173.269137
-173.763520  -173.359924
-173.776022  -173.371078
-173.787923  -173.382208
-173.814018  -173.403406
-173.833598  -173.422926
-173.851910  -173.439896
-173.858424  -173.444419
-173.874102  -173.461853
-173.908346  -173.499256
-173.919556  -173.506949
-173.957899  -173.547558
-173.971711  -173.566668
-173.981508  -173.580215
-174.005639  -173.611385
-174.014584  -173.623175
-174.024175  -173.636561
-174.041799  -173.661540
-174.090101  -173.717577
-174.111797  -173.740051
-174.257281  -173.891812
-174.266663  -173.905449
-174.273090  -173.915278
-174.278221  -173.919036
-174.278808  -173.916462
-174.275240  -173.910397
-263.168938  -262.307730
-263.168938  -262.307730
-264.542288  -264.366034
-264.552091  -264.386501
-264.575758  -264.427388
-264.971641  -264.931203
-264.984001  -264.949396
-265.004598  -264.976077
-265.020041  -264.995177
-265.031320  -265.009060
-265.046385  -265.027011
-265.062686  -265.048175
-265.077751  -265.068097
-265.108416  -265.106068
-265.129382  -265.132746
-265.158219  -265.166519
-265.177600  -265.189166
-265.212043  -265.229112
-265.234030  -265.258004
-265.250093  -265.276980
-265.275907  -265.305264
-265.288231  -265.318906
-265.377589  -265.418037
-265.393226  -265.432304
-265.399197  -265.437187
-265.399063  -265.434970
-265.396381  -265.429378
-265.400233  -265.432500
-265.415471  -265.453583
-265.424901  -265.463032
-265.440665  -265.479151
-265.453813  -265.494103
-265.473355  -265.517442
-265.488299  -265.534802
-265.499401  -265.545202
-265.504138  -265.549980
-265.511262  -265.554129
-265.507354  -265.550586
-265.512534  -265.559169
-265.512725  -265.566846
-265.507796  -265.566837
-265.504198  -265.565310
-265.501374  -265.561967
-265.500439  -265.560907
-265.500752  -265.562679
-265.501009  -265.562658
-265.492002  -265.554940
-265.486814  -265.550174
-265.727176  -265.822781
-265.743129  -265.842160
-265.757879  -265.863476
-265.774243  -265.886514
-265.795884  -265.916470
-265.805452  -265.932676
-265.807723  -265.940202
-265.807625  -265.944229
-265.807987  -265.946566
-265.807894  -265.946632
-265.805598  -265.944810
-265.803292  -265.943006
-265.802313  -265.941277
-265.801266  -265.940179
-265.799395  -265.937487
-265.797120  -265.935867
-265.791584  -265.931506
-261.862095  -261.977063
-261.875999  -261.995425
-261.905541  -262.046646
-261.913252  -262.078095
-261.908377  -262.090067
-261.891859  -262.091492
-261.892708  -262.093918
-261.899389  -262.099241
-261.921465  -262.119476
-261.941778  -262.147121
-261.950402  -262.164786
-261.943137  -262.162253
-261.911809  -262.146187
-261.876448  -262.133756
-261.855796  -262.133593
-261.869857  -262.276564
-261.881765  -262.286253
-261.900133  -262.306051
-261.925375  -262.336659
-261.930522  -262.345247
-261.958987  -262.380661
-264.117191  -263.922744
-264.238751  -264.001294
-264.254703  -264.009283
-264.278433  -264.024617
-264.299303  -264.038477
-264.305992  -264.041484
-264.317641  -264.036680
-264.322713  -264.038223
-264.330067  -264.044290
-264.329226  -264.048429
-264.323146  -264.049633
-264.309328  -264.048266
-264.306529  -264.061203
-264.294832  -264.070121
-264.288430  -264.072777
-264.241918  -264.056353
-264.216885  -264.046541
-264.222722  -264.059113
-264.240044  -264.091022
-264.249411  -264.107297
-264.252966  -264.112075
-264.268039  -264.127886
-264.290816  -264.152381
-264.414216  -264.335330
-264.419657  -264.340843
-264.417014  -264.340232
-264.410371  -264.337573
-264.400789  -264.332538
-264.400224  -264.331440
-264.395404  -264.319930
-264.390583  -264.310872
-264.391122  -264.304398
-264.394009  -264.299168
-264.396626  -264.303252
-264.393527  -264.301656
-264.393645  -264.307544
-264.399435  -264.321566
-264.404368  -264.330362
-264.412298  -264.351779
-264.427643  -264.384607
-264.465761  -264.436431
-264.510198  -264.489426
-264.528860  -264.510322
-264.557929  -264.542024
-264.602174  -264.591516
-264.619290  -264.609185
-264.647032  -264.635445
-264.843047  -264.873622
-264.855315  -264.886573
-264.869643  -264.899076
-264.875064  -264.904880
-264.921288  -264.961629
-265.096750  -265.175495
-265.104114  -265.184571
-265.116845  -265.198361
-265.124814  -265.209160
-265.202143  -265.331194
-265.210819  -265.344459
-265.221039  -265.362497
-265.228331  -265.376271
-265.232156  -265.385642
-265.234415  -265.393310
-265.238846  -265.400172
-265.244982  -265.405612
-265.249390  -265.409627
-265.256013  -265.414946
-265.264115  -265.424107
-265.287415  -265.450039
-265.315825  -265.478338
-265.355664  -265.522535
-265.373234  -265.544242
-186.748406  -186.298193
-186.765874  -186.317206
-186.784811  -186.339210
-186.828227  -186.396534
-186.916199  -186.512522
-186.939585  -186.541393
-186.950851  -186.556823
-186.963886  -186.575214
-186.985818  -186.604257
-187.008242  -186.633633
-187.018329  -186.650739
-187.023768  -186.669074
-187.026034  -186.693319
-187.032572  -186.710280
-187.040332  -186.723863
-187.047835  -186.736170
-187.057603  -186.751005
-187.071963  -186.772175
-187.078106  -186.783502
-187.084397  -186.791106
-187.098183  -186.806725
-187.113062  -186.824914
-187.131366  -186.852930
-187.137194  -186.861146
-187.143500  -186.870122
-187.146246  -186.874186
-187.145276  -186.874354
-187.141052  -186.870935
-187.137186  -186.870589
-187.141417  -186.877966
-187.142648  -186.883365
-187.141201  -186.882106
-187.141724  -186.882019
-166.312007  -165.733709
-166.327425  -165.747248
-166.337414  -165.753654
-166.349479  -165.763804
-166.364422  -165.777434
-166.380448  -165.792835
-166.405812  -165.815164
-166.438271  -165.848641
-166.505315  -165.919034
-166.548350  -165.956604
-166.595806  -166.006000
-166.609680  -166.023221
-166.638513  -166.058114
-166.661316  -166.086176
-166.698244  -166.131136
-166.723726  -166.159229
-166.735270  -166.171826
-166.755223  -166.192488
-166.776869  -166.216237
-166.796039  -166.241583
-166.811038  -166.260806
-166.832911  -166.288978
-166.891982  -166.367078
-166.935880  -166.415389
-166.978921  -166.458817
-166.996272  -166.477188
-167.005238  -166.482855
-167.017454  -166.496989
-167.033722  -166.515114
-167.041763  -166.521399
-167.044876  -166.517816
-167.052475  -166.527000
-167.062591  -166.541201
-167.064280  -166.546354
-167.065799  -166.550118
-167.069827  -166.554641
-167.086068  -166.578210
-167.096437  -166.588816
-167.096837  -166.587928
-167.103257  -166.595792
-157.653749  -157.089690
-158.137178  -157.790182
-158.012804  -157.963388
-158.037658  -157.990242
-158.055371  -158.012585
-158.053868  -158.014781
-158.066275  -158.026500
-158.084105  -158.044167
-158.101287  -158.063862
-158.129768  -158.112728
-158.337329  -158.389967
-158.358082  -158.420067
-158.371768  -158.440345
-158.377409  -158.450861
-158.384041  -158.460435
-158.387340  -158.467711
-158.389531  -158.472533
-158.402914  -158.487519
-158.416291  -158.503800
-158.415014  -158.501020
-158.416428  -158.501099
-158.413926  -158.500488
